date,elapsed_time,user_time,sys_time,max_memory
2020-01-01,7.8663649559021,3.6,0.5,3623157760
2020-01-10,4.420885324478149,3.7,0.52,3630006272
2020-01-12,4.269791841506958,3.79,0.48,3622244352
2020-01-19,4.62541127204895,3.79,0.49,3625500672
2020-01-24,4.280990362167358,3.77,0.5,3623071744
2020-01-25,4.26958966255188,3.77,0.5,3631996928
2020-01-28,4.31065034866333,3.78,0.54,3635945472
2020-01-29,4.815557956695557,4.22,0.61,3645403136
2020-01-30,4.696470737457275,4.2,0.52,3649052672
2020-01-31,4.6518895626068115,4.13,0.53,3623956480
2020-02-01,4.925726890563965,4.38,0.56,3656249344
2020-02-02,4.867734670639038,4.32,0.59,3643801600
2020-02-03,4.880997896194458,4.35,0.54,3637772288
2020-02-04,4.6743645668029785,4.15,0.57,3646070784
2020-02-05,4.467983245849609,3.95,0.54,3622318080
2020-02-06,4.524814128875732,4.05,0.53,3641470976
2020-02-07,4.812383413314819,4.2,0.63,3627036672
2020-02-08,4.491939306259155,4.0,0.53,3634499584
2020-02-09,4.637173652648926,4.11,0.56,3628019712
2020-02-10,4.463078260421753,3.99,0.52,3648819200
2020-02-11,4.687709093093872,4.18,0.51,3620192256
2020-02-13,4.477650880813599,3.97,0.5,3620360192
2020-02-14,4.466238498687744,3.94,0.54,3630632960
2020-02-15,4.489611625671387,4.02,0.51,3640705024
2020-02-16,4.6746532917022705,4.15,0.53,3623784448
2020-02-17,4.231502294540405,3.74,0.48,3620646912
2020-02-18,4.262540578842163,3.76,0.5,3621031936
2020-02-19,4.25674033164978,3.76,0.49,3623010304
2020-02-20,4.647677183151245,4.11,0.54,3618062336
2020-02-21,4.646665096282959,4.09,0.59,3622182912
2020-02-22,4.261908054351807,3.7,0.57,3617431552
2020-02-23,4.2063469886779785,3.65,0.56,3619663872
2020-02-24,4.471256732940674,3.99,0.51,3632922624
2020-02-25,4.482362985610962,3.98,0.54,3638411264
2020-02-26,4.698454141616821,4.17,0.57,3654389760
2020-02-27,4.755987167358398,4.34,0.57,3684212736
2020-02-28,4.8208677768707275,4.33,0.61,3688030208
2020-02-29,4.756620407104492,4.32,0.57,3687936000
2020-03-01,4.814543962478638,4.31,0.58,3660992512
2020-03-02,5.2255871295928955,4.76,0.6,3676725248
2020-03-03,5.338083267211914,4.86,0.62,3713830912
2020-03-04,5.2042412757873535,4.85,0.58,3719720960
2020-03-05,5.181812286376953,4.81,0.61,3732586496
2020-03-06,5.580989599227905,5.12,0.69,3733893120
2020-03-07,5.298747777938843,4.94,0.61,3695996928
2020-03-08,5.11132287979126,4.73,0.64,3713404928
2020-03-09,5.286118268966675,5.03,0.6,3771535360
2020-03-10,5.443209886550903,5.36,0.7,3824779264
2020-03-11,5.863945722579956,6.29,0.67,3834241024
2020-03-12,6.2667505741119385,6.81,0.7,3848548352
2020-03-13,5.875710964202881,6.55,0.62,3848097792
2020-03-14,6.108411073684692,6.66,0.69,3857342464
2020-03-15,5.777869462966919,6.34,0.69,3868401664
2020-03-16,6.307663679122925,8.23,0.71,3893682176
2020-03-17,6.367338180541992,8.63,0.75,3919998976
2020-03-18,6.51397967338562,9.49,0.74,3888250880
2020-03-19,6.907590866088867,12.64,0.73,3917783040
2020-03-20,7.371414422988892,17.76,0.82,3946782720
2020-03-21,7.34673285484314,17.6,0.79,3948285952
2020-03-22,7.4947075843811035,17.81,0.82,3954159616
2020-03-23,8.444726943969727,27.93,0.83,3998089216
2020-03-24,9.023444175720215,38.22,0.91,4052713472
2020-03-25,9.057450532913208,42.19,1.0,4084760576
2020-03-26,9.253891229629517,45.71,1.0,4149633024
2020-03-27,9.89224648475647,60.77,1.1,4246224896
2020-03-28,9.393948554992676,63.58,1.14,4353523712
2020-03-29,9.541157722473145,70.64,1.13,4434386944
2020-03-30,11.12498664855957,116.28,1.36,4703514624
2020-03-31,10.74338150024414,103.27,1.3,4794699776
2020-04-01,11.52387547492981,148.66,1.54,5058985984
2020-04-02,10.141449928283691,108.19,1.35,4955934720
2020-04-03,10.479487657546997,113.7,1.4,5146624000
2020-04-04,9.320537090301514,83.75,1.25,4865105920
2020-04-05,8.803421974182129,77.76,1.19,4877299712
2020-04-06,11.07937240600586,128.42,1.72,5442027520
2020-04-07,10.651602745056152,119.49,1.61,5538746368
2020-04-08,10.27869439125061,121.95,1.59,5612638208
2020-04-09,10.079630613327026,111.96,1.47,5420003328
2020-04-10,10.258326292037964,117.92,1.6,5657047040
2020-04-11,9.629442930221558,98.37,1.53,5749297152
2020-04-12,9.194873094558716,97.35,1.47,5740990464
2020-04-13,11.050946235656738,150.17,1.8,6148841472
2020-04-14,10.43781304359436,126.44,1.7,6045712384
2020-04-15,9.735630512237549,118.05,1.59,5920133120
2020-04-16,10.071018934249878,119.83,1.64,6155644928
2020-04-17,10.054986953735352,129.88,1.71,6518431744
2020-04-18,9.626022815704346,108.02,1.56,6397112320
2020-04-19,8.554204940795898,71.88,1.28,5542871040
2020-04-20,10.602676153182983,150.28,1.92,7046672384
2020-04-21,10.501239538192749,152.99,1.92,7463657472
2020-04-22,10.722749948501587,169.45,2.04,7413882880
2020-04-23,10.328506469726562,163.76,1.85,7074111488
2020-04-24,10.017106771469116,150.11,1.86,7320477696
2020-04-25,8.293308973312378,60.29,1.22,5656252416
2020-04-26,8.732710123062134,89.83,1.5,6448492544
2020-04-27,10.401904582977295,172.59,2.08,8648409088
2020-04-28,9.515063285827637,110.11,1.65,7010914304
2020-04-29,10.65720009803772,156.94,2.01,7805104128
2020-04-30,10.38991379737854,157.13,2.02,8864231424
2020-05-01,10.944313526153564,202.13,2.4,11900137472
2020-05-02,9.064374446868896,89.22,1.52,6963425280
2020-05-03,8.939427375793457,74.49,1.39,6415773696
2020-05-04,10.129960298538208,120.66,1.82,7129608192
2020-05-05,10.755414962768555,194.49,2.34,9863479296
2020-05-06,10.463181495666504,143.24,2.02,7653453824
2020-05-07,9.48526906967163,100.43,1.64,6562893824
2020-05-08,9.495761632919312,122.77,1.88,9508728832
2020-05-09,9.62160038948059,95.66,1.62,8045760512
2020-05-10,8.62891173362732,77.71,1.32,6377910272
2020-05-11,10.996219396591187,178.24,2.18,8798871552
2020-05-12,10.823383808135986,169.38,2.22,8674500608
2020-05-13,11.337670803070068,211.08,2.69,9931022336
2020-05-14,10.449535131454468,157.47,2.12,11291725824
2020-05-15,9.504164934158325,87.99,1.6,7391977472
2020-05-16,8.936038255691528,63.84,1.29,6526066688
2020-05-17,8.76618504524231,66.09,1.4,6319169536
2020-05-18,10.439746856689453,139.69,2.03,8994607104
2020-05-19,10.139873504638672,153.21,2.08,11871600640
2020-05-20,9.460870742797852,103.17,1.75,8715898880
2020-05-21,9.601110935211182,88.76,1.68,9820049408
2020-05-22,9.299448013305664,103.19,1.62,9126887424
2020-05-23,8.731830835342407,59.13,1.25,7204741120
2020-05-24,8.595185041427612,48.99,1.17,7644487680
2020-05-25,9.013716697692871,56.73,1.3,6709960704
2020-05-26,9.047089576721191,51.8,1.21,5518589952
2020-05-27,9.924326181411743,133.12,1.96,10207469568
2020-05-28,9.065943002700806,65.88,1.34,7608643584
2020-05-29,8.744392156600952,72.77,1.42,8058195968
2020-05-30,8.617666959762573,45.96,1.18,6129385472
2020-05-31,8.177958250045776,26.38,0.89,5215428608
2020-06-01,11.65413784980774,242.64,3.04,15269634048
2020-06-02,9.888700723648071,130.29,2.09,11393843200
2020-06-03,8.93121600151062,71.55,1.47,8615174144
2020-06-04,8.981306791305542,68.52,1.36,6897872896
2020-06-05,8.90990924835205,80.94,1.48,8182923264
2020-06-06,8.946128368377686,50.64,1.17,6888251392
2020-06-07,10.077058553695679,167.69,2.35,12334346240
2020-06-08,11.530970335006714,247.87,3.05,13413289984
2020-06-09,11.554007768630981,221.04,2.89,12784259072
2020-06-10,11.60715126991272,214.31,2.77,11160436736
2020-06-11,12.135486602783203,248.89,3.07,12187787264
2020-06-12,11.986440420150757,194.14,2.67,11441631232
2020-06-13,11.098351240158081,167.49,2.42,11871182848
2020-06-14,11.055351972579956,160.63,2.29,10032881664
2020-06-15,12.710622549057007,269.0,3.21,14234845184
2020-06-16,11.60751485824585,215.93,2.69,12329582592
2020-06-17,11.595620155334473,178.81,2.49,11166208000
2020-06-18,11.864284038543701,247.56,3.14,15002812416
2020-06-19,12.165474891662598,259.19,3.23,16921223168
2020-06-20,10.348034143447876,90.49,1.57,6637060096
2020-06-21,10.751968383789062,129.1,2.07,10089684992
2020-06-22,10.93133807182312,116.66,1.83,8356192256
2020-06-23,12.11827039718628,228.23,2.86,13248520192
2020-06-24,12.239168167114258,195.95,2.65,12281724928
2020-06-25,11.004455804824829,131.67,1.99,9467871232
2020-06-26,10.735952138900757,100.04,1.79,10099294208
2020-06-27,9.919325113296509,46.26,1.11,5996597248
2020-06-28,9.546122312545776,40.79,1.1,5797339136
2020-06-29,11.88792634010315,177.55,2.54,12607877120
2020-06-30,11.178693056106567,181.36,2.63,18778263552
2020-07-01,11.254299879074097,148.73,2.24,10012254208
2020-07-02,13.636401653289795,383.5,4.26,20990971904
2020-07-03,10.343838930130005,66.45,1.39,6358052864
2020-07-04,10.370057106018066,66.04,1.35,6051205120
2020-07-05,9.311094522476196,42.14,1.11,6246375424
2020-07-06,10.82852816581726,109.85,1.89,10504540160
2020-07-07,12.141074895858765,208.89,2.99,16352256000
2020-07-08,10.973129034042358,102.2,1.89,9986596864
2020-07-09,10.003345489501953,57.99,1.37,7704625152
2020-07-10,10.133994817733765,69.8,1.46,8209862656
2020-07-11,10.018025159835815,88.8,1.64,9304952832
2020-07-12,9.532214879989624,76.17,1.49,10127544320
2020-07-13,11.61636233329773,110.19,1.87,9215012864
2020-07-14,11.216524124145508,140.68,2.23,12067590144
2020-07-15,13.960369348526001,239.49,3.18,16536059904
2020-07-16,11.801078796386719,149.46,2.5,11737853952
2020-07-17,12.90497875213623,201.16,2.76,13245538304
2020-07-18,11.88191556930542,114.46,1.98,12706697216
2020-07-19,10.035867929458618,50.08,1.3,5668462592
2020-07-20,12.015430688858032,91.38,1.76,8854528000
2020-07-21,12.281076192855835,143.33,2.29,11841716224
2020-07-22,11.386371374130249,93.1,1.82,8699510784
2020-07-23,12.957152366638184,140.57,2.23,11808657408
2020-07-24,11.947148084640503,156.95,2.45,13052903424
2020-07-25,10.7349214553833,48.72,1.28,5654974464
2020-07-26,10.457949876785278,50.34,1.26,6823391232
2020-07-27,12.532062292098999,115.13,2.03,9151893504
2020-07-28,11.970940589904785,103.38,1.88,8522153984
2020-07-29,12.066307306289673,120.3,2.12,9213427712
2020-07-30,11.460094928741455,115.0,2.06,9846341632
2020-07-31,10.696230173110962,75.04,1.58,9000443904
2020-08-01,10.650753498077393,46.02,1.25,6054088704
2020-08-02,11.28077483177185,96.82,1.77,8977240064
2020-08-03,12.78907561302185,145.29,2.27,11677921280
2020-08-04,12.194494485855103,169.62,2.71,13113577472
2020-08-05,12.005557537078857,214.47,3.11,17283399680
2020-08-06,13.328964710235596,260.89,3.48,22073298944
2020-08-07,11.548115015029907,80.89,1.58,8345104384
2020-08-08,11.527354001998901,48.57,1.26,6313746432
2020-08-09,11.227253675460815,105.34,1.85,10618253312
2020-08-10,12.6384437084198,186.97,2.71,12304982016
2020-08-11,13.423664331436157,195.32,3.01,15573987328
2020-08-12,12.496739864349365,183.14,2.84,15074869248
2020-08-13,12.3787362575531,157.13,2.51,13000192000
2020-08-14,12.032320022583008,133.18,2.31,11897344000
2020-08-15,10.230968952178955,59.47,1.38,7374925824
2020-08-16,10.212372064590454,77.29,1.55,9179914240
2020-08-17,14.844004392623901,286.93,3.76,19489755136
2020-08-18,14.176646709442139,287.12,3.73,18771746816
2020-08-19,12.566030025482178,168.07,2.53,15312097280
2020-08-20,14.320467233657837,264.46,3.49,20093853696
2020-08-21,13.92710542678833,310.9,3.9,27313332224
2020-08-22,10.881856203079224,60.75,1.32,7955386368
2020-08-23,10.487094640731812,58.39,1.32,7496953856
2020-08-24,14.668533563613892,355.16,4.15,19764563968
2020-08-25,13.511895656585693,219.69,3.25,16271585280
2020-08-26,15.867009401321411,438.42,5.04,25975828480
2020-08-27,13.843902111053467,229.23,3.19,16051957760
2020-08-28,13.59682822227478,192.98,2.9,13170610176
2020-08-29,12.997888803482056,89.33,1.78,9411088384
2020-08-30,13.296296834945679,198.72,2.95,17883357184
2020-08-31,16.451338291168213,393.56,4.8,23992504320
2020-09-01,17.26285457611084,418.74,4.91,24825683968
2020-09-02,13.440776824951172,218.1,3.16,17895501824
2020-09-03,14.854523181915283,333.59,3.84,19672793088
2020-09-04,13.499846935272217,200.41,2.8,15332458496
2020-09-05,12.701878547668457,61.59,1.3,7847976960
2020-09-06,10.813184022903442,31.3,0.99,5785362432
2020-09-07,14.520610570907593,277.7,3.69,19144392704
2020-09-08,14.5284423828125,233.16,3.16,19282513920
2020-09-09,16.800580501556396,366.57,4.68,20282339328
2020-09-10,19.876445531845093,625.67,6.97,27303624704
2020-09-11,13.646419048309326,219.33,3.13,19200917504
2020-09-12,10.286905288696289,31.13,1.07,6419255296
2020-09-13,12.172062158584595,38.93,1.08,6245552128
2020-09-14,14.410669803619385,146.46,2.35,11374706688
2020-09-15,15.461678743362427,328.74,3.79,18993938432
2020-09-16,20.108306169509888,411.15,5.0,17250824192
2020-09-17,14.283440113067627,146.85,2.4,13126508544
2020-09-18,13.037113666534424,151.41,2.46,12958781440
2020-09-19,13.81700587272644,151.96,2.32,10385747968
2020-09-20,13.244184255599976,159.43,2.56,12485414912
2020-09-21,17.697048902511597,382.67,4.45,17123692544
2020-09-22,13.668850660324097,139.42,2.37,9320525824
2020-09-23,19.010015964508057,490.72,6.49,18159259648
2020-09-24,24.83403205871582,640.82,7.45,18861776896
2020-09-25,17.45111608505249,390.65,4.71,21016682496
2020-09-26,13.129100322723389,60.68,1.34,6994128896
2020-09-27,14.157768726348877,112.62,2.1,7576231936
2020-09-28,13.926406860351562,141.0,2.35,9852891136
2020-09-29,14.638322591781616,175.67,2.76,11772973056
2020-09-30,18.69084143638611,439.85,4.85,21377908736
2020-10-01,22.91737413406372,638.21,7.28,32669798400
2020-10-02,17.496442317962646,293.17,3.61,14439321600
2020-10-03,18.108250379562378,383.77,4.35,16874196992
2020-10-04,15.612181901931763,118.43,1.98,8597979136
2020-10-05,23.194846868515015,643.52,7.12,23846338560
2020-10-06,22.796791553497314,627.67,7.08,22987132928
2020-10-07,22.171442985534668,561.92,6.48,18986790912
2020-10-08,18.173640966415405,259.96,3.51,11541131264
2020-10-09,17.841802835464478,311.66,3.77,13362892800
2020-10-10,15.22943639755249,160.96,2.5,11538366464
2020-10-11,16.190204620361328,200.77,2.89,11610718208
2020-10-12,21.53845477104187,561.19,6.22,18684837888
2020-10-13,18.85429883003235,409.63,4.72,17352572928
2020-10-14,19.930754899978638,486.58,5.55,18517569536
2020-10-15,32.365320682525635,1287.21,12.56,36373823488
2020-10-16,18.680011749267578,401.6,4.88,20318019584
2020-10-17,18.66003704071045,325.27,4.11,12707192832
2020-10-18,14.33734655380249,130.47,2.07,9155219456
2020-10-19,23.51641273498535,598.52,6.82,22193831936
2020-10-20,24.616755485534668,710.49,7.89,21050494976
2020-10-21,34.19305753707886,1337.01,13.82,36688818176
2020-10-22,31.729106187820435,1046.75,11.03,30218129408
2020-10-23,20.925469398498535,489.14,5.45,23058255872
2020-10-24,19.35571026802063,442.16,5.16,18371735552
2020-10-25,14.554814338684082,155.29,2.35,9420804096
2020-10-26,27.90766167640686,894.77,9.67,27518910464
2020-10-27,20.96432614326477,517.39,5.72,18699059200
2020-10-28,20.007236003875732,347.84,4.16,18388881408
2020-10-29,23.54948115348816,673.17,7.21,24691097600
2020-10-30,22.284936666488647,493.47,5.66,20597727232
2020-10-31,16.795677423477173,223.23,2.93,12554276864
2020-11-01,32.97866225242615,1304.5,13.16,35497631744
2020-11-02,40.02547526359558,1590.26,17.54,35794100224
2020-11-03,27.1915922164917,917.44,8.8,26984927232
2020-11-04,35.81608986854553,1190.36,12.61,32254640128
2020-11-05,35.12520718574524,1393.79,13.44,35719786496
2020-11-06,27.059863805770874,856.58,8.86,35561353216
2020-11-07,23.753459453582764,785.5,8.45,24115089408
2020-11-08,34.0123450756073,1234.26,13.1,28272377856
2020-11-09,34.268922090530396,1265.51,12.95,34584182784
2020-11-10,26.5616717338562,833.21,8.48,28369653760
2020-11-11,34.23544979095459,1271.39,12.72,31020216320
2020-11-12,31.697214603424072,1213.92,12.01,33750601728
2020-11-13,42.815765142440796,1987.76,17.84,43143569408
2020-11-14,36.57759714126587,1528.68,15.75,36129587200
2020-11-15,28.902652978897095,850.55,8.5,25361383424
2020-11-16,25.378514289855957,812.48,8.38,29631926272
2020-11-17,30.49727487564087,1142.47,10.76,35005145088
2020-11-18,42.809078216552734,1924.26,18.58,42361671680
2020-11-19,22.404991626739502,569.67,6.04,25689653248
2020-11-20,31.503076553344727,1299.43,12.48,41255825408
2020-11-21,24.755485773086548,634.3,6.76,22341136384
2020-11-22,28.93667697906494,873.01,8.98,24040902656
2020-11-23,31.72441792488098,1076.82,10.26,31933693952
2020-11-24,24.99235486984253,649.87,6.58,26181451776
2020-11-25,26.946960926055908,832.93,8.24,29565165568
2020-11-26,25.508089065551758,561.86,5.64,21621960704
2020-11-27,29.50160527229309,1081.57,10.08,32761880576
2020-11-28,22.272524118423462,476.31,5.01,22466547712
2020-11-29,22.448248147964478,455.68,4.75,21139767296
2020-11-30,32.629944801330566,1384.54,13.18,40248381440
2020-12-01,38.171576499938965,1817.57,15.67,43080798208
2020-12-02,37.58933877944946,1601.1,14.17,45910433792
2020-12-03,28.8375244140625,943.31,8.4,32652480512
2020-12-04,26.760711431503296,923.66,8.82,33786400768
2020-12-05,22.114486694335938,547.64,5.68,21268107264
2020-12-06,27.20239019393921,877.0,7.76,29808189440
2020-12-07,36.12251806259155,1483.82,14.04,39022276608
2020-12-08,29.726388454437256,1134.1,10.8,37084766208
2020-12-09,43.36148715019226,2095.68,18.67,43548839936
2020-12-10,51.72265148162842,2515.67,24.19,45307121664
2020-12-11,139.20553994178772,3373.42,29.09,44307308544
2020-12-12,61.52883291244507,3257.61,28.01,43341602816
2020-12-13,44.90265607833862,1851.99,17.29,45283254272
2020-12-14,64.4455840587616,3534.72,31.98,47552651264
2020-12-15,68.63488435745239,3755.48,32.27,49269166080
2020-12-16,70.71756172180176,3005.81,26.5,44003254272
2020-12-17,47.99122953414917,2237.92,19.44,48311668736
2020-12-18,47.534615993499756,1890.73,17.05,44603580416
2020-12-19,44.75215291976929,2074.85,16.73,58973347840
2020-12-20,35.49586844444275,1481.79,12.44,43529080832
2020-12-21,49.73513650894165,2407.51,20.8,61221105664
2020-12-22,31.132263898849487,952.44,8.7,27110580224
2020-12-23,30.74989652633667,933.03,8.77,38495137792
2020-12-24,28.986219882965088,941.39,9.14,31627079680
2020-12-25,27.72378134727478,449.01,4.64,16033370112
2020-12-26,33.669095039367676,1190.91,10.94,24443699200
2020-12-27,35.102733850479126,1479.91,12.71,45737566208
2020-12-28,41.84528613090515,1805.42,15.62,46872641536
2020-12-29,51.56955027580261,2184.64,19.72,44501651456
2020-12-30,40.50070810317993,1716.81,13.94,37681954816
2021-01-01,33.56024360656738,1010.93,9.03,27301019648
2021-01-02,50.577807903289795,2138.84,19.71,34926444544
2021-01-03,51.70200824737549,2264.34,19.57,42862870528
2021-01-04,56.009345293045044,2718.33,25.53,53603487744
2021-01-05,57.38527035713196,2677.34,25.72,47416516608
2021-01-06,46.42549133300781,1780.5,16.01,41470922752
2021-01-07,49.437002182006836,2007.04,18.97,38136193024
2021-01-08,49.08396601676941,2189.1,20.8,47849537536
2021-01-09,59.61780786514282,2966.16,27.95,54916984832
2021-01-10,49.14092254638672,2125.76,19.93,44652670976
2021-01-11,66.32221984863281,3456.15,31.55,52530896896
2021-01-12,77.8495545387268,4219.76,39.67,46476148736
2021-01-13,61.10169291496277,2953.81,26.56,54364823552
2021-01-14,56.53354358673096,2723.63,26.48,44922867712
2021-01-15,67.65261793136597,3439.78,33.11,44749971456
2021-01-16,65.23649787902832,3385.99,30.24,52007706624
2021-01-17,57.7309410572052,2695.21,26.44,45640368128
2021-01-18,66.58348083496094,3323.58,33.84,48416784384
2021-01-19,65.14323353767395,3036.71,28.54,45573480448
2021-01-20,57.95050597190857,2710.27,27.0,43719958528
2021-01-21,53.933714389801025,2573.84,24.15,47572230144
2021-01-22,62.42557072639465,3018.71,30.59,43311435776
2021-01-23,58.06908345222473,2787.27,26.53,45789491200
2021-01-24,58.193711280822754,2963.64,27.19,47885922304
2021-01-25,117.64350914955139,7338.47,67.88,50392977408
2021-01-26,96.7079405784607,5474.93,51.66,50949439488
2021-01-27,110.6894850730896,6634.51,61.92,53317087232
2021-01-28,91.15972089767456,5468.07,49.55,54309224448
2021-01-29,106.08839464187622,6211.45,58.33,57776484352
2021-01-30,80.57268714904785,4443.96,43.22,57287602176
2021-01-31,62.48575496673584,3222.72,29.45,51729600512
2021-02-01,103.45061540603638,6397.75,55.08,57365180416
2021-02-02,80.71377491950989,4430.74,37.09,55521247232
2021-02-03,81.96411156654358,4777.54,41.02,56608354304
2021-02-04,92.23643231391907,5289.92,46.03,59009150976
2021-02-05,68.29965662956238,3720.28,32.02,53673218048
2021-02-06,75.6547281742096,4141.92,34.52,61026050048
2021-02-07,81.75054860115051,4746.9,40.68,58317627392
2021-02-08,142.09833788871765,9078.22,73.73,64857714688
2021-02-09,123.3956835269928,7968.21,66.44,65194962944
2021-02-10,120.02960467338562,7639.15,63.97,57878781952
2021-02-11,117.72129082679749,7382.66,60.66,61801414656
2021-02-12,111.07406616210938,6979.08,58.57,61611933696
2021-02-13,118.24907088279724,7102.35,57.53,66227253248
2021-02-14,103.65503859519958,6219.32,50.53,63672606720
2021-02-15,156.77308773994446,10273.8,83.31,67157630976
2021-02-16,153.78013491630554,10113.2,78.23,72688955392
2021-02-17,110.52425408363342,6896.75,53.62,61734817792
2021-02-18,98.67403674125671,6205.72,47.65,68773347328
2021-02-19,109.96970224380493,6677.36,52.21,67780186112
2021-02-20,108.60502004623413,6686.75,51.33,75755114496
2021-02-21,119.00557398796082,7459.6,56.91,73085935616
2021-02-22,165.81320881843567,9269.5,69.29,84352348160
2021-02-23,122.84924030303955,7304.07,55.6,77626826752
2021-02-24,156.84063386917114,10274.21,75.68,67546415104
2021-02-25,165.5615746974945,10627.27,79.29,71294787584
2021-02-26,142.55665826797485,9221.7,65.0,72499523584
2021-02-27,125.10378003120422,7133.9,51.14,74087714816
2021-02-28,117.61859703063965,7278.78,50.84,66294419456
2021-03-01,193.7732014656067,13047.94,91.41,74090381312
2021-03-02,169.46005749702454,11227.83,77.85,83864535040
2021-03-03,200.6905119419098,12172.5,84.09,80903557120
2021-03-04,151.8670630455017,9587.7,66.96,76943495168
2021-03-05,137.3827576637268,8711.51,59.88,84681584640
2021-03-06,112.22044086456299,6685.97,45.12,76840300544
2021-03-07,126.87964344024658,7736.05,51.47,88649924608
2021-03-08,190.53901290893555,12659.5,83.81,77932511232
2021-03-09,161.6050090789795,10494.73,70.75,78074310656
2021-03-10,200.78857517242432,13556.2,91.11,81478664192
2021-03-11,211.14796781539917,13829.01,93.14,92302262272
2021-03-12,223.75078654289246,15383.31,101.18,77993041920
2021-03-13,181.17903685569763,11652.27,76.3,86097567744
2021-03-14,169.10977482795715,10148.94,66.7,79303184384
2021-03-15,240.84154152870178,16098.2,105.51,80117342208
2021-03-16,229.90787076950073,14842.02,98.24,80009089024
2021-03-17,168.77763986587524,10654.27,69.42,85881147392
2021-03-18,183.51956033706665,11601.51,74.78,87497449472
2021-03-19,156.70793390274048,9671.31,62.49,95387492352
2021-03-20,163.0518388748169,9984.66,63.59,91776815104
2021-03-21,184.4759006500244,11469.28,72.52,87436939264
2021-03-22,234.60855102539062,15686.52,97.35,91560587264
2021-03-23,185.1601619720459,11955.14,74.86,92173549568
2021-03-24,209.22000670433044,13108.77,82.56,91060625408
2021-03-25,234.85860204696655,15609.34,96.38,106724982784
2021-03-26,161.37503170967102,10259.37,63.55,88518955008
2021-03-27,162.3520359992981,10139.55,61.72,95937560576
2021-03-28,150.5383358001709,8584.15,52.9,95244222464
2021-03-29,225.5364112854004,14604.49,88.43,94170484736
2021-03-30,231.42842411994934,15206.83,90.11,101061525504
2021-03-31,226.84388327598572,14444.34,85.65,93350080512
2021-04-01,298.211528301239,20880.01,121.94,98905980928
2021-04-02,212.28799319267273,13716.3,80.4,95690432512
2021-04-03,218.49399399757385,14290.55,81.76,109946183680
2021-04-04,181.0111198425293,11427.48,65.91,101404786688
2021-04-05,230.3831286430359,15309.15,86.69,95515844608
2021-04-06,236.57577109336853,15587.97,88.28,101002936320
2021-04-07,235.44165658950806,16150.45,90.6,120064925696
2021-04-08,198.89205265045166,12777.49,72.58,110079012864
2021-04-09,219.68055772781372,13876.84,78.31,107037655040
2021-04-10,193.53574466705322,12875.86,69.74,116773158912
2021-04-11,168.94642114639282,10251.99,56.94,93132410880
2021-04-12,220.4078013896942,14612.62,79.19,109747851264
2021-04-13,231.354962348938,15480.31,84.18,116767612928
2021-04-14,234.21994829177856,15519.87,83.09,107735629824
2021-04-15,192.68027544021606,12088.29,64.53,110193901568
2021-04-16,167.79410433769226,10605.8,57.31,113465905152
2021-04-17,151.45306873321533,8771.86,47.23,96823361536
2021-04-18,117.1215009689331,5917.11,33.37,83357147136
2021-04-19,200.71247243881226,12521.32,67.64,109112840192
2021-04-20,173.55651807785034,10748.55,57.76,125383290880
2021-04-21,212.40044045448303,13502.46,72.73,112517525504
2021-04-22,206.07828640937805,12692.9,67.68,111555072000
2021-04-23,170.8381142616272,10811.85,56.8,113088139264
2021-04-24,121.97811079025269,6878.63,36.42,86343847936
2021-04-25,132.6372458934784,6675.32,35.6,92448858112
2021-04-26,232.5711932182312,15046.1,77.99,119650013184
2021-04-27,216.17792463302612,13665.24,71.74,120404975616
2021-04-28,185.42423033714294,11719.91,60.51,99334025216
2021-04-29,191.25728583335876,11866.95,61.45,102634921984
2021-04-30,176.3253059387207,9801.83,50.67,113228357632
2021-05-01,142.3487946987152,7529.27,39.19,92577406976
2021-05-02,106.74996995925903,5247.98,27.95,85279739904
2021-05-03,190.21106600761414,11267.49,57.6,118604513280
2021-05-04,204.15893363952637,12254.14,62.17,101669339136
2021-05-05,187.80521297454834,11243.87,58.05,106312069120
2021-05-06,192.78342008590698,12194.38,61.89,113972092928
2021-05-07,161.0677182674408,8828.06,45.41,99130888192
2021-05-08,126.27226758003235,6273.84,32.7,73769893888
2021-05-09,123.82595610618591,6041.38,31.8,90264850432
2021-05-10,209.6249656677246,13003.78,66.1,112271486976
2021-05-11,221.69397640228271,13296.72,66.76,106765234176
2021-05-12,180.25730180740356,11181.51,56.63,104427962368
2021-05-13,199.4319748878479,12012.9,59.06,107722051584
2021-05-14,140.98147439956665,7927.49,39.75,103407403008
2021-05-15,132.69085359573364,7317.21,36.32,107100004352
2021-05-16,121.72927641868591,5369.72,27.02,86091952128
2021-05-17,216.14125418663025,13651.95,68.83,126763397120
2021-05-18,171.61290955543518,9941.37,49.51,109131390976
2021-05-19,152.35792422294617,8363.07,42.77,97758728192
2021-05-20,154.17759561538696,8243.73,41.37,100260900864
2021-05-21,126.1715817451477,5957.09,30.89,81797251072
2021-05-22,120.85280776023865,4212.27,22.45,71853506560
2021-05-23,99.00123381614685,2787.41,16.58,39170256896
2021-05-24,232.16964173316956,15255.61,75.74,144964251648
2021-05-25,123.19756555557251,5399.02,28.76,73376960512
2021-05-26,140.63794040679932,5981.36,32.67,81123983360
2021-05-27,113.60413384437561,4778.36,26.32,63263399936
2021-05-28,131.5335817337036,5671.67,31.28,72822108160
2021-05-29,103.2092981338501,3361.42,20.69,41845870592
2021-05-30,116.05095553398132,3711.92,22.71,45242822656
2021-05-31,329.86024284362793,23423.32,116.91,150671650816
2021-06-01,184.61492156982422,9567.92,52.81,113896562688
2021-06-02,144.45221328735352,6881.38,40.28,75015598080
2021-06-03,152.1714222431183,7138.88,41.76,80271851520
2021-06-04,135.22752332687378,6801.51,38.82,92198301696
2021-06-05,124.4930191040039,5235.91,31.99,65761083392
2021-06-06,125.13783764839172,4793.05,32.05,53939064832
2021-06-07,227.19973969459534,13988.61,79.35,114555015168
2021-06-08,158.73090028762817,8347.35,50.54,102735851520
2021-06-09,138.12359642982483,5752.65,37.14,58521526272
2021-06-10,121.12667155265808,4416.62,26.86,58024837120
2021-06-11,113.4167947769165,3828.21,23.25,59514609664
2021-06-12,87.23840665817261,2293.79,13.88,44472455168
2021-06-13,74.80655550956726,1792.81,13.17,34166280192
2021-06-14,177.84479522705078,10293.61,56.0,93957685248
2021-06-15,137.20923018455505,6413.85,44.6,58742554624
2021-06-16,158.31807255744934,7286.73,50.84,66992037888
2021-06-17,139.9906690120697,6277.78,42.3,63723700224
2021-06-18,173.82286858558655,6723.63,48.73,60232753152
2021-06-19,113.05807280540466,3501.01,26.36,47113252864
2021-06-20,129.94394659996033,5157.46,37.55,61823508480
2021-06-21,166.29849696159363,7761.6,55.69,61661069312
2021-06-22,189.3788492679596,9768.12,71.49,63953420288
2021-06-23,159.14957690238953,7505.25,53.79,68493414400
2021-06-24,161.79201865196228,8086.54,57.72,67943911424
2021-06-25,155.67930459976196,6910.49,47.59,69480714240
2021-06-26,171.60297346115112,8926.44,65.94,71618666496
2021-06-27,146.26671838760376,6852.07,52.58,72349409280
2021-06-28,191.00499820709229,9964.87,72.26,77886717952
2021-06-29,247.0352714061737,14038.73,106.66,77847851008
2021-06-30,208.74658346176147,12317.9,87.89,93938319360
2021-07-01,216.14333963394165,12113.43,85.97,87117307904
2021-07-02,193.88564252853394,10936.92,77.51,80831909888
2021-07-03,141.872234582901,6869.12,50.56,85976379392
2021-07-04,202.78757691383362,11828.51,91.62,96739786752
2021-07-05,246.02690649032593,14292.24,106.59,93712883712
2021-07-06,174.61756682395935,9829.29,69.76,83670790144
2021-07-07,222.58766722679138,13677.31,97.05,92930220032
2021-07-08,231.74686646461487,13649.34,92.41,93130444800
2021-07-09,214.58559322357178,12527.44,86.53,93853241344
2021-07-10,147.91871047019958,7744.69,53.51,89189584896
2021-07-11,173.75461983680725,10202.89,71.28,99260678144
2021-07-12,236.28943586349487,13438.03,91.41,91433517056
2021-07-13,201.59099555015564,11749.8,79.31,84179533824
2021-07-14,269.70826292037964,18143.52,124.08,109231730688
2021-07-15,241.73866963386536,15138.08,97.47,92768833536
2021-07-16,284.816908121109,19035.96,128.25,114896351232
2021-07-17,219.79149961471558,13233.12,86.68,110298673152
2021-07-18,227.47315502166748,14083.78,92.64,120224563200
2021-07-19,361.1225061416626,25727.59,169.18,126072029184
2021-07-20,360.8149688243866,25310.2,158.77,124400812032
2021-07-21,355.13652992248535,25774.63,161.06,128069521408
2021-07-22,399.56771993637085,28927.64,180.09,122988339200
2021-07-23,393.8182997703552,28876.53,177.83,131487895552
2021-07-24,345.0581216812134,24618.39,151.38,138010279936
2021-07-25,444.5030837059021,32567.96,200.29,136254889984
2021-07-26,541.1148934364319,33605.01,195.92,128143380480
2021-07-27,489.00875782966614,36526.11,210.39,135297318912
2021-07-28,522.2641773223877,39724.5,226.28,162527522816
2021-07-29,671.1057667732239,52031.87,292.49,159531991040
2021-07-30,584.0797741413116,44878.03,247.55,144659648512
2021-07-31,503.8887155056,38574.87,211.82,160439828480
2021-08-01,494.2768244743347,37279.52,199.79,157799141376
2021-08-02,655.3487288951874,50682.07,270.49,159175593984
2021-08-03,760.9010977745056,60075.99,317.54,165398405120
2021-08-04,767.1574788093567,59937.36,312.92,171110100992
2021-08-05,750.4178686141968,59003.77,294.97,159174766592
2021-08-06,715.0095150470734,56226.82,276.4,166982811648
2021-08-07,585.3305456638336,44883.94,223.71,193266737152
2021-08-08,551.5303730964661,41938.14,209.27,173879078912
2021-08-09,668.0162274837494,52146.7,252.44,188813033472
2021-08-10,752.0229277610779,59714.0,289.12,179750154240
2021-08-11,589.382000207901,45455.6,216.66,165533458432
2021-08-12,699.9672956466675,54640.14,261.13,174861672448
2021-08-13,510.08277678489685,39013.74,182.45,200211124224
2021-08-14,529.421941280365,39833.46,190.08,199732244480
2021-08-15,632.3462204933167,48196.3,227.83,181858312192
2021-08-16,669.2016780376434,51326.41,237.38,204384395264
2021-08-17,800.6354506015778,63640.19,292.11,175888433152
2021-08-18,846.818706035614,67834.39,313.32,194449956864
2021-08-19,705.5761051177979,55500.09,250.69,183605968896
2021-08-20,899.1786563396454,71886.37,318.71,199938150400
2021-08-21,695.8137845993042,53998.3,246.04,193122279424
2021-08-22,765.7813329696655,60862.01,273.59,209184272384
2021-08-23,1032.0454757213593,83129.19,366.53,199482138624
2021-08-24,1261.2571246623993,103494.47,444.25,183826624512
2021-08-25,1125.457888841629,91482.85,389.21,195548127232
2021-08-26,1420.6493997573853,117470.62,490.7,205941145600
2021-08-27,1399.2060198783875,115811.84,482.37,210238509056
2021-08-28,1034.5157659053802,82682.13,340.15,217954250752
2021-08-29,842.5658783912659,67031.86,266.07,205342535680
2021-08-30,1506.9941682815552,125121.21,483.57,209840488448
2021-08-31,1724.585952758789,142540.24,556.46,201513197568
2021-09-01,1536.6237936019897,127225.83,485.4,226142822400
2021-09-02,1580.0606896877289,131585.71,500.25,201892671488
2021-09-03,1481.9218854904175,122251.25,444.6,208762011648
2021-09-04,1057.8227734565735,84669.59,313.15,218526638080
2021-09-05,1014.6967532634735,82088.71,298.08,209032204288
2021-09-06,1197.3565311431885,96861.32,370.84,223234691072
2021-09-07,2046.099515914917,173189.35,620.44,221914820608
2021-09-08,1933.651389837265,161718.71,571.5,225212428288
2021-09-09,2121.389616727829,177759.61,635.86,227223740416
2021-09-10,2008.0594639778137,169540.98,610.06,262520410112
2021-09-11,1264.4060246944427,104372.86,378.24,240861159424
2021-09-12,1490.9176752567291,123343.99,447.45,250167517184
2021-09-13,2337.625574350357,197443.16,679.22,222251188224
2021-09-14,1893.4854011535645,159327.36,542.48,236449574912
2021-09-15,1957.6787178516388,164826.19,557.86,255917957120
2021-09-16,2903.8142008781433,511972.94,744.35,456057147392
2021-09-17,3266.534693956375,587993.05,840.99,444504285184
2021-09-18,2148.0158717632294,374406.85,535.18,438026547200
2021-09-19,2613.0195710659027,462848.49,654.49,448116097024
2021-09-20,3663.322609424591,641133.14,865.34,427735592960
2021-09-21,3582.8841326236725,643747.49,874.16,503530921984
2021-09-22,2676.1885557174683,470127.38,637.7,512034631680
2021-09-23,3476.439115524292,622599.63,828.18,470049148928
2021-09-24,3327.590704679489,594477.68,790.63,483309203456
2021-09-25,1713.015742778778,292271.79,393.37,445766717440
2021-09-26,2224.237573862076,383713.0,508.59,483364478976
2021-09-27,3730.332608938217,671379.55,871.66,459519193088
2021-09-28,3148.611708164215,552387.02,707.6,457266937856
2021-09-29,4161.354987859726,752065.05,950.71,488138633216
2021-09-30,3293.8633205890656,585174.74,737.24,484979937280
2021-10-01,2981.6012711524963,530406.07,660.31,497098944512
2021-10-02,2106.569626569748,365901.91,505.72,483971391488
2021-10-03,2480.5030772686005,432290.13,548.72,464343097344
2021-10-04,3860.071077823639,694902.55,848.69,563803500544
2021-10-05,3661.0785489082336,656808.05,791.06,510166142976
2021-10-06,4167.054233312607,752273.87,885.46,538540277760
2021-10-07,4814.981679677963,869262.21,1023.74,562691321856
2021-10-08,4116.587590932846,739386.05,860.57,511808872448
2021-10-09,3201.8830268383026,568062.05,674.87,515775959040
2021-10-10,3397.363420724869,603615.01,704.72,513574957056
2021-10-11,4413.981608629227,795004.11,919.15,555719016448
2021-10-12,4480.605216503143,804694.99,930.95,557674033152
2021-10-13,3857.6763603687286,692596.05,780.61,545415237632
2021-10-14,4249.985989332199,767841.83,838.69,557984092160
2021-10-15,4107.873530387878,736554.48,804.27,530773508096
2021-10-16,3189.0736017227173,562987.66,615.08,539278872576
2021-10-17,3227.125473022461,575014.51,625.98,536044486656
2021-10-18,6007.254953384399,1094136.72,1162.54,546011275264
2021-10-19,5268.679229259491,938926.24,967.35,537768034304
2021-10-20,4865.7077848911285,877395.74,918.02,591315763200
2021-10-21,4425.150816679001,796379.45,829.55,549338865664
2021-10-22,4429.3358817100525,796401.24,820.11,600612114432
2021-10-23,3982.0146515369415,712534.6,732.58,553790861312
2021-10-24,3841.7354612350464,683649.33,704.93,555531124736
2021-10-25,6098.847915649414,1108526.38,1117.49,580732055552
2021-10-26,5561.012300014496,1004130.05,1007.29,559066243072
2021-10-27,5650.751334190369,1026438.94,1026.98,589504663552
2021-10-28,5178.616122722626,932503.73,931.81,622749036544
2021-10-29,4438.890363693237,795095.11,790.55,601759174656
2021-10-30,4838.603593349457,864641.0,858.61,610620567552
2021-10-31,5787.230575561523,1046554.16,1021.16,579368648704
2021-11-01,7174.545433044434,1307546.23,1258.24,594359861248
2021-11-02,7020.097155332565,1277260.02,1218.51,603519496192
2021-11-03,7275.071047782898,1330938.87,1264.63,585112875008
2021-11-04,6877.263736009598,1247193.47,1179.27,600056619008
2021-11-05,6650.869199514389,1202797.44,1131.84,632043012096
2021-11-06,4805.996367931366,862315.2,815.42,610019332096
2021-11-07,5971.30714225769,1080462.36,1010.47,641507745792
2021-11-08,8993.777625322342,1649263.97,1521.19,641845186560
2021-11-09,7820.36799955368,1428049.68,1294.51,601394434048
2021-11-10,8227.972384929657,1499905.57,1350.38,620243070976
2021-11-11,7419.845407485962,1350079.67,1210.58,626897522688
2021-11-12,7135.851084947586,1298637.5,1152.33,611460227072
2021-11-13,5732.886051654816,1014096.64,902.34,626038317056
2021-11-14,5584.5588500499725,1000997.24,892.23,694339481600
2021-11-15,7888.250960350037,1436413.38,1272.22,663206891520
2021-11-16,8280.22030210495,1506915.93,1355.3,622649815040
2021-11-17,7963.264891624451,1446239.65,1283.9,619158880256
2021-11-18,7229.177032470703,1314609.62,1130.87,659401928704
2021-11-19,7111.65146446228,1292483.76,1108.37,671420309504
2021-11-20,6288.013935089111,1136568.58,982.65,644129497088
2021-11-21,6367.4255249500275,1151234.74,983.27,680183341056
2021-11-22,9491.83152461052,1734912.47,1464.55,685370093568
2021-11-23,8279.708950519562,1499605.92,1262.94,680376717312
2021-11-24,7081.42774105072,1266316.76,1045.9,648021561344
2021-11-25,4982.794221401215,882745.35,760.17,663990001664
2021-11-26,8410.054423570633,1531449.05,1300.17,687951175680
2021-11-27,5525.392807483673,985599.43,823.74,644570124288
2021-11-28,7262.723578214645,1318174.04,1082.44,699168686080
2021-11-29,11728.56537771225,2155312.16,1749.09,664125022208
2021-11-30,9136.99452137947,1669920.16,1354.63,696797130752
2021-12-01,9211.371917963028,1681409.57,1347.44,719708581888
2021-12-02,7865.823491811752,1426734.84,1146.87,724924522496
2021-12-03,7588.273666858673,1373083.34,1100.59,718447566848
2021-12-04,6908.410740613937,1242134.39,997.85,714849280000
2021-12-05,7148.906037330627,1286080.32,1025.04,689285816320
2021-12-06,10300.354837656021,1887643.2,1482.32,718840561664
2021-12-07,9886.48604297638,1790314.79,1420.69,704335917056
2021-12-08,8929.11873626709,1627204.17,1264.3,760783372288
2021-12-09,6788.819926023483,1214881.21,946.2,727272984576
2021-12-10,6052.068576097488,1086280.5,845.57,693611114496
2021-12-11,4551.68899512291,795870.01,630.36,658670936064
2021-12-12,4955.39763045311,879037.23,690.38,705279381504
2021-12-13,6372.522786855698,1142534.55,881.91,684995760128
2021-12-14,7826.296493053436,1416001.37,1079.09,689308360704
2021-12-15,7399.483599424362,1328343.85,1021.43,712726417408
2021-12-16,6137.972693443298,1089713.37,841.95,703887798272
2021-12-17,5505.977411270142,979316.32,757.55,708585717760
2021-12-18,3665.4302451610565,629020.59,508.72,705264771072
2021-12-19,3188.113047838211,537383.1,447.37,730869047296
2021-12-20,4080.813054084778,706782.43,575.13,676726792192
2021-12-21,3820.1475508213043,651991.77,537.11,639669432320
2021-12-22,3040.029722213745,504925.02,433.37,640438603776
2021-12-23,2871.4825110435486,479339.92,412.55,645315330048
2021-12-24,1048.250096321106,129396.87,148.96,280162148352
2021-12-25,751.5070297718048,79579.19,101.8,177942564864
2021-12-26,2150.5346372127533,342032.92,327.5,487814303744
2021-12-27,3050.599825143814,507081.22,463.79,602190442496
2021-12-28,2563.48707985878,417332.88,415.57,419107508224
2021-12-29,2851.1681129932404,463631.48,481.46,413639839744
2021-12-30,2519.9802737236023,404722.96,442.15,399344652288
2021-12-31,1265.0703208446503,167118.89,203.71,265921703936
2022-01-01,823.8335506916046,97337.21,132.25,167236268032
2022-01-02,1445.4602541923523,202140.0,234.96,306392502272
2022-01-03,2075.0014460086823,325275.09,369.26,335030358016
2022-01-04,2168.1918671131134,328507.38,382.69,322218217472
2022-01-05,1760.9111068248749,265892.99,336.18,327167107072
2022-01-06,1906.1158249378204,300177.56,371.54,326665265152
2022-01-07,1655.0046725273132,244153.36,308.52,340351340544
2022-01-08,1257.5294110774994,174859.16,225.71,336255209472
2022-01-09,959.9460256099701,126491.47,176.8,220994727936
2022-01-10,2094.748865842819,331399.13,424.48,350277148672
2022-01-11,2185.354906320572,358581.19,464.89,352075673600
2022-01-12,1877.6699450016022,288403.35,392.12,364792410112
2022-01-13,1963.865080356598,310879.99,422.03,359845531648
2022-01-14,2409.928325176239,397921.28,540.33,371592794112
2022-01-15,2090.4551107883453,327592.06,445.09,377555234816
2022-01-16,1897.3608191013336,301691.3,424.61,374380294144
2022-01-17,2807.8062155246735,469436.38,657.61,408754855936
2022-01-18,3413.254156112671,580120.95,812.31,419800526848
2022-01-19,4096.2592878341675,715281.39,1026.4,445754441728
2022-01-20,3076.8496990203857,522388.47,780.58,432793395200
2022-01-21,4214.395411968231,730057.33,1085.93,448391307264
2022-01-22,2725.973988056183,455906.47,711.26,467954065408
2022-01-23,2879.101550579071,474687.06,725.55,451430633472
2022-01-24,3733.8097729682922,644240.19,992.78,459310239744
2022-01-25,2953.3947398662567,474669.71,715.55,480677642240
2022-01-26,3141.0926489830017,509568.12,767.91,494460018688
2022-01-27,3294.22265458107,574882.14,896.9,443482025984
2022-01-28,3329.7233471870422,581440.45,924.98,480765165568
2022-01-29,2876.656608104706,496379.69,800.51,487681490944
2022-01-30,3171.2461018562317,552658.73,886.02,486205624320
2022-01-31,5071.9183344841,905045.02,1426.17,483047841792
2022-02-01,3833.454320907593,672843.96,1055.94,530654253056
2022-02-02,4664.277082204819,816279.17,1292.24,524389232640
2022-02-03,4707.995190620422,838725.01,1339.22,538551443456
2022-02-04,4222.649267911911,744653.11,1197.36,574615482368
2022-02-05,4093.569746494293,721963.78,1213.16,511425884160
2022-02-06,3499.0451407432556,610321.09,975.71,586841595904
2022-02-07,5553.737674951553,990753.44,1559.99,529522794496
2022-02-08,5973.920196056366,1072412.42,1692.0,565596676096
2022-02-09,4590.747152328491,812931.67,1288.22,688896401408
2022-02-10,4569.721653461456,809986.44,1281.95,604025618432
2022-02-11,4919.439790248871,870219.5,1365.39,651120689152
2022-02-12,4010.3220036029816,700910.33,1119.04,632756973568
2022-02-13,3562.8961687088013,617210.33,983.8,736013529088
2022-02-14,5462.087733030319,974651.48,1517.16,677786365952
2022-02-15,4845.097660064697,863152.29,1343.68,775299244032
2022-02-16,3782.7075822353363,659856.81,1016.36,732894416896
2022-02-17,3562.851365327835,621328.82,964.67,705461538816
2022-02-18,3683.990252494812,640275.09,993.38,828592009216
2022-02-19,3324.94721698761,574668.04,902.84,755931078656
2022-02-20,2870.954868078232,491358.75,776.06,768303845376
2022-02-21,4771.360319852829,842840.59,1306.67,721936941056
2022-02-22,4304.590007066727,754423.45,1256.09,780778340352
2022-02-23,3842.544930458069,667057.39,1122.94,848367063040
2022-02-24,3009.3706200122833,511158.25,842.44,902975459328
2022-02-25,2829.091207742691,483380.1,785.49,850872565760
2022-02-26,2252.360447406769,376269.95,622.21,842959978496
2022-02-27,2035.870671749115,337006.32,557.11,785872146432
2022-02-28,2805.4713473320007,475070.18,809.56,836123525120
2022-03-01,2654.0230600833893,443983.75,743.19,783486533632
2022-03-02,2749.802117586136,460242.82,802.27,733384634368
2022-03-03,2883.7501244544983,485675.43,856.26,777530134528
2022-03-04,2858.9286863803864,479856.71,863.4,752469204992
2022-03-05,1947.0238428115845,315737.89,586.12,773564878848
2022-03-06,2465.0918583869934,402890.75,764.76,696024260608
2022-03-07,3819.423891067505,648807.52,1162.54,705517436928
2022-03-08,2820.7952773571014,470929.58,840.25,730176139264
2022-03-09,3090.6967771053314,485984.8,883.26,631272439808
2022-03-10,2513.828917980194,385446.73,696.87,658439593984
2022-03-11,2169.250180006027,352950.33,667.92,731872563200
2022-03-12,1673.7811646461487,249711.35,532.78,548255547392
2022-03-13,1964.5831201076508,311897.86,637.44,565913071616
2022-03-14,3096.616219520569,522546.85,991.83,680693325824
2022-03-15,2215.031646966934,353302.64,693.94,609398595584
2022-03-16,2408.806205511093,392671.41,772.92,631928696832
2022-03-17,2389.8395285606384,389247.84,772.04,601692684288
2022-03-18,2102.6281003952026,319939.04,635.01,588477825024
2022-03-19,2124.283988237381,343154.2,709.15,582504062976
2022-03-20,1799.2243213653564,286632.7,555.24,643781808128
2022-03-21,2584.889992237091,426571.4,809.71,662744829952
2022-03-22,2359.0550429821014,380895.98,753.41,610237382656
2022-03-23,2259.773073911667,365769.56,735.16,604283424768
2022-03-24,2598.424558162689,434071.94,862.98,581076209664
2022-03-25,2798.3091974258423,463540.44,938.4,536972623872
2022-03-26,2051.4290437698364,332703.09,678.31,520076451840
2022-03-27,2513.95667386055,413962.3,850.45,555674152960
2022-03-28,4220.231244325638,729465.41,1538.67,569663397888
2022-03-29,2027.9941983222961,326224.1,687.71,596035375104
2022-03-30,1165.4449698925018,169880.89,360.51,575845310464
2022-03-31,1492.366959810257,228034.29,430.2,610780459008
2022-04-01,1770.6903810501099,283770.74,497.91,595890188288
2022-04-02,1296.0679457187653,193289.19,356.07,604762300416
2022-04-03,1111.343297958374,168775.16,316.02,615632232448
2022-04-04,2612.078855276108,437211.07,776.11,625399070720
2022-04-05,1555.7665185928345,240410.75,454.83,609886892032
2022-04-06,1419.953073978424,218860.25,398.1,615242199040
2022-04-07,1542.9443821907043,241296.56,441.07,626481340416
2022-04-08,1323.1157066822052,205485.62,371.66,639942807552
2022-04-09,1303.9585285186768,193156.24,346.83,636000894976
2022-04-10,1452.7579786777496,227755.5,405.51,649654345728
2022-04-11,2125.4391469955444,353118.71,613.7,635516026880
2022-04-12,1253.6947855949402,193735.38,346.21,654483021824
2022-04-13,1336.3207218647003,211225.91,391.87,623424724992
2022-04-14,1539.5059258937836,240369.14,420.68,636372590592
2022-04-15,1526.4649624824524,243500.79,431.66,691273256960
2022-04-16,1633.5409798622131,263175.2,467.12,707186679808
2022-04-17,1030.3786351680756,162064.12,285.87,691556392960
2022-04-18,2310.238665342331,389042.85,666.03,680789147648
2022-04-19,2639.1286375522614,449875.7,777.54,664224669696
2022-04-20,1839.3425579071045,293662.43,508.16,851161161728
2022-04-21,1561.0480530261993,246517.11,427.94,750159466496
2022-04-22,1855.2437572479248,307988.27,518.89,748302233600
2022-04-23,1472.8353779315948,228668.9,392.9,752952627200
2022-04-24,1550.2290298938751,247762.46,440.09,732956876800
2022-04-25,2352.868446826935,396440.81,659.24,732100247552
2022-04-26,2096.938509464264,338625.1,590.51,689754763264
2022-04-27,1469.2891449928284,222727.68,384.6,781483261952
2022-04-28,1358.0873763561249,207377.45,347.96,864824692736
2022-04-29,1501.994719028473,231536.52,380.6,817283194880
2022-04-30,1386.1079440116882,218196.56,356.11,766819971072
2022-05-01,911.981513261795,124743.4,216.27,609430917120
2022-05-02,1618.3047070503235,240548.3,378.52,812103929856
2022-05-03,1968.7812464237213,300951.08,481.61,864668770304
2022-05-04,1479.7152564525604,214851.47,333.48,759786999808
2022-05-05,1623.7073361873627,242027.31,393.91,814215860224
2022-05-06,1802.0296568870544,282000.79,453.26,779940675584
2022-05-07,1204.4783589839935,188888.71,295.62,839426367488
2022-05-08,1240.5212478637695,188557.3,307.72,750331371520
2022-05-09,2341.9045765399933,397424.78,603.91,722499571712
2022-05-10,1546.3191347122192,246894.23,382.74,863740444672
2022-05-11,1216.7709364891052,180561.3,279.68,785130835968
2022-05-12,1210.4558005332947,188244.39,309.9,761499185152
2022-05-13,1463.7717814445496,232704.24,354.79,843410423808
2022-05-14,1270.1626908779144,194800.64,299.46,832563539968
2022-05-15,1352.8008015155792,210786.52,320.01,854154874880
2022-05-16,2307.384488105774,389009.29,583.68,771373457408
2022-05-17,1850.7051861286163,300566.07,447.45,747646955520
2022-05-18,1355.3099110126495,208131.54,311.33,850065113088
2022-05-19,1144.3582808971405,173378.7,259.2,813627604992
2022-05-20,1552.148588180542,246007.41,363.96,771650080768
2022-05-21,1418.0932672023773,219492.3,323.81,764563189760
2022-05-22,1425.7457654476166,224415.11,328.59,680077971456
2022-05-23,2471.6425638198853,415366.39,592.96,721906679808
2022-05-24,2125.9401099681854,353058.24,521.37,732885536768
2022-05-25,1377.9742996692657,218883.76,315.52,772883677184
2022-05-26,1012.4675266742706,143109.41,231.49,553098280960
2022-05-27,1392.0456602573395,214173.23,315.14,709446025216
2022-05-28,1348.274486064911,202643.84,290.02,734906646528
2022-05-29,1446.294951915741,222190.7,322.84,662791180288
2022-05-30,1370.0415251255035,213001.53,307.46,805739769856
2022-05-31,2607.0641169548035,439848.28,613.64,763890290688
2022-06-01,1524.7666947841644,238020.91,336.86,670361907200
2022-06-02,1148.719754934311,177917.69,256.89,669740208128
2022-06-03,1384.8483755588531,212660.26,302.83,737827217408
2022-06-04,1162.9745619297028,176111.7,250.67,661168758784
2022-06-05,1289.0387716293335,195724.14,275.53,685353832448
2022-06-06,2413.342687368393,407532.8,548.16,687988953088
2022-06-07,2204.281965970993,358565.05,490.1,672627077120
2022-06-08,2346.9237632751465,392920.69,529.57,638211805184
2022-06-09,1867.0209002494812,304578.31,415.69,650975993856
2022-06-10,2024.0281155109406,328943.0,470.51,691898118144
2022-06-11,1740.6043746471405,278479.34,401.05,698177245184
2022-06-12,1485.3272187709808,236040.33,344.71,615170093056
2022-06-13,2203.7339000701904,365052.39,501.93,622961016832
2022-06-14,1821.5710022449493,286874.24,400.41,725008650240
2022-06-15,1636.4880216121674,250667.21,318.03,602376425472
2022-06-16,1684.5231020450592,253364.32,343.41,652775882752
2022-06-17,1960.2377135753632,304349.14,389.96,655450120192
2022-06-18,1664.1094703674316,258064.73,336.12,628827635712
2022-06-19,746.218220949173,89628.9,160.24,369906917376
2022-06-20,1516.875360250473,238998.4,329.79,578275430400
2022-06-21,1664.3703842163086,266097.58,343.98,567139627008
2022-06-22,1314.308610200882,198974.03,262.41,554362822656
2022-06-23,1076.8132932186127,159372.07,213.48,532276064256
2022-06-24,1248.0271954536438,188357.82,245.66,561145159680
2022-06-25,1225.4649879932404,185506.45,262.71,574717595648
2022-06-26,1548.1081764698029,245899.23,334.85,554005823488
2022-06-27,1956.7680473327637,318888.32,404.74,541590675456
2022-06-28,1767.7184603214264,288031.79,359.43,619847237632
2022-06-29,1384.3690526485443,216230.76,265.94,535998603264
2022-06-30,1700.6997210979462,278165.58,341.54,525310291968
2022-07-01,2229.1361076831818,373789.93,449.84,552484933632
2022-07-02,2016.5553681850433,336402.97,426.52,581849272320
2022-07-03,1783.3692314624786,280119.12,342.81,574952333312
2022-07-04,1529.9292395114899,243544.3,295.11,528536383488
2022-07-05,3398.758472919464,585477.34,701.81,528250195968
2022-07-06,2559.470137119293,432480.77,507.76,557225549824
2022-07-07,2343.5705666542053,392821.96,460.3,603509092352
2022-07-08,2700.5482308864594,458049.53,556.68,606277095424
2022-07-09,1682.4983386993408,271848.39,327.08,591327838208
2022-07-10,2126.2564465999603,358591.77,423.17,614447067136
2022-07-11,2805.9499111175537,485934.61,579.98,569783312384
2022-07-12,2153.4452018737793,352823.18,420.7,636445868032
2022-07-13,1939.0821681022644,315292.92,375.47,577104506880
2022-07-14,1894.2999958992004,308962.0,365.42,562550800384
2022-07-15,2506.922826766968,421222.2,503.33,582042415104
2022-07-16,2669.806478500366,447419.6,534.5,597188345856
2022-07-17,2039.9794692993164,336340.34,394.21,591629258752
2022-07-18,3165.5385303497314,545323.75,634.68,601374461952
2022-07-19,2183.2776243686676,362886.21,420.13,582400548864
2022-07-20,1881.3736054897308,305964.4,353.99,544728051712
2022-07-21,1961.9854023456573,323014.58,369.76,589915193344
2022-07-22,2740.1669578552246,465692.92,523.61,597064155136
2022-07-23,1906.725708246231,311839.48,356.25,554003222528
2022-07-24,1985.9061260223389,322953.16,373.83,563759939584
2022-07-25,3548.7999670505524,615004.52,673.23,606299095040
2022-07-26,2187.487326860428,363661.68,413.29,609646239744
2022-07-27,1866.981680393219,301873.86,349.01,600022061056
2022-07-28,1519.5827944278717,241097.76,281.64,570668105728
2022-07-29,2199.6470124721527,358373.48,393.4,552415145984
2022-07-30,2064.760772705078,325851.26,348.92,610909003776
2022-07-31,1931.7855620384216,302806.52,325.81,556978397184
2022-08-01,3829.8377833366394,664104.15,732.81,623202816000
2022-08-02,2378.194153547287,401027.23,484.98,572050509824
2022-08-03,1826.3140869140625,294282.05,338.27,598216638464
2022-08-04,1444.8220596313477,228655.32,290.8,568770482176
2022-08-05,1460.558488368988,227748.67,264.94,582278778880
2022-08-06,919.5296349525452,132979.26,163.26,496448110592
2022-08-07,1113.0101408958435,171471.12,201.68,571785035776
2022-08-08,2117.9274349212646,352375.54,399.76,608617504768
2022-08-09,1455.886822938919,228777.22,264.24,594022625280
2022-08-10,1172.2555735111237,177466.44,209.85,613367128064
2022-08-11,1971.769117116928,322756.93,380.58,571959037952
2022-08-12,2596.1534974575043,442703.63,543.03,622838390784
2022-08-13,2085.7802782058716,348050.15,412.62,602189496320
2022-08-14,1843.621505498886,302533.64,361.18,570522075136
2022-08-15,2510.486104488373,420683.86,494.78,583590465536
2022-08-16,1577.397020816803,251963.94,284.43,607656259584
2022-08-17,1487.3232786655426,232393.52,266.14,602191802368
2022-08-18,1600.6788682937622,253533.24,285.61,624310972416
2022-08-19,1953.6150419712067,321344.77,385.41,587840311296
2022-08-20,1662.474545955658,263075.57,294.53,589721653248
2022-08-21,1902.3768684864044,293918.54,316.63,575441547264
2022-08-22,2909.0913050174713,488563.85,512.96,598801489920
2022-08-23,1519.8523654937744,237419.92,294.76,623839625216
2022-08-24,1004.7843720912933,141884.47,166.13,552495693824
2022-08-25,1162.382973432541,172735.7,198.89,596388835328
2022-08-26,2100.829164981842,349244.76,383.15,587235774464
2022-08-27,2693.098555326462,456511.07,513.78,568516493312
2022-08-28,2218.6518194675446,373603.24,426.31,596523495424
2022-08-29,2556.142674922943,434042.56,471.53,643447328768
2022-08-30,1779.1173758506775,285080.12,345.16,585736065024
2022-08-31,1254.1860315799713,185473.64,210.94,589802016768
2022-09-01,814.8468415737152,101235.61,135.97,445810819072
2022-09-02,1433.560459136963,217069.25,243.39,605748109312
2022-09-03,2072.8044698238373,340221.79,367.14,595141701632
2022-09-04,2387.15159201622,404260.56,433.13,589688307712
2022-09-05,1028.0653340816498,145665.23,168.85,643792035840
2022-09-06,3491.756250858307,602996.99,646.01,600031096832
2022-09-07,1184.428197145462,169810.78,193.62,558817366016
2022-09-08,1149.7104766368866,160782.64,178.0,621426208768
2022-09-09,694.2932221889496,78298.39,109.63,385164165120
2022-09-10,2039.2983982563019,331020.52,356.16,592493424640
2022-09-11,1824.426671743393,294020.2,316.46,565938216960
2022-09-12,3576.1684379577637,618254.73,647.99,591429136384
2022-09-13,3226.8810036182404,557056.16,587.48,620451749888
2022-09-14,1848.287825345993,295743.31,321.7,649379823616
2022-09-15,1963.5543789863586,319492.2,374.69,616011808768
2022-09-16,2283.300283908844,378260.93,416.37,623750025216
2022-09-17,1915.9632301330566,304217.64,352.87,598431191040
2022-09-18,1471.008365392685,222481.85,246.38,642184691712
2022-09-19,2466.1882770061493,399963.0,410.49,676318879744
2022-09-20,1722.974312543869,259604.46,268.32,598325932032
2022-09-21,1815.3985261917114,283300.28,296.11,603474325504
2022-09-22,1500.6120223999023,235198.27,255.39,593478836224
2022-09-23,1654.4861583709717,259747.69,283.36,620749942784
2022-09-24,1216.4453747272491,180068.43,201.29,594623705088
2022-09-25,910.0359613895416,116085.27,143.12,524861181952
2022-09-26,2115.158446073532,349289.99,362.81,618181337088
2022-09-27,1563.660772562027,240640.51,262.48,629630238720
2022-09-28,1371.8961100578308,207261.13,227.66,629261791232
2022-09-29,1368.2072157859802,206506.08,224.98,641972461568
2022-09-30,1311.6774306297302,201312.7,218.57,661246271488
2022-10-01,1356.1899814605713,209799.31,232.92,586423640064
2022-10-02,1317.3984835147858,193138.13,214.28,617503707136
2022-10-03,1948.1129140853882,307553.56,339.84,613790687232
2022-10-04,1397.915476322174,208778.22,249.66,664688267264
2022-10-05,1561.1595692634583,240989.93,258.41,602552225792
2022-10-06,1468.903802394867,226064.12,259.78,602244292608
2022-10-07,1960.887079000473,315546.01,332.24,614123991040
2022-10-08,1290.2668943405151,191970.46,211.17,598822264832
2022-10-09,1199.8052349090576,169950.68,184.94,606361034752
2022-10-10,2058.5123960971832,331244.28,346.75,634426273792
2022-10-11,1677.3650290966034,262682.99,277.57,631135645696
2022-10-12,1398.7167842388153,212287.94,228.23,589601030144
2022-10-13,1581.165403842926,238299.9,253.21,588889423872
2022-10-14,1791.8970000743866,287183.26,327.88,574038605824
2022-10-15,1145.4373230934143,168869.66,197.74,594364530688
2022-10-16,835.4244878292084,105778.52,145.3,506347687936
2022-10-17,2214.4158663749695,359715.43,368.28,584087121920
2022-10-18,1219.974186182022,172447.18,200.09,540522594304
2022-10-19,1314.4346432685852,199336.93,212.93,592947195904
2022-10-20,1253.2695257663727,185609.97,198.28,631156678656
2022-10-21,1261.3140926361084,186065.13,197.1,569731739648
2022-10-22,796.6347870826721,90962.56,115.42,367416483840
2022-10-23,1077.0158553123474,155472.33,166.32,569185615872
2022-10-24,1827.7244443893433,284265.52,312.22,576563347456
2022-10-25,734.8387236595154,82261.1,126.12,417322479616
2022-10-26,1141.5960984230042,157391.6,196.42,561865064448
2022-10-27,1202.3026986122131,177744.04,188.65,564836208640
2022-10-28,1232.6152777671814,176822.78,211.23,614369378304
2022-10-29,1021.5318884849548,141680.01,153.59,562821644288
2022-10-30,747.170473575592,80698.99,106.4,399342055424
2022-10-31,1396.5195362567902,212880.9,221.67,576830492672
2022-11-01,1062.1359536647797,151224.58,175.74,539878879232
2022-11-02,802.3811192512512,93556.87,117.54,492352196608
2022-11-03,653.7361268997192,63908.5,107.3,334389510144
2022-11-04,610.4691579341888,56219.48,81.29,341051379712
2022-11-05,453.5022625923157,29334.15,55.66,262806470656
2022-11-06,525.7359902858734,36877.08,63.68,258904133632
2022-11-07,898.9335517883301,118636.46,129.51,460613943296
2022-11-08,941.9233796596527,131656.19,141.98,554457976832
2022-11-09,792.4152774810791,94276.69,131.38,443198513152
2022-11-10,696.7872865200043,70983.48,116.07,341029675008
2022-11-11,551.7351543903351,51031.34,73.44,267974709248
2022-11-12,595.2008860111237,51270.17,97.57,274623565824
2022-11-13,490.47812485694885,36368.21,60.25,244359671808
2022-11-14,939.2723913192749,131042.5,138.23,461222109184
2022-11-15,845.143726348877,106532.97,125.5,403150647296
2022-11-16,642.3985981941223,62248.22,102.73,306523656192
2022-11-17,607.45614361763,62894.35,102.15,341892517888
2022-11-18,593.1168746948242,45474.16,71.55,280094498816
2022-11-19,552.2474598884583,43714.85,67.68,261114155008
2022-11-20,496.60598635673523,33843.91,58.2,222237892608
2022-11-21,838.1630473136902,99478.8,115.51,380524257280
2022-11-22,830.9188432693481,101709.06,117.31,466502320128
2022-11-23,574.1877567768097,50117.62,74.5,246837530624
2022-11-24,597.2222003936768,54828.52,91.42,284839575552
2022-11-25,616.5460960865021,58102.34,81.43,287221268480
2022-11-26,578.870979309082,51851.0,75.97,276958543872
2022-11-27,696.5016376972198,71607.62,94.51,328037736448
2022-11-28,1198.2164542675018,170307.31,190.39,490882654208
2022-11-29,819.9068479537964,100236.99,132.99,368587653120
2022-11-30,795.2140169143677,99135.71,114.92,410482364416
2022-12-01,652.7657928466797,59896.51,84.08,285342969856
2022-12-02,678.4538807868958,74744.2,90.55,346300661760
2022-12-03,434.87193846702576,27573.57,62.27,185474838528
2022-12-04,379.6751215457916,17409.49,37.9,148398436352
2022-12-05,1201.0947885513306,171929.82,176.78,470398926848
2022-12-06,1169.8535072803497,162071.15,186.05,422901641216
2022-12-07,1110.7055809497833,154357.21,160.48,472702083072
2022-12-08,903.0416784286499,116119.93,129.13,413769388032
2022-12-09,703.7885689735413,76191.44,91.01,334591209472
2022-12-10,619.6114599704742,51425.7,87.53,251205136384
2022-12-11,593.0957474708557,47715.56,70.44,278919708672
2022-12-12,1393.3258769512177,204059.48,203.04,448848531456
2022-12-13,1022.2621502876282,140927.03,142.98,458115440640
2022-12-14,1079.2090601921082,154568.38,161.44,435595767808
2022-12-15,788.525497674942,108013.92,132.76,405524316160
2022-12-16,1070.0961446762085,148735.13,152.34,458516316160
2022-12-17,687.0547134876251,83235.38,117.48,312640966656
2022-12-18,727.1942617893219,91790.01,103.48,371701112832
2022-12-19,1688.0466146469116,268013.37,258.72,452923088896
2022-12-20,1294.8231620788574,194010.17,206.45,406984617984
2022-12-21,857.015043258667,120920.3,146.78,412547809280
2022-12-22,776.2776882648468,103771.97,114.91,431323377664
2022-12-23,738.8136084079742,95249.53,127.39,355043348480
2022-12-24,345.48346638679504,18293.32,42.62,140387266560
2022-12-25,323.9253783226013,13053.0,38.92,140794134528
2022-12-26,476.88567757606506,37429.24,59.74,244879048704
2022-12-27,692.6371870040894,87949.63,99.57,374095618048
2022-12-28,1287.6277315616608,200474.26,197.62,416587407360
2022-12-29,1208.0703496932983,171292.12,172.09,412886081536
2022-12-30,997.6456959247589,133350.54,134.94,376860434432
2022-12-31,479.4401023387909,41578.51,61.14,218571407360
2023-01-01,655.0963661670685,67901.8,81.51,274724958208
2023-01-02,1664.4985256195068,247648.88,235.3,447660933120
2023-01-03,1842.3717079162598,286149.29,271.89,436645408768
2023-01-04,1652.213829755783,255710.63,227.36,464040718336
2023-01-05,1506.2775385379791,217651.49,205.42,464920932352
2023-01-06,1223.3752977848053,175364.53,165.93,444992811008
2023-01-07,818.0872943401337,102722.02,107.44,385992138752
2023-01-08,629.0318231582642,62184.64,90.92,285641633792
2023-01-09,1435.5583093166351,200468.53,188.08,449165430784
2023-01-10,1356.737173318863,185103.56,184.98,516035952640
2023-01-11,1124.2617309093475,147993.44,168.05,437454852096
2023-01-12,1046.9790694713593,146152.49,149.93,487197667328
2023-01-13,891.1227781772614,118207.24,126.0,440344997888
2023-01-14,501.68264293670654,35162.64,67.3,233039765504
2023-01-15,483.7234959602356,34583.52,57.35,250563817472
2023-01-16,847.8267948627472,112836.44,119.18,422919700480
2023-01-17,969.2767159938812,132077.31,138.58,474251780096
2023-01-18,938.5692238807678,130091.11,156.71,513790889984
2023-01-19,844.3374695777893,111274.7,117.16,450517897216
2023-01-20,1109.2363505363464,159521.49,160.75,575566983168
2023-01-21,955.6659708023071,131001.89,164.02,529381236736
2023-01-22,887.0441162586212,113668.13,153.74,489657122816
2023-01-23,2206.2417843341827,369931.29,404.95,654653800448
2023-01-24,1288.6087055206299,191596.26,186.8,537208045568
2023-01-25,1039.9319806098938,143328.49,143.04,493376045056
2023-01-26,942.1455523967743,119954.06,130.71,434144260096
2023-01-27,872.8695566654205,117516.0,118.98,473546559488
2023-01-28,513.0296740531921,39577.25,63.38,277563412480
2023-01-29,437.9236159324646,27387.67,48.08,203890102272
2023-01-30,1210.0073425769806,167806.19,178.98,467794665472
2023-01-31,1099.4368131160736,153223.62,157.04,521284943872
2023-02-01,1018.2154953479767,135599.53,140.13,494818467840
2023-02-02,1001.5088877677917,127274.25,133.76,459876884480
2023-02-03,953.6018326282501,127772.36,130.96,451881697280
2023-02-04,468.64248991012573,31889.82,57.65,247931011072
2023-02-05,546.1223697662354,46323.27,70.64,277171679232
2023-02-06,1412.5831999778748,204299.96,203.87,584974983168
2023-02-07,1688.3273837566376,261868.48,257.84,627878477824
2023-02-08,1883.5700769424438,300008.98,299.69,655990038528
2023-02-09,2072.7781658172607,333524.99,328.7,774238359552
2023-02-10,1876.2464699745178,300225.33,297.64,700231868416
2023-02-11,1185.5579228401184,178089.55,180.92,631870939136
2023-02-12,1349.7707467079163,205662.99,213.39,657703473152
2023-02-13,2506.0262978076935,410519.94,403.54,646334451712
2023-02-14,2103.233960866928,335810.16,340.2,660478234624
2023-02-15,2033.0008163452148,329747.77,325.72,654873202688
2023-02-16,2208.3743183612823,362258.45,357.23,673100312576
2023-02-17,1906.453655719757,300469.69,301.34,619370815488
2023-02-18,1238.7642829418182,178615.21,185.43,625017114624
2023-02-19,1040.264390707016,145619.16,156.92,620721885184
2023-02-20,2016.6200141906738,323566.85,323.25,672501669888
2023-02-21,1923.168348312378,309579.28,316.4,686126329856
2023-02-22,1695.65554022789,263882.39,272.23,718684717056
2023-02-23,1673.7546074390411,266013.04,277.32,700923666432
2023-02-24,1587.352733373642,244130.98,250.36,668756606976
2023-02-25,916.9793128967285,126283.35,138.59,610718863360
2023-02-26,825.1217126846313,112331.11,127.02,559734026240
2023-02-27,1997.3946142196655,322798.71,327.42,688884760576
2023-02-28,1800.9153859615326,283841.56,288.74,637889032192
2023-03-01,1883.1573643684387,298327.52,308.55,708801011712
2023-03-02,1434.5486645698547,220328.26,233.08,722171887616
2023-03-03,1350.9098477363586,207990.66,221.0,660547244032
2023-03-04,984.550039768219,134540.77,146.01,658012172288
2023-03-05,806.1993255615234,108438.09,124.58,625914859520
2023-03-06,1663.3991141319275,258946.61,270.45,705872510976
2023-03-07,1435.845853805542,218912.84,229.8,627904749568
2023-03-08,1459.4248299598694,217656.7,233.27,674466775040
2023-03-09,1337.101976633072,198701.51,215.41,647831207936
2023-03-10,1222.5341849327087,177570.45,189.52,683996688384
2023-03-11,854.998569726944,85675.94,115.4,512742977536
2023-03-12,638.007818698883,68575.75,98.6,485133008896
2023-03-13,1809.0655641555786,274095.09,287.5,761107218432
2023-03-14,1455.5442538261414,221155.62,233.02,664372641792
2023-03-15,1298.6949734687805,187137.14,200.7,743696621568
2023-03-16,1316.2732138633728,199216.24,211.06,674881740800
2023-03-17,1209.2893559932709,175942.2,188.98,712963735552
2023-03-18,768.681503534317,95687.02,117.84,530376994816
2023-03-19,641.9894008636475,69301.59,99.65,499653017600
2023-03-20,1684.9349598884583,262187.58,271.83,728433639424
2023-03-21,1677.8773925304413,264909.95,274.45,710705307648
2023-03-22,1381.6452598571777,210837.91,227.11,712147513344
2023-03-23,1391.780431509018,211984.31,225.87,711282663424
2023-03-24,1320.224366903305,198105.92,211.9,729373499392
2023-03-25,749.141261100769,91362.48,118.33,569799741440
2023-03-26,732.6133532524109,88479.34,113.47,527946547200
2023-03-27,1504.7300090789795,234273.23,248.73,704043831296
2023-03-28,1131.286511182785,166765.47,180.03,762732634112
2023-03-29,1220.731878042221,174412.16,188.07,725959024640
2023-03-30,940.6835722923279,121270.55,137.29,600022175744
2023-03-31,789.5593593120575,94934.58,119.32,538948575232
2023-04-01,768.0988476276398,89065.89,113.7,573893074944
2023-04-02,567.8832039833069,49375.16,81.55,438956515328
2023-04-03,1273.017956495285,177631.92,192.42,798875598848
2023-04-04,1079.3053858280182,149277.6,163.77,729316524032
2023-04-05,954.6949980258942,138714.48,149.76,744094502912
2023-04-06,834.0626170635223,109475.07,128.22,644087451648
2023-04-07,622.1777694225311,60931.72,93.05,433335599104
2023-04-08,572.4656009674072,53599.44,82.37,432020623360
2023-04-09,349.4688563346863,13124.47,38.63,248312512512
2023-04-10,1270.4928379058838,182056.94,195.4,739032555520
2023-04-11,1231.4821219444275,176577.56,187.34,818774892544
2023-04-12,1064.5624158382416,143668.75,153.85,752313901056
2023-04-13,844.1915595531464,107154.05,121.89,645321793536
2023-04-14,745.1654493808746,79141.9,104.69,546358857728
2023-04-15,535.3545198440552,42960.25,76.9,448183037952
2023-04-16,544.7453966140747,43893.79,77.06,415949991936
2023-04-17,1021.2298691272736,140315.77,150.1,720461942784
2023-04-18,709.6994998455048,77421.25,103.05,500761202688
2023-04-19,849.3551235198975,101291.74,119.23,630183813120
2023-04-20,755.6180245876312,79776.04,107.32,501088559104
2023-04-21,563.9516162872314,46556.89,76.77,437568753664
2023-04-22,481.59769082069397,36348.93,66.4,363939586048
2023-04-23,470.40497040748596,31381.38,61.69,371800350720
2023-04-24,802.8980350494385,110167.99,122.28,672023715840
2023-04-25,784.0901663303375,92368.04,110.87,548971704320
2023-04-26,744.4236867427826,82989.14,105.82,544640880640
2023-04-27,731.4939072132111,72787.18,97.98,513508413440
2023-04-28,624.8080859184265,51426.8,83.37,436485791744
2023-04-29,471.1595962047577,30375.57,62.65,367678091264
2023-04-30,420.56415581703186,22270.73,51.39,323450863616
2023-05-01,915.3319809436798,118800.99,130.49,682802049024
2023-05-02,720.9301397800446,88616.88,109.1,571485044736
2023-05-03,687.7517993450165,63966.56,92.48,476403093504
2023-05-04,603.3187651634216,39457.66,71.4,404107022336
2023-05-05,621.205353975296,44159.97,72.95,410622840832
2023-05-06,354.5027394294739,9442.81,30.68,216221282304
2023-05-07,378.47152400016785,16767.12,41.83,285128601600
2023-05-08,538.2683846950531,42162.65,71.95,409270509568
2023-05-09,824.3083052635193,90914.74,109.75,577803399168
2023-05-10,906.3107426166534,112051.43,123.5,660666712064
2023-05-11,715.4355418682098,81391.6,100.11,539389874176
2023-05-12,405.2338056564331,21764.73,49.13,321072390144
2023-05-13,380.043550491333,7932.02,27.92,183011033088
2023-05-14,321.5638213157654,11004.17,32.67,222174212096
2023-05-15,441.4424457550049,21769.79,49.71,304633860096
2023-05-16,532.62557554245,26872.62,57.12,349495279616
2023-05-17,360.5142216682434,11942.16,34.45,199305166848
2023-05-18,371.2499465942383,8512.55,30.06,199221624832
2023-05-19,337.37860584259033,4972.56,20.77,137768243200
2023-05-20,234.42703986167908,5141.36,20.11,132805337088
2023-05-21,269.5152473449707,6878.98,24.32,197138968576
2023-05-22,397.526291847229,12352.71,36.44,249410428928
2023-05-23,325.71580958366394,9278.0,29.92,176015650816
2023-05-24,317.0323920249939,8179.93,26.93,176496214016
2023-05-25,415.7978665828705,13117.59,36.11,202605363200
2023-05-26,337.2592911720276,11375.59,33.21,205370540032
2023-05-27,282.49107241630554,5731.28,22.49,136976367616
2023-05-28,262.7485806941986,5084.24,19.78,144888782848
2023-05-29,351.9133667945862,12610.2,34.75,215968010240
2023-05-30,456.21288871765137,20483.6,46.63,284476755968
2023-05-31,428.1851541996002,14279.65,38.21,238989037568
2023-06-01,378.38145184516907,17060.09,40.87,265477197824
2023-06-02,425.556884765625,12157.74,34.17,219736387584
2023-06-03,316.43518257141113,6345.55,21.83,146522566656
2023-06-04,299.1016709804535,7907.07,26.17,163618373632
2023-06-05,468.8810088634491,29053.84,56.11,362343571456
2023-06-06,343.40330624580383,16070.6,40.35,275300085760
2023-06-07,399.54117727279663,14341.37,37.86,224456192000
2023-06-08,328.69382095336914,7290.0,25.29,171294199808
2023-06-09,388.6706066131592,6691.81,23.99,139506659328
2023-06-10,313.48141860961914,8489.11,27.1,175953879040
2023-06-11,211.31627655029297,3641.76,15.89,94964264960
2023-06-12,550.5544583797455,35853.14,63.09,359153664000
2023-06-13,508.78496623039246,28411.88,55.03,346295668736
2023-06-14,412.4232771396637,15652.03,41.1,250966695936
2023-06-15,340.362756729126,11088.32,31.63,198764675072
2023-06-16,312.19675946235657,11737.8,31.56,207304646656
2023-06-17,255.94808340072632,4766.07,18.99,123721252864
2023-06-18,325.4027805328369,4056.34,17.03,109055676416
2023-06-19,359.1646161079407,13729.69,34.71,225749889024
2023-06-20,352.3364007472992,16681.75,39.58,276577816576
2023-06-21,373.9040539264679,14456.6,37.35,245499109376
2023-06-22,316.2406368255615,11079.0,30.74,224825348096
2023-06-23,305.4671971797943,7914.37,25.24,155591823360
2023-06-24,266.3615942001343,4150.95,17.15,117727956992
2023-06-25,303.0740587711334,5512.66,20.72,135216422912
2023-06-26,435.21347212791443,22667.28,48.28,285949194240
2023-06-27,331.90673875808716,13064.37,33.79,213413490688
2023-06-28,372.4006841182709,14753.56,37.52,240045330432
2023-06-29,369.57403683662415,11436.67,32.4,205530013696
2023-06-30,276.4886794090271,4518.65,18.75,123634212864
2023-07-01,293.4993236064911,3488.54,15.67,110010933248
2023-07-02,238.59134435653687,3155.06,15.16,109145432064
2023-07-03,356.90887427330017,16439.53,38.99,252945674240
2023-07-04,305.4374237060547,7362.94,24.91,185027383296
2023-07-05,461.414217710495,21906.47,47.36,294157746176
2023-07-06,314.1410803794861,10908.17,31.0,226028371968
2023-07-07,352.03227853775024,8865.99,28.75,178200481792
2023-07-08,275.8514401912689,5080.57,19.39,131699073024
2023-07-09,257.1334683895111,2971.04,14.16,83585847296
2023-07-10,403.4442710876465,16705.65,38.61,233370607616
2023-07-11,321.72391986846924,5908.63,22.31,147929042944
2023-07-12,280.9532153606415,5820.08,21.47,128388550656
2023-07-13,267.3010575771332,3499.54,15.37,84686561280
2023-07-14,272.244891166687,3403.86,15.54,86652727296
2023-07-15,207.762868642807,2616.48,12.97,76659384320
2023-07-16,309.47290110588074,1978.68,10.53,56249593856
2023-07-17,403.3616759777069,14859.03,36.78,217216237568
2023-07-18,302.0118534564972,10008.27,28.83,186026848256
2023-07-19,303.29342103004456,6765.33,22.61,143658180608
2023-07-20,293.68718433380127,5560.24,20.75,135251111936
2023-07-21,267.13767552375793,6038.39,21.21,121845596160
2023-07-22,254.83107686042786,6201.7,21.41,125318975488
2023-07-23,228.3185477256775,4108.9,16.77,95660388352
2023-07-24,565.9217669963837,45135.36,66.63,401588064256
2023-07-25,461.4832007884979,36002.67,57.67,325594374144
2023-07-26,422.2328290939331,24173.87,47.3,304635453440
2023-07-27,366.7487771511078,19133.8,43.07,282612793344
2023-07-28,344.42839884757996,15513.22,37.49,236433113088
2023-07-29,269.6236789226532,7210.53,22.94,137314332672
2023-07-30,272.66378259658813,8197.32,26.13,175723675648
2023-07-31,617.4075033664703,58456.45,75.17,354629046272
2023-08-01,463.871778011322,24364.91,48.67,299569684480
2023-08-02,495.77567887306213,38167.28,59.6,316823785472
2023-08-03,542.1960566043854,50153.21,70.74,370785660928
2023-08-04,357.5507619380951,20681.29,42.29,242642583552
2023-08-05,281.69499802589417,9875.86,27.68,163194019840
2023-08-06,263.4896833896637,6152.99,21.46,135365750784
2023-08-07,855.2959585189819,105086.36,111.97,523236413440
2023-08-08,543.3946213722229,58859.4,74.52,394374172672
2023-08-09,586.5119633674622,52093.09,70.49,373210632192
2023-08-10,501.3866832256317,34228.92,56.4,294539186176
2023-08-11,376.0604672431946,21209.26,44.63,250951159808
2023-08-12,323.02182626724243,11766.14,31.61,186746224640
2023-08-13,298.5781135559082,9001.56,26.75,141693976576
2023-08-14,612.4245765209198,63032.12,77.87,361628188672
2023-08-15,404.0356001853943,15657.95,38.28,202607443968
2023-08-16,393.47364115715027,21370.39,41.12,228796542976
2023-08-17,456.9220333099365,33232.03,53.48,260835328000
2023-08-18,390.9897232055664,24117.86,44.27,231171997696
2023-08-19,336.2808394432068,8215.83,25.35,132193222656
2023-08-20,286.26535296440125,6410.1,22.54,128656269312
2023-08-21,940.8597753047943,116098.54,118.77,417457192960
2023-08-22,720.3580052852631,77953.45,85.71,414646910976
2023-08-23,705.8636631965637,80793.75,89.76,408899014656
2023-08-24,753.5024995803833,79899.88,87.84,379832868864
2023-08-25,651.7246725559235,59411.31,76.64,330880602112
2023-08-26,350.5761079788208,16629.04,34.97,162761961472
2023-08-27,406.81820487976074,28093.13,45.95,217181523968
2023-08-28,955.8888731002808,118856.84,123.31,389653811200
2023-08-29,734.2407124042511,85708.84,95.93,378833580032
2023-08-30,715.0736968517303,80298.77,88.8,379088257024
2023-08-31,416.75622844696045,29158.74,49.75,240160309248
2023-09-01,399.74343848228455,24790.45,46.4,198547939328
2023-09-02,328.70264983177185,12150.2,32.07,164325744640
2023-09-03,303.40878987312317,13050.91,31.46,150440038400
2023-09-04,702.368439912796,73233.34,83.79,359661404160
2023-09-05,617.6748735904694,58342.85,73.33,329603043328
2023-09-06,698.2123379707336,73495.74,83.49,336684703744
2023-09-07,498.3727037906647,48525.38,64.48,274613891072
2023-09-08,536.1462662220001,43289.97,60.04,258276548608
2023-09-09,418.1272785663605,21195.53,41.98,198395052032
2023-09-10,409.64159393310547,20121.9,38.92,188418060288
2023-09-11,994.9331564903259,123047.47,126.75,411269431296
2023-09-12,732.193516254425,78302.27,87.28,330220257280
2023-09-13,569.3671357631683,63155.0,74.76,341186437120
2023-09-14,539.3265311717987,42941.11,61.14,259103506432
2023-09-15,426.67419147491455,22441.03,42.73,185133699072
2023-09-16,377.02763652801514,14358.57,33.09,163181916160
2023-09-17,312.9079577922821,10423.72,27.31,138979516416
2023-09-18,854.0673985481262,99650.76,106.89,354467344384
2023-09-19,674.8267076015472,67192.18,80.64,303882551296
2023-09-20,544.4428865909576,57136.59,69.57,300627660800
2023-09-21,601.2555549144745,56062.58,67.26,287116656640
2023-09-22,424.582480430603,33498.43,50.01,226016219136
2023-09-23,408.47753381729126,15011.84,32.77,145620267008
2023-09-24,345.4701623916626,10260.26,27.72,122671063040
2023-09-25,838.3251218795776,96479.47,102.85,337275695104
2023-09-26,686.2612836360931,69413.42,80.7,339133890560
2023-09-27,563.7152395248413,44428.6,61.66,253909639168
2023-09-28,540.8593561649323,42378.8,59.76,261389627392
2023-09-29,461.24875664711,26713.42,47.94,240535175168
2023-09-30,385.44705843925476,14395.19,33.47,166708068352
2023-10-01,480.87146043777466,29385.01,49.56,230677295104
2023-10-02,996.0881795883179,121738.32,127.43,352349728768
2023-10-03,585.7369515895844,52942.61,67.96,289342955520
2023-10-04,599.0811233520508,52148.28,66.26,272637050880
2023-10-05,544.8069176673889,42600.88,59.09,240651866112
2023-10-06,530.4221770763397,39423.84,57.63,241369927680
2023-10-07,387.86699175834656,11380.54,32.14,132937936896
2023-10-08,385.63944816589355,13736.69,33.68,155032039424
2023-10-09,881.1945078372955,102303.97,111.75,331532193792
2023-10-10,571.2909924983978,42426.77,57.06,252413968384
2023-10-11,549.7711691856384,39934.31,58.01,243883528192
2023-10-12,540.7410845756531,39880.21,57.98,242483515392
2023-10-13,505.23776149749756,33979.41,51.98,202353692672
2023-10-14,361.84119725227356,9740.88,27.62,135955619840
2023-10-15,328.7905869483948,7210.53,23.34,110431035392
2023-10-16,899.6429653167725,98980.81,110.32,365173600256
2023-10-17,518.6341581344604,36283.95,51.9,209251926016
2023-10-18,544.7988338470459,35546.82,56.05,211334066176
2023-10-19,492.0816218852997,31175.46,50.23,214870863872
2023-10-20,376.275919675827,12392.46,30.46,132331196416
2023-10-21,279.39985823631287,7408.98,23.26,103960567808
2023-10-22,351.36964178085327,9725.97,27.19,125123452928
2023-10-23,1230.32129073143,153323.36,164.53,600749187072
2023-10-24,546.429324388504,39916.68,59.51,246290231296
2023-10-25,525.4044013023376,33222.88,54.63,233318318080
2023-10-26,542.3654308319092,33428.8,57.52,214587215872
2023-10-27,508.3016963005066,26434.78,48.38,199929401344
2023-10-28,274.9968433380127,8353.68,23.89,124021813248
2023-10-29,272.4288341999054,9150.1,25.36,127928492032
2023-10-30,996.8609404563904,141934.59,130.5,371420377088
2023-10-31,399.97364020347595,22609.21,42.42,188144005120
2023-11-01,399.32073283195496,22304.27,39.61,187086622720
2023-11-02,397.2557101249695,25894.44,43.75,196582215680
2023-11-03,305.67499017715454,15823.54,33.76,186158739456
2023-11-04,295.00697469711304,13503.78,30.8,162031501312
2023-11-05,333.8933455944061,17362.05,35.52,174594551808
2023-11-06,1045.6638720035553,152146.91,142.06,367270404096
2023-11-07,453.1344072818756,38174.77,54.22,215973138432
2023-11-08,401.835218667984,28426.7,45.68,206052638720
2023-11-09,388.9160840511322,24599.11,41.9,189640740864
2023-11-10,356.75331830978394,19845.78,37.83,168786878464
2023-11-11,263.0251955986023,6522.35,21.23,97837027328
2023-11-12,294.2149257659912,14584.46,31.91,165469716480
2023-11-13,850.792366027832,115262.87,113.98,346927628288
2023-11-14,491.49738907814026,47148.49,59.41,250174169088
2023-11-15,467.8218216896057,44619.3,58.65,245117448192
2023-11-16,337.5863571166992,18517.95,35.8,171046322176
2023-11-17,346.84249663352966,17534.64,35.94,157316206592
2023-11-18,271.98916459083557,9532.81,25.33,114863742976
2023-11-19,317.5926010608673,15011.17,32.04,153625415680
2023-11-20,1117.629947423935,156566.42,140.55,311674863616
2023-11-21,579.995491027832,63383.04,67.33,278900772864
2023-11-22,413.1928298473358,30312.74,46.02,214111948800
2023-11-23,260.57591938972473,7226.66,22.63,97742147584
2023-11-24,339.71238899230957,17713.14,34.43,156089712640
2023-11-25,332.1285009384155,12769.61,29.42,128234668032
2023-11-26,330.7488684654236,18417.47,34.6,153525997568
2023-11-27,1243.6438879966736,184930.81,160.96,337545068544
2023-11-28,617.0126616954803,73635.13,78.59,309408522240
2023-11-29,510.89221239089966,49795.34,60.1,250526257152
2023-11-30,351.8958339691162,22846.75,39.35,172725227520
2023-12-01,341.61783504486084,17957.63,34.01,156968112128
2023-12-02,266.8576993942261,7780.17,22.2,111328919552
2023-12-03,274.4673476219177,7315.79,22.61,100593221632
2023-12-04,1190.5711579322815,168690.78,141.31,331154505728
2023-12-05,496.1451051235199,47685.35,57.05,236047093760
2023-12-06,439.86471152305603,32137.19,46.76,196862930944
2023-12-07,316.8106589317322,14445.78,30.72,130850029568
2023-12-08,314.7940082550049,11162.73,27.51,120799752192
2023-12-09,255.3370487689972,6027.0,18.99,82273419264
2023-12-10,241.25236797332764,8166.72,22.28,101703393280
2023-12-11,864.1085593700409,116701.21,105.08,327530344448
2023-12-12,398.4285178184509,30138.1,43.91,152058118144
2023-12-13,510.99659991264343,51718.13,59.44,224319504384
2023-12-14,458.6254189014435,34013.98,48.87,189374369792
2023-12-15,435.22801184654236,34693.47,47.87,196993089536
2023-12-16,265.29165744781494,14278.97,29.89,136722505728
2023-12-17,324.2067348957062,12605.74,27.93,130882519040
2023-12-18,565.7770597934723,62868.52,64.36,237545709568
2023-12-19,553.3652575016022,58945.65,63.26,242536472576
2023-12-20,499.16092443466187,45894.2,54.71,213080354816
2023-12-21,367.9167628288269,30367.49,41.38,168444510208
2023-12-22,409.1165945529938,28588.94,40.98,169000067072
2023-12-23,282.7995254993439,12834.08,27.32,123070652416
2023-12-24,242.15891671180725,7317.99,21.5,88504475648
2023-12-25,211.99252223968506,4991.14,16.72,75739267072
2023-12-26,589.7644340991974,64694.5,66.14,260017192960
2023-12-27,497.7375214099884,39115.55,49.04,191930621952
2023-12-28,272.2792031764984,13699.51,28.35,120288546816
2023-12-29,301.9597809314728,12402.62,26.52,117613125632
2023-12-30,194.75001168251038,4577.2,15.65,59578228736
2023-12-31,234.63216066360474,7719.38,21.09,93337796608
2024-01-01,212.3149209022522,8203.96,21.54,98715869184
2024-01-02,413.5683455467224,31617.27,43.25,162325278720
2024-01-03,329.03894567489624,17653.94,33.66,132345815040
2024-01-04,281.67331743240356,11376.1,25.84,110917251072
2024-01-05,251.00561141967773,8707.71,22.91,108367949824
2024-01-06,200.09352922439575,3788.3,14.24,65942880256
2024-01-07,199.15141439437866,5012.1,16.58,71522832384
2024-01-08,418.0397756099701,25208.81,38.42,140847443968
2024-01-09,311.8837811946869,15820.02,30.88,113058308096
2024-01-10,392.68460035324097,33863.99,44.03,159000440832
2024-01-11,376.5700364112854,27247.29,40.25,131252297728
2024-01-12,348.53932309150696,20313.81,33.74,123581796352
2024-01-13,188.4189257621765,5840.22,17.84,76254363648
2024-01-14,250.05994963645935,6412.67,18.7,69900853248
2024-01-15,347.1657226085663,25155.95,37.93,139589976064
2024-01-16,366.36610078811646,32497.55,44.94,154454519808
2024-01-17,351.63699221611023,30544.77,42.62,138624483328
2024-01-18,412.96941900253296,31482.18,43.14,157105459200
2024-01-19,342.36843252182007,26079.79,39.21,143381463040
2024-01-20,250.4040675163269,11985.3,25.86,101973676032
2024-01-21,267.8830304145813,11947.5,26.09,105356877824
2024-01-22,403.9136173725128,37954.44,49.18,157115076608
2024-01-23,424.57853293418884,33576.21,45.75,147717754880
2024-01-24,387.8311264514923,30255.42,43.77,146316402688
2024-01-25,345.85710167884827,25979.2,40.36,149768691712
2024-01-26,269.3620307445526,16686.54,32.69,119794319360
2024-01-27,202.9519398212433,4661.28,15.91,61512196096
2024-01-28,206.61038756370544,4659.79,16.1,74993786880
2024-01-29,399.1409809589386,33794.92,46.28,141658533888
2024-01-30,406.98352789878845,37673.2,50.17,163177877504
2024-01-31,343.8345606327057,25540.89,39.82,126200664064
2024-02-01,350.461238861084,28073.84,42.18,150961717248
2024-02-02,301.5297591686249,23615.92,37.4,126544035840
2024-02-03,182.2642376422882,6053.31,18.22,78205505536
2024-02-04,160.6338279247284,3325.34,14.02,52767952896
2024-02-05,305.3365104198456,18478.03,33.19,127949901824
2024-02-06,357.58524537086487,28619.46,42.63,152535781376
2024-02-07,335.31487464904785,22349.32,36.59,129483923456
2024-02-08,328.7315192222595,18723.87,33.87,126218833920
2024-02-09,229.4381606578827,12409.12,27.34,104777998336
2024-02-10,186.4939887523651,4552.25,15.89,64640512000
2024-02-11,185.7216055393219,3154.73,13.15,51250233344
2024-02-12,271.8852081298828,18164.2,33.05,129860562944
2024-02-13,292.9501359462738,12883.1,27.8,109742276608
2024-02-14,207.94585275650024,9681.76,23.59,93025230848
2024-02-15,195.11790013313293,7408.73,20.94,99073101824
2024-02-16,154.97206735610962,3372.5,13.71,64501579776
2024-02-17,143.87410283088684,1499.98,9.39,41347403776
2024-02-18,219.62801599502563,1663.61,9.7,39722586112
2024-02-19,223.49304676055908,10956.62,25.29,98631389184
2024-02-20,249.24004077911377,13230.49,27.92,116922023936
2024-02-21,232.51298832893372,11606.66,26.34,111228768256
2024-02-22,241.45571875572205,12109.81,27.22,104367501312
2024-02-23,206.0339252948761,5608.74,18.1,74685243392
2024-02-24,130.22026228904724,1474.75,9.17,39680819200
2024-02-25,141.70737671852112,2621.03,11.93,52257083392
2024-02-26,221.5210039615631,9863.64,24.76,105083965440
2024-02-27,217.75270462036133,9437.16,23.57,93413715968
2024-02-28,178.70468950271606,5118.33,16.98,74422673408
2024-02-29,176.91719889640808,2527.1,11.96,53389053952
2024-03-01,150.06054592132568,2754.51,12.18,49360908288
2024-03-02,151.85137248039246,1115.13,8.0,36472676352
2024-03-03,139.00481343269348,769.31,6.87,30883733504
2024-03-04,175.40738940238953,3808.86,14.63,66427449344
2024-03-05,156.1813759803772,2393.61,11.48,49057091584
2024-03-06,177.4672646522522,4610.23,16.17,71393468416
2024-03-07,218.59716987609863,2827.42,12.77,50516705280
2024-03-08,140.68766379356384,1839.86,10.41,46139215872
2024-03-09,136.26948356628418,1773.42,9.94,44228370432
2024-03-10,103.8953001499176,466.84,5.7,22076755968
2024-03-11,166.6375653743744,4543.43,15.53,85051809792
2024-03-12,132.4456672668457,1731.57,9.79,43126026240
2024-03-13,165.2779564857483,3526.89,13.77,65355579392
2024-03-14,133.23414611816406,1777.7,9.95,44144844800
2024-03-15,127.54768753051758,1256.51,8.19,38520778752
2024-03-16,121.91063380241394,832.37,6.99,26970087424
2024-03-17,106.59550046920776,459.86,5.36,22904184832
2024-03-18,236.7966115474701,2769.96,12.41,52203278336
2024-03-19,132.14876580238342,1525.63,8.99,44503674880
2024-03-20,183.3517565727234,4959.54,16.38,92131639296
2024-03-21,157.81855154037476,2912.45,12.75,57458798592
2024-03-22,180.17300748825073,4013.82,15.02,72066748416
2024-03-23,170.32215547561646,1711.64,9.76,44030148608
2024-03-24,141.8999695777893,1350.75,8.77,38397952000
2024-03-25,229.11304473876953,5739.72,18.17,86070480896
2024-03-26,189.12878584861755,4693.02,15.48,80265306112
2024-03-27,162.41737174987793,3245.51,13.15,66169843712
2024-03-28,145.41667413711548,1749.46,9.02,53119070208
2024-03-29,113.58847665786743,199.93,4.18,19834363904
2024-03-30,144.1997799873352,583.67,5.6,28965593088
2024-03-31,147.08486461639404,444.72,5.06,22688731136
2024-04-01,171.44483995437622,2315.62,11.51,55042109440
2024-04-02,142.4255714416504,2126.89,10.45,51258396672
2024-04-03,170.28073596954346,3369.7,12.78,69808046080
2024-04-04,167.46360993385315,3070.25,12.77,56466558976
2024-04-05,148.20180463790894,1520.68,8.96,43206545408
2024-04-06,138.52119755744934,963.74,7.34,32331345920
2024-04-07,117.56282234191895,516.57,5.51,23260073984
2024-04-08,150.297114610672,1685.04,9.57,42779492352
2024-04-09,147.3615803718567,1648.91,9.42,43404574720
2024-04-10,129.25529146194458,1112.29,7.96,33586626560
2024-04-11,113.19785356521606,688.94,6.36,30163881984
2024-04-12,177.25546860694885,1405.03,8.48,41823870976
2024-04-13,155.10980248451233,1504.76,8.58,49412386816
2024-04-14,101.9938805103302,399.06,5.02,21819076608
2024-04-15,236.64184403419495,2428.48,11.63,56860798976
2024-04-16,150.3716540336609,1565.22,9.02,45503598592
2024-04-17,165.549396276474,2395.18,10.79,54630866944
2024-04-18,223.79039525985718,2997.25,12.42,65315897344
2024-04-19,122.44339084625244,1041.44,7.25,35665408000
2024-04-20,117.14759945869446,470.87,5.49,25588232192
2024-04-21,128.6596531867981,1189.82,8.0,44373446656
2024-04-22,165.4507384300232,2995.8,12.34,68386381824
2024-04-23,163.88209414482117,3824.53,13.78,77778239488
2024-04-24,142.76789450645447,2231.24,10.79,53601845248
2024-04-25,177.53818774223328,3466.27,13.89,64888406016
2024-04-26,149.80186986923218,2122.05,10.25,54569508864
2024-04-27,161.59623265266418,1951.03,10.15,66804539392
2024-04-28,130.06817960739136,1235.5,8.06,42649210880
2024-04-29,167.16774034500122,2654.5,11.49,69675585536
2024-04-30,187.71060180664062,4236.33,15.11,85239480320
2024-05-01,188.64912104606628,2583.01,12.17,68218871808
2024-05-02,184.81214261054993,3564.41,12.81,77788282880
2024-05-03,155.85400104522705,1206.73,8.33,40253173760
2024-05-04,170.37990880012512,1034.96,7.53,33764192256
2024-05-05,124.34026527404785,840.4,6.99,31904497664
2024-05-06,160.9182608127594,2337.02,10.96,52615319552
2024-05-07,168.52172660827637,2388.36,10.67,57931735040
2024-05-08,180.50808954238892,2507.6,11.45,56045993984
2024-05-09,164.35116386413574,2595.56,11.03,56363200512
2024-05-10,164.3522093296051,3472.42,13.35,68179226624
2024-05-11,152.79513454437256,2462.61,10.93,56234573824
2024-05-12,129.1220724582672,1045.71,7.2,37073907712
2024-05-13,171.278382062912,3015.12,12.32,65600802816
2024-05-14,201.85676336288452,6244.02,18.15,107454976000
2024-05-15,158.6401002407074,3416.39,12.65,84220727296
2024-05-16,177.38636088371277,5013.43,16.14,84768305152
2024-05-17,151.04345560073853,2077.56,10.78,55072296960
2024-05-18,106.90696024894714,794.86,6.72,31893274624
2024-05-19,146.92449259757996,2145.43,10.34,58158796800
2024-05-20,197.01084899902344,7678.9,20.37,95004905472
2024-05-21,191.22640919685364,6231.14,17.81,100094111744
2024-05-22,181.87606573104858,3836.78,13.87,71508975616
2024-05-23,154.2406189441681,3006.94,12.58,59758522368
2024-05-24,161.9715974330902,2339.93,11.34,59728064512
2024-05-25,165.21589493751526,3258.39,12.7,63086682112
2024-05-26,147.844731092453,2418.15,11.06,52642103296
2024-05-27,189.54437255859375,4366.21,14.56,74582417408
2024-05-28,171.95892524719238,3499.28,13.26,77177012224
2024-05-29,163.82504749298096,3331.71,12.63,70731608064
2024-05-30,155.30961084365845,2936.42,11.76,65153576960
2024-05-31,174.16400933265686,4390.02,14.85,82933743616
2024-06-01,186.25333285331726,893.34,6.84,29413400576
2024-06-02,173.65354466438293,3519.01,13.08,78291451904
2024-06-03,166.8329906463623,4075.74,13.94,78786306048
2024-06-04,139.90784358978271,1884.8,9.91,54433132544
2024-06-05,169.25607323646545,3411.06,12.46,80062029824
2024-06-06,103.39043307304382,410.66,4.85,23797489664
