usher_node,pango_counts,sc2ts_mrca,sc2ts_num_descendants,sc2ts_closest_recombinant,sc2ts_closest_recombinant_path_len,usher_num_descendants
SRR21610934,{'BA.5.2': 1},1360126,1,1189192,6,1
node_600484,{'XBR': 1},1420165,1,1420166,1,1
SRR20186719,{'AY.119.2': 1},862839,2,295320,7,1
node_181040,{'AY.4': 2},378676,282,-1,2147483648,2
ERR6758858,{'AY.4': 1},478619,1,478620,1,1
ERR7310305,{'AY.4': 1},707305,1,707306,1,1
node_180844,{'AY.4.2': 6},606246,24,-1,2147483648,6
ERR7239088,{'AY.4': 1},615438,1,-1,2147483648,1
node_181129,{'AY.107': 2},392053,2,295320,9,2
ERR6492835,{'AY.100': 1},373069,1,-1,2147483648,1
SRR20258232,{'AY.39.1': 1},652406,1,652407,1,1
node_180673,{'B.1.617.2': 3},638821,3,295320,4,3
node_309654,{'AY.44': 8},891576,8,867631,1,8
node_181897,{'AY.100': 1},894830,1,894831,1,1
node_175008,{'AY.100': 2},887697,2,753831,1,2
SRR15628733,{'AY.110': 1},395118,1,-1,2147483648,1
SRR22255468,{'BA.5': 1},1381415,1,1381416,1,1
ERR6342716,{'B.1.617.2': 1},321709,1,-1,2147483648,1
ERR9278240,{'BA.2': 1},1123299,1,1123300,1,1
node_180938,{'AY.4': 2},238065,612069,-1,2147483648,2
SRR21458174,{'BA.4': 1},1344976,1,1344977,1,1
ERR5458848,{'B.1.1.7': 1},143656,1,-1,2147483648,1
node_484010,{'BA.1': 2},1049887,2,960706,1,2
ERR7379837,{'AY.4': 1},696342,1,295320,4,1
node_505750,{'BA.1': 1},1162484,1,1162485,1,1
node_181295,{'AY.39': 3},872957,3,-1,2147483648,3
ERR5238288,{'B.1.177.9': 1},104753,1,104754,1,1
ERR6622251,{'AY.4': 1},431503,1,295320,3,1
node_581670,{'BF.1': 1},1321669,1,1321670,1,1
node_572039,{'BA.5.2.1': 1},1428038,1,1428039,1,1
SRR16706479,{'AY.100': 1},599994,1,-1,2147483648,1
SRR21370350,{'BA.5.1.2': 1},1340296,1,1189192,7,1
ERR7305778,{'AY.4': 1},698138,1,698139,1,1
SRR21173296,{'AY.26': 1},685800,1,-1,2147483648,1
node_504685,{'BA.1.18': 1},2453925,1,1044332,4,1
node_431210,"{'BA.1': 1, 'BA.1.19': 2, 'BA.1.17': 1}",987426,863,-1,2147483648,4
SRR15775745,{'AY.3': 1},424562,13,-1,2147483648,1
SRR15189070,{'B.1.1.7': 1},321943,1,-1,2147483648,1
ERR6629362,{'AY.4': 1},402648,1,295320,4,1
node_487122,{'BA.1.17.2': 1},882058,1,-1,2147483648,1
node_177016,{'AY.100': 3},672894,3,-1,2147483648,3
SRR19223070,{'AY.3': 1},894320,1,894321,1,1
node_180635,"{'AY.39': 464, 'AY.119': 250, 'AY.4': 520, 'AY.110': 27, 'AY.4.2': 101, 'AY.100': 834, 'AY.113': 40, 'AY.119.2': 144, 'B.1.617.2': 47, 'AY.118': 178, 'AY.120': 35, 'AY.107': 68, 'AY.39.1': 77, 'AY.117': 67, 'AY.124': 4, 'AY.112.2': 15, 'AY.4.11': 2, 'AY.4.7': 5, 'AY.120.1': 17, 'AY.114': 51, 'AY.109': 9, 'AY.4.4': 7, 'AY.4.2.2': 20, 'AY.4.2.1': 25, 'AY.29': 4, 'AY.36': 37, 'AY.42': 17, 'AY.116.1': 22, 'AY.106': 2, 'AY.129': 6, 'AY.105': 3, 'AY.20': 47, 'AY.103': 10, 'AY.126': 12, 'AY.112': 5, 'AY.111': 3, 'AY.4.5': 1, 'AY.127': 2, 'AY.4.1': 2, 'AY.4.9': 2, 'AY.4.12': 1, 'AY.25': 1, 'AY.46.4': 1, 'AY.25.1': 1, 'AY.4.2.3': 2, 'AY.46.1': 1, 'AY.5': 1}",220185,1061795,-1,2147483648,3190
SRR21797771,{'BA.5.3.1': 1},1375129,1,1375130,1,1
SRR16620947,{'B.1.526': 1},263781,1,263782,1,1
node_180647,{'AY.110': 7},330511,8,-1,2147483648,7
node_172546,{'AY.100': 6},685472,29,607303,3,6
SRR20953902,{'AY.119': 1},743713,1,-1,2147483648,1
node_409301,{'B.1.1': 3},125722,3,125722,0,3
ERR6557788,{'AY.122': 1},413358,1,413359,1,1
ERR7240684,{'AY.4': 1},611140,1,-1,2147483648,1
node_505727,"{'BA.1': 1, 'BA.1.1': 1}",220139,708356,-1,2147483648,2
SRR17235074,{'B.1.617.2': 1},613141,1,295320,4,1
node_175182,{'AY.100': 3},542598,3,526313,1,3
node_600480,"{'XBD': 30, 'XBR': 1, 'BA.2.75': 5}",1291791,7182,-1,2147483648,36
ERR7245663,{'AY.4': 1},637273,1,295320,4,1
SRR20246692,{'AY.100': 1},669990,1,669991,1,1
node_296597,{'AY.44': 2},854203,2,854204,1,2
SRR20682810,{'BA.2': 1},1294442,1,1294443,1,1
node_539516,{'BA.2': 2},1432901,2,1432902,1,2
SRR20263707,{'AY.113': 1},808552,1,710835,2,1
node_180866,{'AY.4.2': 1},571039,1,571040,1,1
ERR6492325,{'AY.4': 1},398981,1,-1,2147483648,1
ERR7005088,{'AY.4': 1},528944,1,-1,2147483648,1
node_45166,{'AY.103': 2},376920,2,376921,1,2
SRR16008906,{'B.1.351': 1},286243,2,-1,2147483648,1
node_181542,{'AY.114': 2},603714,2,293131,4,2
node_333973,{'AY.75': 7},429994,7,429995,1,7
node_600537,{'BA.5.2': 8},1335483,8,1335483,0,8
node_452696,{'BA.1.1': 2},1124554,3,-1,2147483648,2
ERR7701327,{'AY.4.2': 1},757554,1,-1,2147483648,1
node_213045,{'AY.120': 6},820129,6,-1,2147483648,6
node_371666,{'B.1.1.7': 3},105931,3,105931,0,3
ERR6868848,{'AY.4': 1},550956,1,550957,1,1
ERR9700026,{'BA.2': 1},1196232,1,1196233,1,1
node_385731,{'B.1.1.7': 61},238621,61,238621,0,61
ERR10020846,{'BA.5': 1},1312842,1,1312843,1,1
node_180900,{'AY.4': 4},827345,6,-1,2147483648,4
SRR21716808,{'BA.5.6': 1},1366396,1,1366397,1,1
ERR7043839,{'AY.9': 1},541068,1,-1,2147483648,1
node_595950,{'BA.5': 4},1374207,4,1374207,0,4
node_566565,{'BQ.1.1.5': 2},1421570,2,1189192,17,2
node_505753,{'unclassified': -1},-1,0,-1,2147483648,531224
node_320319,{'AY.36': 4},460032,5,-1,2147483648,4
node_181491,{'AY.39': 6},717122,6,681544,1,6
ERR5331405,{'B.1.1.7': 1},136781,1,-1,2147483648,1
node_323014,"{'B.1.617.2': 32, 'AY.126': 8}",394631,40,394632,1,40
node_545406,{'XBB.1.5.4': 2},1436304,2,1436032,1,2
node_183880,{'AY.126': 2},656965,2,650448,1,2
node_176634,{'AY.100': 2},530207,2,432788,3,2
node_181723,{'AY.100': 1},652472,1,-1,2147483648,1
node_180702,{'AY.4': 1},515480,1,515481,1,1
node_539513,{'BA.2': 4},1189192,166127,1189192,0,4
SRR21900426,{'BA.4': 1},1379762,1,1379763,1,1
SRR20186763,{'AY.100': 1},857801,1,-1,2147483648,1
ERR7230437,{'AY.4': 1},678494,1,678495,1,1
node_222966,{'AY.118': 11},286962,3318,-1,2147483648,11
node_188464,{'AY.119.2': 60},710254,60,-1,2147483648,60
ERR6454891,{'B.1.617.2': 1},365317,1,-1,2147483648,1
node_204686,{'B.1.617.2': 3},424034,3,295320,5,3
ERR6569478,{'AY.4': 1},354586,1,-1,2147483648,1
SRR16729209,{'B.1.1.7': 1},250261,1,-1,2147483648,1
node_220408,{'AY.39': 4},349462,5,-1,2147483648,4
SRR21889546,{'BA.5.2': 1},1382682,1,1382683,1,1
node_156771,{'AY.4': 1},468579,1,-1,2147483648,1
SRR16288101,{'AY.113': 1},521853,1,521854,1,1
node_181317,{'AY.39': 1},645449,1,-1,2147483648,1
SRR17813172,{'AY.119': 1},913019,1,913020,1,1
SRR20117083,{'AY.119': 1},894693,1,894694,1,1
ERR7137303,{'AY.4': 1},632621,1,-1,2147483648,1
ERR7148099,{'AY.4': 1},618005,1,-1,2147483648,1
node_181732,{'AY.100': 1},710757,1,-1,2147483648,1
ERR6997670,{'B.1.617.2': 1},574333,1,-1,2147483648,1
ERR6761008,{'AY.4': 1},443409,1,443410,1,1
SRR15983091,{'AY.39.1': 1},488817,1,-1,2147483648,1
SRR16829531,{'AY.113': 1},612982,1,295320,6,1
SRR17367056,{'AY.4': 1},849669,1,-1,2147483648,1
node_160655,{'AY.4': 2},431709,2,-1,2147483648,2
ERR7141593,{'AY.4': 1},483038,1,483039,1,1
SRR15993439,{'AY.39': 1},440845,2,-1,2147483648,1
SRR20226638,{'AY.120.1': 1},716031,1,716032,1,1
node_181076,{'AY.4': 1},560800,1,560801,1,1
node_5901,{'B.1.214': 2},264915,2,264915,0,2
SRR17187152,{'AY.100': 1},838260,1,-1,2147483648,1
SRR16518465,{'AY.3': 1},558154,1,558155,1,1
node_505768,{'XAC': 18},1219046,18,964555,4,18
SRR22011937,{'BA.4.6': 1},1387781,1,-1,2147483648,1
SRR22986640,{'AY.103': 1},550420,1,-1,2147483648,1
node_333966,{'AY.75': 16},383229,16,383230,1,16
SRR20942480,{'AY.122': 1},868232,1,-1,2147483648,1
node_661668,{'B.1.1.29': 19},11180,20,-1,2147483648,19
SRR16700270,{'C.37': 1},334493,1,-1,2147483648,1
node_582166,{'BF.27': 2},1373411,2,1373412,1,2
SRR20117358,{'AY.107': 1},891267,1,891268,1,1
SRR21263213,{'AY.103': 1},834034,2,834035,1,1
node_665393,"{'P.1.10': 548, 'P.1': 2999, 'P.1.17': 491, 'P.1.13': 149, 'P.1.7.1': 4, 'P.1.16': 33, 'P.1.7': 43, 'P.1.14': 18, 'P.1.15': 45, 'P.1.12': 8, 'P.1.4': 1, 'P.1.2': 2, 'P.1.1': 9, 'P.1.17.1': 1, 'P.1.9': 1}",172085,4356,-1,2147483648,4352
SRR20246982,{'AY.113': 1},685496,1,685497,1,1
SRR23600395,{'AY.46.1': 1},579955,1,579956,1,1
SRR19279245,{'AY.119': 1},663386,1,-1,2147483648,1
SRR16350995,{'AY.39.1': 1},537751,3,-1,2147483648,1
node_181510,{'AY.39': 3},631685,3,-1,2147483648,3
node_220074,{'AY.39': 2},516482,3,-1,2147483648,2
node_182201,{'AY.119.2': 2},220139,708356,-1,2147483648,2
SRR20186249,{'AY.113': 1},857774,1,295320,6,1
ERR8198202,{'AY.4.2.2': 1},878161,1,295320,8,1
SRR20891142,{'AY.39': 1},925496,1,925497,1,1
node_156297,{'AY.4': 2},587061,2,587062,1,2
ERR9625458,{'BA.1': 1},1200359,1,1200360,1,1
SRR21797337,{'BA.2.75.2': 1},1375055,1,1375056,1,1
node_351211,{'B.1.1.7': 69},200835,69,-1,2147483648,69
node_181656,{'AY.100': 3},578932,6,-1,2147483648,3
SRR20178790,{'AY.34.1': 1},823202,1,-1,2147483648,1
node_183966,{'AY.107': 2},631798,3,-1,2147483648,2
node_173464,{'AY.100': 21},593957,67,579674,1,21
SRR21834646,{'BA.5.2.1': 1},1358270,1,1358271,1,1
node_198215,{'AY.4': 2},533073,2,-1,2147483648,2
ERR10839848,{'BA.2': 1},1430260,1,1430261,1,1
ERR6490974,{'AY.4': 1},395770,1,-1,2147483648,1
SRR20264149,{'AY.119': 1},812784,1,812785,1,1
SRR20117298,{'AY.39.1': 1},894760,1,894761,1,1
node_435546,{'BA.1.1': 1},971194,1,-1,2147483648,1
SRR20918075,{'AY.4': 1},897892,1,295320,3,1
SRR17445040,{'AY.67': 1},334513,1,334514,1,1
node_182359,{'AY.113': 2},652385,2,295320,7,2
SRR15491121,{'P.1': 1},377105,1,-1,2147483648,1
node_180298,{'AY.113': 1},685523,3,685524,1,1
node_553131,"{'BA.5.1': 8, 'BA.5.2': 1}",1353974,9,1189192,6,9
node_278390,{'AY.3': 3},377592,3,-1,2147483648,3
ERR7239993,{'B.1.617.2': 1},644247,1,295320,5,1
ERR7148136,{'AY.36': 1},610783,1,-1,2147483648,1
ERR7314127,{'AY.4.2': 1},641091,1,641092,1,1
node_56081,{'AY.4': 2},752005,2,752005,0,2
node_181828,{'AY.100': 1},645409,1,-1,2147483648,1
SRR20254670,{'AY.20': 1},645419,1,295320,8,1
node_181271,{'AY.39.1': 3},652398,3,-1,2147483648,3
node_409307,{'unclassified': -1},-1,0,-1,2147483648,339523
node_183083,{'AY.114': 10},587860,10,-1,2147483648,10
ERR7313709,{'AY.4': 1},680539,1,295320,3,1
node_585849,{'BA.5.2.1': 6},1364334,6,1189192,6,6
node_92246,{'AY.4': 2},659106,2,659106,0,2
ERR6491383,{'B.1.617.2': 1},373051,1,373052,1,1
SRR15954459,{'B.1.637': 1},297975,1,-1,2147483648,1
node_182318,{'AY.127': 2},575284,2,-1,2147483648,2
node_181669,{'AY.100': 2},812512,2,-1,2147483648,2
node_45191,{'XC': 5},414488,5,414488,0,5
ERR10031820,{'BE.1': 1},1322025,1,1322026,1,1
SRR16829334,{'AY.109': 1},617000,1,617001,1,1
node_181231,{'AY.39': 1},617021,1,-1,2147483648,1
node_177749,{'AY.100': 1},725167,1,-1,2147483648,1
node_222557,{'AY.118': 2},887471,2,-1,2147483648,2
node_182081,{'AY.119': 3},579571,3,579572,1,3
node_180653,{'AY.126': 1},496495,1,295320,5,1
node_490835,{'BA.1.17.2': 2},1070322,2,-1,2147483648,2
SRR19693929,{'BA.2.64': 1},1238542,1,1238543,1,1
node_181965,{'AY.100': 2},453920,2,-1,2147483648,2
node_332247,{'AY.47': 2},516436,2,-1,2147483648,2
node_180919,{'AY.4': 1},874960,1,874961,1,1
ERR7007369,{'AY.126': 1},574349,1,-1,2147483648,1
ERR7244209,{'AY.4': 1},647012,1,647013,1,1
ERR9989603,{'BA.4': 1},1304005,1,1189192,7,1
ERR5054123,{'B.1.1': 1},79762,1,79763,1,1
node_181947,{'AY.100': 16},672804,16,-1,2147483648,16
node_180972,{'AY.4': 1},655073,1,295320,4,1
ERR4758732,{'B.1.1.307': 1},37969,1,37970,1,1
node_633568,{'BA.2': 1},1189558,1,1189559,1,1
SRR20247188,{'AY.118': 1},685555,1,-1,2147483648,1
SRR16527246,{'AY.39': 1},575302,1,575303,1,1
SRR16008981,{'B.1.351': 1},320591,1,320592,1,1
SRR21136319,{'AY.103': 1},374195,1,-1,2147483648,1
node_185188,{'AY.125': 16},306943,943,-1,2147483648,16
ERR6486365,{'AY.4': 1},346284,1,346285,1,1
node_408316,{'B.1.1.7': 1},102263,1,-1,2147483648,1
ERR7383256,{'AY.4': 1},723236,1,723237,1,1
ERR10219839,{'BA.5.1.2': 1},1358512,1,1358513,1,1
ERR5743634,{'B.1.1.7': 1},229636,1,229637,1,1
node_182184,{'AY.119.2': 2},2725964,2,537763,3,2
node_214240,{'AY.120': 6},602055,6,602056,1,6
node_187981,{'AY.121': 2},733253,2,-1,2147483648,2
SRR20189753,{'AY.118': 1},872246,1,-1,2147483648,1
node_553970,{'BA.5.1': 4},1295777,4,1295777,0,4
node_182441,{'AY.113': 3},631650,38,295320,6,3
node_126187,{'AY.46.5': 3},421254,3,-1,2147483648,3
ERR7237498,{'AY.4': 1},658632,1,658633,1,1
node_181462,{'AY.39': 5},678438,5,517130,1,5
node_182175,{'AY.119': 1},894852,1,894853,1,1
ERR6776271,{'AY.120': 1},493883,1,493884,1,1
node_190271,{'AY.119': 2},739257,2,-1,2147483648,2
SRR19223626,{'AY.39': 1},894499,1,894500,1,1
node_284594,{'AY.3': 1},876194,1,876195,1,1
node_181289,{'AY.39': 1},584328,2,-1,2147483648,1
node_181014,{'AY.4': 1},449555,1,449556,1,1
node_180708,{'AY.4': 2},657490,9,-1,2147483648,2
node_548475,{'BA.5.1': 6},1349017,6,1340062,1,6
node_580451,{'BA.5.6': 1},1319112,1,1319113,1,1
node_145418,{'AY.4': 4},758927,4,-1,2147483648,4
node_562341,{'BA.5.1': 2},1288800,2,1288801,1,2
SRR21606289,{'BA.5.6': 1},1346197,1,1346198,1,1
node_180651,{'AY.126': 12},453614,12,295320,4,12
SRR16829333,{'AY.100': 1},616999,1,-1,2147483648,1
ERR7321236,{'AY.4': 1},684569,1,515468,2,1
ERR6763204,{'AY.112': 1},456046,1,-1,2147483648,1
SRR21371381,{'BE.2': 1},1338276,1,1338277,1,1
node_181106,{'AY.4': 1},658629,1,295320,3,1
node_174449,{'AY.100': 2},868391,2,-1,2147483648,2
SRR21457722,{'BA.5.1.25': 1},1348407,1,1348408,1,1
ERR7234709,{'AY.4': 1},664902,1,-1,2147483648,1
node_180781,{'AY.4': 2},819059,2,819060,1,2
ERR7707958,{'AY.36': 1},757584,1,757585,1,1
ERR9908351,{'BA.2': 1},1276625,1,1276626,1,1
ERR7305983,{'AY.4': 1},662332,1,662333,1,1
node_209629,{'AY.4': 3},559338,3,559339,1,3
SRR21317915,{'AY.3': 1},690268,1,-1,2147483648,1
ERR8213432,{'AY.43': 1},838053,1,838054,1,1
node_539518,"{'BA.2.75.2': 294, 'CH.1.1.1': 462, 'BN.1.3': 248, 'BN.1.5': 296, 'BN.1.7': 94, 'BA.2.75.5': 117, 'BA.2.75.4': 17, 'DV.6': 457, 'CH.1.1': 1484, 'CH.1.1.9': 62, 'CH.1.1.19': 161, 'CA.1': 47, 'CA.7': 69, 'BN.1.3.1': 267, 'BA.2.75.1': 147, 'BL.1.3': 2, 'BN.1': 235, 'CH.1.1.8': 40, 'CB.1': 24, 'CJ.1.2': 26, 'BN.1.2.3': 9, 'BM.1.1.3': 130, 'BY.1': 71, 'DV.1.1': 61, 'BM.4.1.1': 75, 'DV.3': 128, 'BL.2': 31, 'CV.1': 35, 'BN.1.2.1': 103, 'BN.1.4.1': 18, 'BN.1.4.2': 1, 'BN.1.3.6': 36, 'CH.1.1.10': 54, 'CH.1.1.28': 58, 'CH.1.1.15': 4, 'CH.1.1.24': 19, 'BM.1.1': 42, 'CH.1.1.25': 21, 'BN.1.4': 87, 'BN.1.4.3': 10, 'CH.1.1.17': 9, 'BN.1.1': 16, 'BN.1.2': 97, 'CH.1.1.5': 30, 'BR.1.2': 30, 'DS.1': 3, 'BN.1.9': 11, 'CA.3.1': 12, 'BA.2.75': 62, 'DV.2': 44, 'BL.1': 81, 'CH.1.1.11': 61, 'CH.1.1.2': 247, 'CA.5': 21, 'CH.1.1.6': 76, 'FJ.1': 37, 'CH.1.1.13': 106, 'GP.2': 25, 'BN.1.4.5': 10, 'BR.2.1': 79, 'BN.6': 35, 'BA.2.75.10': 6, 'CH.1.1.3': 15, 'BL.6': 5, 'CH.1.1.7': 3, 'BM.1': 13, 'BR.5': 4, 'CA.3': 18, 'XBK': 6, 'BR.1': 45, 'GP.3': 19, 'BY.1.2': 14, 'EJ.1': 5, 'CH.1.1.14': 28, 'BA.2.75.6': 11, 'DV.3.1': 28, 'BN.5': 20, 'CA.2': 3, 'BN.1.10': 10, 'BN.1.2.2': 7, 'XBQ': 14, 'BM.1.1.5': 10, 'BN.1.5.2': 6, 'BN.3.1': 21, 'BA.2.75.7': 9, 'BM.1.1.2': 1, 'BN.4': 2, 'EJ.2': 9, 'BN.1.3.5': 9, 'GP.1': 4, 'BM.5': 3, 'DV.1': 11, 'BN.2.1': 7, 'CJ.1.1': 6, 'BA.2.75.3': 35, 'BL.3': 4, 'CH.2': 1, 'CJ.1.3': 6, 'BM.1.1.1': 8, 'CH.1.1.23': 4, 'BN.1.2.4': 4, 'BL.1.4': 6, 'CH.1.1.27': 5, 'BN.1.3.12': 8, 'CH.1.1.20': 2, 'BL.1.1': 1, 'DV.5': 7, 'BN.1.3.4': 2, 'BL.4': 4, 'BN.3': 3, 'CH.1': 3, 'BM.4.1': 1, 'BN.1.3.8': 1, 'BN.1.3.7': 3, 'BM.2': 4, 'BN.2': 3, 'BY.1.2.1': 1, 'CH.1.1.30': 1, 'DV.7': 5, 'BN.1.1.1': 5, 'FK.1.2': 1, 'BM.2.1': 1, 'BM.4': 1, 'CH.1.1.26': 1, 'DS.2': 1, 'XBK.1': 1, 'CH.3.1': 1, 'BR.4': 1, 'DS.3': 1, 'FK.1': 1, 'DV.4': 2, 'BN.1.2.5': 1, 'CJ.1': 1}",903506,300569,-1,2147483648,7147
node_76363,{'AY.4': 4},664698,4,-1,2147483648,4
SRR16317567,{'AY.13': 1},409082,1,-1,2147483648,1
SRR20177943,{'AY.117': 1},771778,1,-1,2147483648,1
ERR7686527,{'AY.4': 1},797433,1,797434,1,1
SRR20263107,{'AY.39': 1},808290,1,-1,2147483648,1
SRR21000324,{'BA.4': 1},1315605,1,-1,2147483648,1
ERR7528093,{'AY.43': 1},784430,1,-1,2147483648,1
node_181778,{'AY.100': 2},753950,2,-1,2147483648,2
ERR7321264,{'AY.4': 1},644575,1,-1,2147483648,1
node_180937,{'AY.4': 1},658970,1,295320,4,1
node_181454,{'AY.39': 2},656833,2,656834,1,2
ERR7497682,{'AY.4': 1},768234,1,-1,2147483648,1
node_293861,{'B.1.617.2': 1},644637,1,644638,1,1
ERR8287258,{'BA.1.17.2': 1},975274,1,-1,2147483648,1
node_216227,{'AY.120': 10},727176,10,727176,0,10
node_570553,{'BQ.1.1.66': 2},1431314,2,1189192,19,2
node_385296,{'B.1.1.7': 3},277217,3,277217,0,3
node_179131,{'AY.100': 2},541890,2,-1,2147483648,2
ERR7240683,{'AY.4': 1},655081,1,578351,1,1
SRR20251927,{'AY.100': 1},748981,1,-1,2147483648,1
ERR7309582,{'AY.120': 1},680513,1,680514,1,1
node_306122,{'AY.44': 1},583387,1,-1,2147483648,1
node_175005,{'AY.100': 1},537704,1,-1,2147483648,1
node_596225,{'BA.5.1.7': 23},1334856,23,1334856,0,23
SRR15916348,{'AY.107': 1},411344,1,411345,1,1
ERR7775950,{'AY.4.2': 1},876791,1,876792,1,1
ERR7405133,{'AY.4': 1},739664,1,-1,2147483648,1
node_633519,"{'XM': 4, 'BA.2': 4}",1093549,8,1003220,1,8
node_7017,"{'B.1.160': 2270, 'B.1.160.7': 331, 'B.1.160.23': 144, 'B.1.160.33': 122, 'B.1.160.26': 11, 'B.1.160.16': 4, 'B.1.160.10': 3, 'B.1.160.30': 8, 'B.1.160.12': 1, 'B.1.177.44': 1, 'B.1.160.29': 1}",25312,2911,-1,2147483648,2896
ERR6333468,{'AY.4': 1},326036,1,326037,1,1
node_508920,{'BA.2.12.1': 2},1259749,2,1259749,0,2
node_123735,{'AY.4': 3},473726,4,-1,2147483648,3
node_131732,{'AY.4': 2},658623,2,658623,0,2
node_88777,{'AY.4': 3},841354,3,-1,2147483648,3
ERR7204000,{'AY.4': 1},630235,1,630236,1,1
node_608608,{'BA.5.2': 2},1327297,2,1189192,8,2
ERR7375921,{'AY.4': 1},729648,1,-1,2147483648,1
node_221180,{'AY.39': 11},720755,11,-1,2147483648,11
node_166367,{'AY.4.7': 1},413381,2,-1,2147483648,1
ERR7237438,{'AY.4': 1},644234,1,295320,7,1
node_178749,{'AY.100': 100},530285,100,-1,2147483648,100
node_182216,{'AY.119.2': 3},656758,4,295320,8,3
node_181868,{'AY.100': 3},579546,3,-1,2147483648,3
node_182047,{'AY.120': 4},584504,4,-1,2147483648,4
SRR16221830,{'AY.39.1': 1},496409,1,-1,2147483648,1
node_100040,{'AY.4.2': 2},672356,2,643701,1,2
node_181031,{'AY.4': 1},625612,2,295320,4,1
ERR6757288,{'AY.36': 1},478610,1,478611,1,1
node_323024,"{'B.1.617.2': 1, 'AY.126': 1}",901334,2,394632,3,2
node_189164,{'AY.119.2': 1},771792,1,295320,10,1
SRR16606566,{'AY.34.1': 1},599579,1,-1,2147483648,1
node_598931,{'BF.6': 8},1291596,8,1288968,1,8
node_172823,{'AY.100': 2},652450,3,652451,1,2
SRR16373762,{'B.1.617.2': 1},602841,1,602842,1,1
node_45176,{'AY.46': 1},456613,1,456614,1,1
ERR7305190,{'AY.4': 1},662322,2,662323,1,1
node_130030,{'AY.4': 4},625572,4,-1,2147483648,4
SRR21948388,{'BA.5.2': 1},1382883,1,1382884,1,1
node_177931,{'AY.100': 3},776551,3,-1,2147483648,3
node_182039,{'AY.42': 2},410760,4,336012,3,2
SRR20917993,{'AY.100': 1},901159,1,-1,2147483648,1
ERR7367241,{'AY.4': 1},723112,1,723113,1,1
ERR7236133,{'AY.4': 1},650323,1,-1,2147483648,1
node_585636,{'BA.5.2.1': 4},1436802,871748,-1,2147483648,4
node_21260,{'B.1.526': 3},254202,3,254203,1,3
SRR16546753,{'AY.103': 1},568825,1,-1,2147483648,1
node_19360,{'B.1.526': 444},164938,449,-1,2147483648,444
node_219673,{'AY.39': 1},872761,1,-1,2147483648,1
SRR17157536,{'AY.3.1': 1},380338,1,380339,1,1
node_181228,{'AY.118': 1},512455,8,-1,2147483648,1
node_172688,{'AY.100': 4},759681,4,-1,2147483648,4
ERR7318562,{'AY.121': 1},688397,1,688398,1,1
node_314596,{'AY.122': 2},651027,2,-1,2147483648,2
node_583537,{'BF.5': 2},1341862,2,1189192,10,2
SRR22237356,{'BA.5.1.5': 1},1395296,1,1395297,1,1
node_201926,{'AY.6': 2},589887,2,589888,1,2
ERR6479685,{'AY.4': 1},378869,1,378870,1,1
SRR20706313,{'BA.4': 1},1298542,1,1298543,1,1
node_121635,{'AY.4': 3},775143,3,-1,2147483648,3
ERR6763100,{'AY.34.1': 1},456045,1,-1,2147483648,1
ERR5220706,{'B.1.177': 1},103389,1,103390,1,1
node_22990,{'B.1.637': 1},212864,1,-1,2147483648,1
node_181560,{'AY.20': 9},220139,708356,-1,2147483648,9
node_60989,{'AY.4': 135},365322,137,-1,2147483648,135
node_181233,{'AY.39': 6},448283,6,448284,1,6
ERR7311364,{'AY.4': 1},688383,1,295320,5,1
node_46306,{'AY.117': 2},692965,3,295320,9,2
node_181699,{'AY.100': 3},843289,3,843289,0,3
ERR6655421,{'AY.43': 1},454593,1,454594,1,1
SRR21457228,{'BF.24': 1},1343888,1,1189192,9,1
node_562336,{'BA.5': 3},1317771,3,1317771,0,3
node_232822,{'B.1.617.2': 2},843595,2,843595,0,2
SRR20250176,{'AY.39': 1},748873,1,748874,1,1
node_182037,{'AY.42': 3},867805,3,336012,10,3
SRR21348829,{'BA.1': 1},1053478,1,1053479,1,1
node_212089,{'B.1.617.2': 2},220185,1061795,-1,2147483648,2
node_315115,{'B.1.617.2': 3},503890,3,503891,1,3
node_598916,{'BA.5': 3},1275434,3,1189192,7,3
SRR17418578,{'AY.3': 1},899981,1,899982,1,1
node_151646,{'AY.4': 1},684567,1,684568,1,1
SRR16729055,{'B.1.1.7': 1},251427,1,251428,1,1
SRR20251359,{'AY.100': 1},754057,1,-1,2147483648,1
ERR7327882,{'AY.4': 1},699749,1,-1,2147483648,1
node_63542,{'AY.4': 7},822053,7,822053,0,7
ERR7561646,{'AY.46.5': 1},813562,1,813563,1,1
ERR7239824,{'AY.4': 1},678516,1,678517,1,1
node_180690,{'AY.4': 1},602619,1,295320,6,1
node_322042,{'AY.20': 2},785606,7,-1,2147483648,2
ERR8248180,{'AY.4': 1},873866,1,-1,2147483648,1
node_181262,{'AY.39.1': 2},758803,2,-1,2147483648,2
node_322576,{'AY.20': 4},332765,13,-1,2147483648,4
SRR16884182,{'AY.39': 1},627627,1,627628,1,1
node_153064,{'AY.4': 82},468696,84,-1,2147483648,82
node_181162,{'AY.118': 1},867791,1,-1,2147483648,1
node_178849,{'AY.100': 4},716138,22,716139,1,4
SRR16730512,{'B.1.2': 1},254906,1,-1,2147483648,1
node_182536,{'AY.113': 2},758813,2,758814,1,2
SRR20178527,{'AY.100': 1},790418,1,-1,2147483648,1
node_181645,{'AY.100': 1},808474,1,-1,2147483648,1
node_220846,{'AY.39': 44},652212,44,-1,2147483648,44
node_181901,{'AY.100': 1},666745,1,-1,2147483648,1
SRR15982371,{'B.1.617.2': 1},483757,1,483758,1,1
node_181318,{'AY.39': 1},652525,1,-1,2147483648,1
node_212258,{'AY.120.1': 30},635417,31,-1,2147483648,30
node_619573,{'BA.4': 2},1292895,2,1292896,1,2
SRR21889729,{'CM.4': 1},1383980,1,1383981,1,1
ERR9618461,{'BA.2': 1},1192715,1,966905,2,1
ERR6495233,{'AY.4': 1},395804,1,395805,1,1
SRR20117201,{'AY.119': 1},891207,1,891208,1,1
SRR20570960,{'BA.2.12': 1},1208862,1,-1,2147483648,1
ERR7608959,{'AY.4': 1},820693,1,820694,1,1
SRR20178407,{'AY.113': 1},786112,1,786113,1,1
node_181483,{'AY.39': 1},689516,1,689517,1,1
node_581280,"{'BA.4.6': 1, 'BA.4.1': 1}",1149783,189616,-1,2147483648,2
ERR7239529,{'AY.4': 1},644243,1,644244,1,1
node_557274,{'BA.5.1': 2},1388466,2,1388466,0,2
SRR20189751,{'AY.39': 1},872244,1,-1,2147483648,1
ERR7147095,{'B.1.617.2': 1},602541,1,-1,2147483648,1
node_75039,{'AY.4.2': 4},695154,4,695155,1,4
SRR20694518,{'B.1.239': 1},59763,1,-1,2147483648,1
node_382711,{'B.1.1.7': 8},189035,8,-1,2147483648,8
ERR6886715,{'AY.4.7': 1},544214,1,544215,1,1
node_619661,{'BA.2': 4},1248351,4,1239723,1,4
ERR6101447,{'B.1.1.7': 1},286974,1,286975,1,1
ERR8037512,{'AY.43': 1},937349,1,-1,2147483648,1
node_181254,{'AY.39.1': 2},220139,708356,-1,2147483648,2
ERR7605456,{'AY.98': 1},816843,1,816844,1,1
SRR15986193,{'AY.44': 1},471720,1,-1,2147483648,1
ERR4760005,{'B.1.177': 1},34810,1,34811,1,1
SRR21703859,{'BA.5': 1},1344191,1,1344192,1,1
SRR21266228,{'AY.118': 1},898308,1,-1,2147483648,1
SRR17357968,{'AY.103': 1},853752,1,-1,2147483648,1
node_181727,{'AY.100': 2},608221,2,-1,2147483648,2
node_174296,{'AY.100': 5},696697,18,-1,2147483648,5
SRR21641837,{'BA.5.5': 1},1311074,1,1189192,5,1
node_196290,{'AY.5': 139},625412,139,-1,2147483648,139
SRR20953808,{'AY.119': 1},743663,1,-1,2147483648,1
SRR20265243,{'AY.100': 1},781726,1,-1,2147483648,1
node_161986,{'AY.4': 4},581530,4,-1,2147483648,4
node_121047,{'AY.4': 2},723154,2,723154,0,2
ERR7317852,{'AY.4': 1},659167,1,659168,1,1
ERR7154038,{'AY.4': 1},610904,1,610905,1,1
SRR20933159,{'BA.5.5': 1},1301050,1,1301051,1,1
node_565000,{'BA.5.1': 5},1366681,5,1366682,1,5
node_241386,{'AY.103': 4},504506,5,-1,2147483648,4
ERR7309252,{'AY.4': 1},688379,1,295320,5,1
ERR7463393,{'AY.4': 1},745652,1,-1,2147483648,1
ERR6758564,{'AY.4': 1},501943,1,295320,4,1
node_186698,{'AY.127': 32},711728,32,-1,2147483648,32
ERR8175973,{'AY.4': 1},880713,1,-1,2147483648,1
ERR10428510,{'BF.28': 1},1391790,1,1391791,1,1
node_423769,{'BA.1': 1},973447,1,-1,2147483648,1
ERR7643780,{'AY.34.1': 1},834980,1,-1,2147483648,1
SRR16557846,{'AY.3': 1},579096,1,579097,1,1
SRR21636269,{'BA.5.1.30': 1},1360478,1,1360479,1,1
node_308184,{'AY.44': 2},839214,2,839215,1,2
ERR8018134,{'AY.46.5': 1},929066,1,929067,1,1
node_200627,{'AY.5': 1},459482,1,-1,2147483648,1
node_180810,{'AY.4.2': 2},637390,2,295320,7,2
node_516446,{'BA.2.12.1': 1},1286967,1,-1,2147483648,1
SRR19689862,{'BA.1.1': 1},1056874,1,-1,2147483648,1
node_539510,{'BA.2': 2},1407335,2,1407336,1,2
SRR20115940,{'AY.100': 1},843261,3,-1,2147483648,1
ERR6860433,{'AY.4': 1},503896,1,-1,2147483648,1
ERR5381053,{'B.1.1.7': 1},143249,1,143250,1,1
SRR16883450,{'B.1.617.2': 1},631614,1,631615,1,1
node_179939,{'AY.113': 5},744529,6,710835,1,5
SRR22685051,{'BA.5.2.1': 1},1384967,1,1189192,12,1
node_187978,{'AY.121': 1},602586,2,-1,2147483648,1
SRR15877430,{'AY.39': 1},411257,2,-1,2147483648,1
node_267578,{'AY.25.1': 2},408173,2,408173,0,2
ERR10618774,{'BA.5.2': 1},1407332,1,1189192,13,1
node_47574,{'AY.4': 2},392755,2,-1,2147483648,2
node_186500,{'AY.127': 7},519597,7,-1,2147483648,7
node_223063,{'AY.118': 4},483383,6,-1,2147483648,4
SRR16288152,{'AY.39.3': 1},521885,3,-1,2147483648,1
node_184711,{'AY.44': 1},794707,1,794708,1,1
SRR16307219,{'AY.39': 1},517138,2,-1,2147483648,1
node_541416,{'CH.1.1.8': 3},1435261,3,-1,2147483648,3
SRR20953685,{'AY.39': 1},743592,1,-1,2147483648,1
node_645410,{'BA.2.56': 2},1204078,2,-1,2147483648,2
node_292911,{'AY.3': 3},421731,3,421731,0,3
SRR17155394,{'AY.44': 1},681282,1,681283,1,1
node_46713,{'AY.112.2': 1},875472,1,-1,2147483648,1
node_199074,{'AY.5': 1},355394,1,-1,2147483648,1
node_151950,{'AY.4': 8},746901,8,746901,0,8
ERR6488290,{'AY.4': 1},392386,1,295320,5,1
SRR15893776,{'AY.39': 1},360754,1,360755,1,1
node_182193,{'AY.119.2': 4},743612,4,295320,7,4
node_297027,{'AY.44': 3},711827,3,-1,2147483648,3
SRR19933105,{'AY.100': 1},913477,2,-1,2147483648,1
node_182278,{'AY.116.1': 1},448482,1,448483,1,1
SRR16527807,{'AY.100': 1},571270,2,-1,2147483648,1
node_539730,{'BN.1.3.7': 1},1404807,1,1404808,1,1
ERR4803482,{'B.1.177': 1},42493,1,42494,1,1
ERR7309466,{'AY.4': 1},698160,1,698161,1,1
ERR8193340,{'AY.42': 1},881024,1,881025,1,1
node_174218,{'AY.100': 1},677991,1,-1,2147483648,1
SRR20261679,{'AY.39': 1},766996,2,-1,2147483648,1
ERR6880611,{'AY.4': 1},544165,1,544166,1,1
SRR21322204,{'AY.113': 1},790877,1,790878,1,1
node_181731,{'AY.100': 12},743652,15,645455,2,12
SRR20259390,{'AY.119': 1},663449,1,663450,1,1
SRR16153609,{'AY.3': 1},472123,1,472124,1,1
ERR6765788,{'AY.36': 1},482850,1,-1,2147483648,1
node_492247,{'BA.1.17.2': 2},1110637,2,1110637,0,2
node_70073,{'AY.4': 17},628171,17,-1,2147483648,17
node_90437,{'AY.4.2': 2},835995,2,835996,1,2
SRR20259884,{'AY.107': 1},663549,1,663550,1,1
ERR7004218,{'AY.4': 1},528920,1,-1,2147483648,1
node_586713,{'BA.5.2.1': 2},1348500,2,1189192,12,2
node_178814,{'AY.100': 26},667418,26,-1,2147483648,26
node_254861,{'AY.103': 2},588033,2,-1,2147483648,2
node_180850,{'AY.4.2.2': 1},625794,1,625795,1,1
node_181985,{'AY.117': 2},612930,2,295320,9,2
SRR21001321,{'BA.5.1': 1},1316887,1,1316888,1,1
ERR7109126,{'AY.4': 1},618601,1,-1,2147483648,1
ERR10366269,{'BA.4.6.5': 1},1381631,1,-1,2147483648,1
SRR21370028,{'BA.5.2': 1},1340172,1,1340173,1,1
SRR20179725,{'AY.100': 1},820030,3,-1,2147483648,1
node_219819,{'AY.39': 1},827096,2,-1,2147483648,1
node_217116,{'AY.39.1': 1},427653,1,-1,2147483648,1
SRR20259475,{'AY.120.1': 1},663485,2,295320,7,1
node_182118,{'AY.119': 5},617347,42,295320,8,5
ERR7266740,{'AY.43': 1},665301,1,-1,2147483648,1
node_7766,{'B.1': 1},42872,1,42873,1,1
node_188721,{'AY.119.2': 8},672882,10,295320,7,8
node_386047,{'B.1.1.7': 2},218407,2,-1,2147483648,2
node_182525,{'AY.113': 2},777488,2,-1,2147483648,2
ERR6769182,{'AY.4': 1},460082,1,295320,4,1
node_182357,{'AY.113': 1},754066,1,295320,7,1
node_287320,{'AY.3': 1},890774,1,-1,2147483648,1
ERR5306171,{'B.1.1.7': 1},109284,1,-1,2147483648,1
node_505787,{'BA.2': 1},1062829,1,1062830,1,1
ERR9216792,{'BA.1': 1},1106335,1,1106336,1,1
node_557269,{'BA.5.2.1': 1},1419247,1,1419248,1,1
node_298982,{'AY.44': 8},748702,9,-1,2147483648,8
SRR16566606,{'AY.44': 1},571640,1,-1,2147483648,1
node_64860,{'AY.4': 3},567848,3,-1,2147483648,3
SRR20179132,{'AY.125': 1},819990,1,376350,4,1
node_323076,{'AY.4': 2},672079,2,672079,0,2
SRR19267453,{'AY.39': 1},812395,1,812396,1,1
node_215554,{'AY.120': 1},737713,1,-1,2147483648,1
SRR15314696,{'AY.26': 1},360033,1,-1,2147483648,1
SRR20117827,{'AY.39': 1},881675,1,881676,1,1
node_218200,{'AY.39': 4},693779,5,-1,2147483648,4
SRR20178296,{'AY.39': 1},786105,1,786106,1,1
node_46782,{'AY.112.2': 7},850168,10,-1,2147483648,7
node_185193,{'AY.125': 1},642545,3,376350,4,1
node_584943,{'BF.28': 2},1338501,2,1338501,0,2
ERR7231714,{'AY.4': 1},644205,1,644206,1,1
node_182237,{'AY.119.2': 4},220139,708356,-1,2147483648,4
node_181975,{'AY.129': 1},843366,1,843367,1,1
SRR15138352,{'B.1.1.7': 1},303157,1,-1,2147483648,1
node_175166,{'AY.100': 2},660470,2,660471,1,2
SRR22239683,{'BE.1.4': 1},1398472,1,1398473,1,1
node_522027,{'BA.2': 2},1206718,2,1203710,1,2
node_409296,{'XA': 39},122444,39,122444,0,39
SRR20145644,{'AY.20': 1},833361,1,833362,1,1
ERR9825147,{'BA.2': 1},1216163,1,-1,2147483648,1
node_85281,{'AY.4': 14},438741,14,438742,1,14
node_270485,{'AY.25.1': 5},467548,10,-1,2147483648,5
ERR8144931,{'BA.1.1.15': 1},964267,1,-1,2147483648,1
ERR7889430,{'AY.124': 1},904403,1,904404,1,1
SRR20918238,{'AY.119': 1},897934,1,295320,7,1
node_211069,{'AY.43': 1},877717,1,-1,2147483648,1
node_65555,{'AY.4': 1},723155,1,723156,1,1
SRR21222419,{'BA.5': 1},1328766,1,1189192,8,1
node_239883,{'AY.103': 3},558664,3,-1,2147483648,3
node_181171,{'AY.118': 4},427739,5,-1,2147483648,4
ERR6881540,{'AY.4': 1},447427,1,295320,5,1
node_633765,{'BA.2': 2},1210797,2,1210797,0,2
SRR19828311,{'BA.1.1': 1},1006688,1,-1,2147483648,1
node_372100,{'B.1.1.7': 2},82697,2,82697,0,2
node_619003,{'BA.4': 14},1272603,14,-1,2147483648,14
ERR6619260,{'AY.4': 1},404594,1,-1,2147483648,1
node_181650,{'AY.100': 2},827288,2,827288,0,2
node_173611,{'AY.100': 74},550580,76,-1,2147483648,74
node_182043,{'AY.42': 2},680492,2,336012,4,2
node_181447,{'AY.39': 12},2746075,238,-1,2147483648,12
node_194680,{'AY.5': 1},736356,1,736357,1,1
node_600535,{'BA.5.2': 6},1390557,6,1390557,0,6
SRR20264259,{'AY.39': 1},808673,1,808674,1,1
node_181245,{'AY.39.1': 2},427889,16,-1,2147483648,2
node_333952,{'AY.75': 53},578883,53,578884,1,53
ERR7371157,{'AY.4': 1},709267,1,295320,5,1
node_181453,{'AY.39': 2},808316,2,808317,1,2
SRR20261293,{'AY.39': 1},763291,1,763292,1,1
SRR20918102,{'AY.100': 1},894879,1,894880,1,1
SRR20254757,{'AY.118': 1},642568,1,-1,2147483648,1
SRR16829666,{'AY.100': 1},620310,1,-1,2147483648,1
node_182249,{'AY.119': 2},913567,2,295320,7,2
ERR7148808,{'AY.4': 1},571052,1,295320,4,1
node_189270,{'AY.119': 1},891275,1,891276,1,1
node_181376,{'AY.39': 2},663424,3,-1,2147483648,2
SRR22037705,{'BA.5.6': 1},1390339,1,1390340,1,1
node_189860,{'AY.119': 12},689327,12,295320,12,12
node_179036,{'AY.100': 2},449574,2,-1,2147483648,2
node_193251,"{'AY.34.1': 30, 'AY.34': 1}",353135,3111,-1,2147483648,31
SRR14569365,{'B.1.1.7': 1},225946,1,-1,2147483648,1
node_180846,{'AY.4.2': 1},669385,1,295320,7,1
ERR10427736,{'BF.7.13': 1},1391761,1,1391762,1,1
ERR7231659,{'AY.126': 1},630389,1,630390,1,1
ERR6887909,{'AY.4': 1},544219,1,295320,5,1
SRR20233568,{'AY.100': 1},710841,1,-1,2147483648,1
node_182131,{'AY.119': 2},758592,2,295320,10,2
node_505734,{'BA.1': 1},961284,1,961285,1,1
SRR20254400,{'AY.25.1': 1},645385,1,-1,2147483648,1
SRR21220913,{'BA.5.6': 1},1332645,1,1189192,8,1
SRR16245770,{'AY.116.1': 1},506100,3,349841,2,1
SRR16221850,{'AY.100': 1},496448,1,-1,2147483648,1
ERR8237853,{'B.1.617.2': 1},846551,1,-1,2147483648,1
node_181140,{'AY.118': 4},377470,21,-1,2147483648,4
ERR6609891,{'AY.4': 1},423801,1,-1,2147483648,1
SRR20186943,{'AY.39': 1},857824,2,-1,2147483648,1
SRR19305694,{'AY.47': 1},803761,1,803762,1,1
ERR10804812,{'CH.1.1.14': 1},1425713,1,1425714,1,1
ERR6999528,{'AY.4': 1},528820,42,295320,5,1
node_332838,{'AY.75': 3},360943,7,-1,2147483648,3
SRR20127349,{'BA.5.2.1': 1},1271664,1,1271665,1,1
SRR20111223,{'BA.2': 1},1234628,1,-1,2147483648,1
node_180730,{'AY.4': 2},586953,2,586953,0,2
SRR20259671,{'AY.107': 1},656704,1,295320,11,1
ERR8196091,{'BA.1.17.2': 1},910662,1,-1,2147483648,1
node_254632,{'AY.103': 1},627113,1,627114,1,1
node_184101,{'AY.107': 2},383299,3,-1,2147483648,2
SRR16318274,{'AY.25': 1},405948,1,405949,1,1
node_182029,{'AY.42': 17},336011,91,336012,1,17
node_181706,{'AY.100': 2},854189,2,854189,0,2
ERR7238940,{'AY.4': 1},644228,1,-1,2147483648,1
ERR6405162,{'B.1.617.2': 1},358470,1,-1,2147483648,1
SRR20939623,{'AY.3': 1},863083,1,-1,2147483648,1
node_5890,{'B.1.214': 2},224865,2,-1,2147483648,2
node_221095,{'AY.39': 2},823136,2,-1,2147483648,2
node_389751,{'B.1.1.7': 4},117576,4,-1,2147483648,4
node_112699,{'AY.4': 2},625397,2,431516,2,2
ERR6999878,{'AY.5': 1},528830,1,-1,2147483648,1
SRR19829210,{'AY.100': 1},962835,1,-1,2147483648,1
SRR21322647,{'AY.39.1': 1},749379,1,749380,1,1
SRR22472502,{'BA.5.2.1': 1},1318365,1,1318366,1,1
node_660702,{'BA.2': 5},1118591,5,1118591,0,5
ERR6881205,{'AY.112': 1},536833,1,295320,7,1
SRR20249587,{'AY.119': 1},743492,1,743493,1,1
SRR16829480,{'AY.39': 1},617041,1,617042,1,1
SRR15876884,{'B.1.617.2': 1},432689,1,432690,1,1
ERR7235507,{'AY.4': 1},655049,1,295320,6,1
SRR20251880,{'AY.3.1': 1},754129,1,-1,2147483648,1
SRR19279475,{'AY.44': 1},720507,1,-1,2147483648,1
SRR19814523,{'AY.47': 1},967111,1,967112,1,1
SRR19945157,{'BA.1.15': 1},967485,1,-1,2147483648,1
node_257751,{'B.1.617.2': 4},701358,4,701359,1,4
SRR16307159,{'AY.100': 1},530197,1,-1,2147483648,1
node_660977,{'B.1.1.308': 2},44467,2,44468,1,2
ERR7035845,{'AY.4.2': 1},598034,1,598035,1,1
node_556619,"{'BA.5.1': 18, 'BA.5.2': 11}",1436802,871748,-1,2147483648,29
node_182261,{'AY.119': 1},383336,17,295320,6,1
node_35730,{'B.1.177': 2},130133,2,130133,0,2
node_20560,{'B.1.526': 4},260178,4,260179,1,4
ERR6785047,{'AY.120': 1},507792,1,-1,2147483648,1
node_175035,{'AY.100': 4},656812,22,-1,2147483648,4
node_182265,{'AY.119': 4},392046,9,-1,2147483648,4
node_186168,{'AY.127': 3},660482,11,660483,1,3
node_180878,{'AY.4.2': 1},644255,1,295320,7,1
ERR7308920,{'AY.4': 1},698158,1,698159,1,1
SRR15993592,{'AY.118': 1},448294,1,448295,1,1
ERR10931828,{'CH.1.1': 1},1431987,1,1431988,1,1
ERR10306608,{'BE.1': 1},1372031,1,1372032,1,1
node_181564,{'AY.20': 1},823217,1,-1,2147483648,1
node_86663,{'AY.4': 2},810493,2,-1,2147483648,2
node_23584,{'B.1.375': 2},148226,2,148227,1,2
node_197730,{'AY.5': 2},371112,2,371112,0,2
SRR14399101,{'B.1.1.519': 1},183650,1,-1,2147483648,1
ERR7684935,{'AY.4': 1},822259,1,822260,1,1
node_182178,{'AY.119.2': 29},585176,33,537763,1,29
SRR20226771,{'AY.116.1': 1},696713,1,349841,1,1
ERR7696866,{'AY.4': 1},863559,1,863560,1,1
ERR7238507,{'AY.4': 1},678507,1,-1,2147483648,1
node_182356,{'AY.113': 1},596107,1,596108,1,1
ERR5304348,{'B.1.1': 1},98999,1,99000,1,1
node_181889,{'AY.100': 2},575326,30,-1,2147483648,2
node_181781,{'AY.100': 1},891348,1,891349,1,1
SRR20263943,{'AY.100': 1},808600,5,-1,2147483648,1
ERR7377859,{'B.1.617.2': 1},729649,1,729650,1,1
ERR6766013,{'AY.36': 1},486088,1,-1,2147483648,1
ERR9940303,{'BA.5.1': 1},1279041,1,1279042,1,1
ERR7802481,{'AY.43': 1},849951,1,-1,2147483648,1
node_182362,{'AY.113': 6},521905,42,295320,7,6
SRR20249756,{'AY.119': 1},747817,1,-1,2147483648,1
node_539515,{'BA.2': 3},1335901,21532,1189192,8,3
SRR17275446,{'B.1.617.2': 1},846619,1,295320,6,1
node_189373,{'AY.119': 37},617347,42,295320,8,37
node_189561,{'AY.119': 2},776976,2,-1,2147483648,2
ERR6830767,{'AY.4': 1},492002,3,-1,2147483648,1
node_180681,{'AY.4': 1},698179,1,295320,3,1
ERR8178285,{'AY.43': 1},874853,1,-1,2147483648,1
SRR16196766,{'AY.110': 1},510040,1,-1,2147483648,1
node_21259,{'B.1.526': 4},45989,290406,-1,2147483648,4
SRR23358540,{'BA.2': 1},1430451,1,1430452,1,1
ERR9123984,{'BA.1.18': 1},1083775,1,-1,2147483648,1
ERR7239731,{'AY.4': 1},678514,1,678515,1,1
SRR23612268,{'AY.44': 1},355136,1,355137,1,1
ERR6760184,{'AY.60': 1},440319,1,440320,1,1
ERR7377917,{'AY.4.2': 1},723169,1,-1,2147483648,1
ERR6886412,{'AY.4': 1},536855,1,536856,1,1
node_193210,{'AY.34.1': 6},820000,6,-1,2147483648,6
node_121593,{'B.1.617.2': 8},640847,10,640848,1,8
ERR6485055,{'B.1.617.2': 1},325210,1,295320,6,1
node_217483,{'AY.39': 3},782458,3,663511,1,3
node_626155,{'BA.2.3': 1},1140387,1,-1,2147483648,1
node_182016,{'AY.117': 1},685486,1,295320,9,1
SRR20395155,{'BA.1.1': 1},1090645,1,-1,2147483648,1
node_180829,{'AY.4.2.1': 11},238065,612069,-1,2147483648,11
ERR6882837,{'AY.4': 1},559139,1,295320,4,1
ERR5458865,{'B.1.1.7': 1},144670,1,-1,2147483648,1
node_618278,{'BA.4': 3},1233803,6705,1189192,4,3
SRR21349392,{'BA.1.1': 1},1068389,1,-1,2147483648,1
SRR20304164,{'BA.4.1.4': 1},1278384,1,-1,2147483648,1
node_181959,{'AY.100': 2},749834,2,-1,2147483648,2
ERR7145398,{'AY.36': 1},610782,1,-1,2147483648,1
node_539410,"{'BA.2.75.2': 294, 'CH.1.1.1': 462, 'BN.1.3': 248, 'BN.1.5': 296, 'BN.1.7': 94, 'BA.2.75.5': 117, 'BA.2.75.4': 17, 'DV.6': 457, 'CH.1.1': 1484, 'CH.1.1.9': 62, 'CH.1.1.19': 161, 'CA.1': 47, 'CA.7': 69, 'BN.1.3.1': 267, 'BA.2.75.1': 147, 'BL.1.3': 2, 'BN.1': 235, 'CH.1.1.8': 40, 'CB.1': 24, 'CJ.1.2': 26, 'BN.1.2.3': 9, 'BM.1.1.3': 130, 'BY.1': 71, 'DV.1.1': 61, 'BM.4.1.1': 75, 'DV.3': 128, 'BL.2': 31, 'CV.1': 35, 'BN.1.2.1': 103, 'BN.1.4.1': 18, 'BN.1.4.2': 1, 'BN.1.3.6': 36, 'CH.1.1.10': 54, 'CH.1.1.28': 58, 'CH.1.1.15': 4, 'CH.1.1.24': 19, 'BM.1.1': 42, 'CH.1.1.25': 21, 'XBH': 6, 'BN.1.4': 87, 'BN.1.4.3': 10, 'CH.1.1.17': 9, 'BN.1.1': 16, 'BN.1.2': 97, 'CH.1.1.5': 30, 'BR.1.2': 30, 'DS.1': 3, 'BN.1.9': 11, 'CA.3.1': 12, 'BA.2.75': 63, 'DV.2': 44, 'BL.1': 81, 'XBF.2': 4, 'CH.1.1.11': 61, 'CH.1.1.2': 247, 'CA.5': 21, 'CH.1.1.6': 76, 'BA.2': 10, 'FJ.1': 37, 'CH.1.1.13': 106, 'GP.2': 25, 'BN.1.4.5': 10, 'XBF.9': 4, 'BR.2.1': 79, 'XBF': 124, 'BN.6': 35, 'BA.2.75.10': 6, 'CH.1.1.3': 15, 'BL.6': 5, 'CH.1.1.7': 3, 'BM.1': 13, 'XBF.4': 22, 'BR.5': 4, 'CA.3': 18, 'XBF.3': 22, 'XBK': 6, 'BR.1': 45, 'GP.3': 19, 'BY.1.2': 14, 'EJ.1': 5, 'CH.1.1.14': 28, 'BA.2.75.6': 11, 'DV.3.1': 28, 'BN.5': 20, 'CA.2': 3, 'BN.1.10': 10, 'BN.1.2.2': 7, 'XBQ': 14, 'BM.1.1.5': 10, 'BN.1.5.2': 6, 'BN.3.1': 21, 'BA.2.75.7': 9, 'XBF.6': 2, 'BM.1.1.2': 1, 'BN.4': 2, 'XBF.1': 2, 'EJ.2': 9, 'BN.1.3.5': 9, 'GP.1': 4, 'BM.5': 3, 'DV.1': 11, 'BN.2.1': 7, 'CJ.1.1': 6, 'BA.2.75.3': 35, 'BL.3': 4, 'CH.2': 1, 'CJ.1.3': 6, 'XBF.7': 3, 'BM.1.1.1': 8, 'CH.1.1.23': 4, 'BN.1.2.4': 4, 'BL.1.4': 6, 'CH.1.1.27': 5, 'BN.1.3.12': 8, 'CH.1.1.20': 2, 'BL.1.1': 1, 'DV.5': 7, 'BN.1.3.4': 2, 'XBF.5': 1, 'BL.4': 4, 'BN.3': 3, 'CH.1': 3, 'BM.4.1': 1, 'BN.1.3.8': 1, 'BN.1.3.7': 3, 'BM.2': 4, 'BN.2': 3, 'BY.1.2.1': 1, 'CH.1.1.30': 1, 'DV.7': 5, 'XBF.10': 1, 'BN.1.1.1': 5, 'FK.1.2': 1, 'BM.2.1': 1, 'BM.4': 1, 'CH.1.1.26': 1, 'DS.2': 1, 'XBK.1': 1, 'CH.3.1': 1, 'BR.4': 1, 'DS.3': 1, 'FK.1': 1, 'DV.4': 2, 'BN.1.2.5': 1, 'CJ.1': 1}",887654,527719,-1,2147483648,7349
SRR21642040,{'BA.2.12.1': 1},1309134,1,1309135,1,1
node_331110,{'AY.47': 6},499869,6,499869,0,6
node_581282,{'BA.4.6': 1},1335046,1,-1,2147483648,1
node_93741,{'AY.4.2': 18},606246,24,-1,2147483648,18
node_660151,{'BA.2': 2},1113543,2,1113544,1,2
ERR8214964,{'AY.4': 1},871261,1,871262,1,1
SRR21637001,{'BA.5.2': 1},1359330,1,1359331,1,1
node_180800,{'AY.4.2.2': 6},680504,6,662437,2,6
ERR6826236,{'AY.4': 1},443565,1,-1,2147483648,1
ERR6631463,{'AY.4': 1},354599,1,295320,5,1
node_181052,{'AY.4': 1},849426,1,849427,1,1
node_204136,{'AY.6': 2},304723,2,-1,2147483648,2
node_182355,{'AY.113': 2},537795,3,295320,7,2
SRR16383990,{'AY.44': 1},549444,1,-1,2147483648,1
node_598370,"{'BA.5.2.1': 2, 'BA.5': 1}",1270183,3,1270184,1,3
ERR7234500,{'AY.4': 1},678502,1,-1,2147483648,1
node_120414,{'AY.4': 1},568399,1,568400,1,1
node_555220,{'BA.5.1': 2},1355674,2,1189192,4,2
ERR6836742,{'AY.107': 1},503873,1,-1,2147483648,1
node_180889,{'AY.4': 1},449466,45,295320,4,1
ERR7313954,{'AY.4': 1},684535,1,684536,1,1
node_181831,{'AY.100': 2},639061,2,639061,0,2
node_161160,{'AY.4': 7},674171,7,674172,1,7
node_398633,{'B.1.1.7': 3},163594,3,-1,2147483648,3
ERR8250720,{'AY.4': 1},881107,1,881108,1,1
ERR8245085,{'AY.4': 1},883789,1,-1,2147483648,1
node_222659,{'AY.118': 2},867845,2,-1,2147483648,2
node_449872,{'BA.1.1': 3},2695724,3,-1,2147483648,3
ERR7235713,{'AY.112': 1},650312,1,650313,1,1
node_598923,{'BA.2.12.1': 2},1301257,2,1301257,0,2
ERR7047712,{'AY.4.2.2': 1},594730,1,-1,2147483648,1
SRR20259179,{'AY.119': 1},663420,1,295320,7,1
ERR6884343,{'AY.4': 1},486271,1,295320,3,1
ERR6568434,{'AY.4': 1},402554,1,-1,2147483648,1
node_322442,{'AY.20': 1},881660,1,-1,2147483648,1
node_640128,{'BA.2': 3},1147618,3,1147618,0,3
node_557281,{'BA.5.1.18': 2},1370994,2,1370994,0,2
node_217008,{'AY.39.1': 8},693748,8,-1,2147483648,8
ERR7142322,{'AY.98': 1},610154,1,-1,2147483648,1
node_172665,{'AY.100': 19},220139,708356,-1,2147483648,19
SRR15877561,{'AY.116': 1},411300,1,411301,1,1
node_176661,{'AY.100': 9},530740,9,-1,2147483648,9
SRR15159673,{'B.1.427': 1},260072,1,-1,2147483648,1
node_180733,{'AY.4': 1},640988,1,640989,1,1
SRR20116121,{'AY.100': 1},843328,1,-1,2147483648,1
node_181843,{'AY.100': 2},395136,2,-1,2147483648,2
ERR8251790,{'AY.4': 1},875066,1,-1,2147483648,1
SRR16606235,{'AY.39': 1},579490,1,-1,2147483648,1
ERR6491075,{'AY.4': 1},362624,1,362625,1,1
node_181273,{'AY.39.1': 2},329091,7,-1,2147483648,2
node_223658,{'B.1.617.2': 2},838802,5,295320,4,2
node_181730,{'AY.100': 14},645454,17,645455,1,14
node_176627,{'AY.100': 9},432787,9,432788,1,9
node_181960,{'AY.100': 2},664148,48,-1,2147483648,2
SRR20247205,{'AY.39': 1},685560,1,-1,2147483648,1
ERR10481476,{'BA.2': 1},1401611,1,1401612,1,1
SRR15775617,{'AY.25.3': 1},424520,1,-1,2147483648,1
ERR5181396,{'B.1.1.7': 1},90020,1,-1,2147483648,1
SRR20261476,{'AY.103': 1},758872,1,-1,2147483648,1
ERR9365679,{'BA.1.1': 1},1136437,1,-1,2147483648,1
node_292232,{'AY.3': 4},876296,4,-1,2147483648,4
SRR20954238,{'AY.119': 1},743823,1,295320,9,1
SRR18279402,{'BA.1.18': 1},1093384,2,1044332,3,1
SRR20226343,{'AY.39': 1},710600,1,710601,1,1
node_181072,{'AY.4': 1},726365,1,726366,1,1
node_89119,{'AY.4': 4},814569,4,814569,0,4
ERR6760245,{'AY.107': 1},456022,1,456023,1,1
SRR22734395,{'BQ.1.8': 1},1412421,1,1412422,1,1
ERR8187981,{'AY.4.2.2': 1},837980,1,-1,2147483648,1
SRR18814275,{'BA.1.1': 1},1006523,1,-1,2147483648,1
SRR15776056,{'AY.100': 1},417644,1,417645,1,1
SRR22294791,{'BA.5.2.1': 1},1403514,1,1403515,1,1
SRR16184898,{'AY.103': 1},509813,1,-1,2147483648,1
node_577119,{'BE.1.4': 2},1370930,2,1370930,0,2
ERR5989382,{'B.1.1.7': 1},269585,1,-1,2147483648,1
node_181405,{'AY.39': 2},827622,2,-1,2147483648,2
node_112698,{'AY.4': 7},306731,3144,-1,2147483648,7
ERR10559415,{'BE.12': 1},1409073,1,1409074,1,1
node_516786,"{'XAJ': 18, 'BA.4': 1}",974731,45209,-1,2147483648,19
node_266444,{'AY.25.1': 5},584445,23,-1,2147483648,5
node_493117,{'BA.1': 1},1070929,1,-1,2147483648,1
node_129470,{'AY.4': 1},536329,1,536330,1,1
SRR20258542,{'AY.100': 1},642580,2,-1,2147483648,1
ERR6840063,{'AY.112': 1},519621,2,295320,6,1
node_549341,{'BA.5.1.18': 2},1361403,2,1361403,0,2
SRR15864066,{'AY.39.1': 1},424751,21,-1,2147483648,1
node_181554,{'AY.20': 6},617346,27,295320,8,6
SRR15818885,{'AY.118': 1},405516,1,-1,2147483648,1
node_284359,{'AY.3': 1},802966,1,-1,2147483648,1
SRR20186924,{'AY.3': 1},862876,1,-1,2147483648,1
ERR10175168,{'BA.5.1': 1},1350337,1,1350338,1,1
node_181735,{'AY.100': 2},812783,2,812783,0,2
ERR7715835,{'AY.98': 1},757611,1,757612,1,1
ERR7303734,{'AY.4': 1},698130,1,698131,1,1
SRR16567155,{'B.1.617.2': 1},569038,1,-1,2147483648,1
ERR7795899,{'AY.4': 1},882352,1,882353,1,1
node_181577,{'AY.20': 1},401075,1,-1,2147483648,1
node_100030,{'AY.4.2': 147},238065,612069,-1,2147483648,147
ERR6495467,{'AY.4': 1},398956,1,295320,3,1
node_183999,{'AY.107': 2},762974,2,295320,11,2
ERR6768833,{'AY.42': 1},469896,1,336012,5,1
ERR7371565,{'AY.126': 1},723146,1,295320,5,1
node_180729,{'AY.4': 1},664912,1,295320,6,1
node_611406,{'BA.4': 1},1381227,1,1381228,1,1
SRR16706536,{'AY.117': 1},596126,1,596127,1,1
node_211916,{'AY.43': 1},398968,1,-1,2147483648,1
node_182148,{'AY.119': 2},867900,2,295320,10,2
node_569669,{'BQ.1.1': 2},1407171,2,1407172,1,2
node_181896,{'AY.100': 3},743746,5,-1,2147483648,3
ERR9085156,{'BA.1.1': 1},1063329,1,-1,2147483648,1
node_596232,{'BF.26': 4},1376760,4,1373146,1,4
node_6681,"{'B.1': 219, 'XB': 192}",223240,411,-1,2147483648,411
SRR20117186,{'AY.100': 1},894741,3,-1,2147483648,1
node_181703,{'AY.100': 2},766919,2,766920,1,2
SRR22844195,{'BA.5.2.1': 1},1351230,1,1189192,7,1
ERR7044036,{'AY.4': 1},557033,1,-1,2147483648,1
ERR7146188,{'AY.127': 1},610800,1,-1,2147483648,1
node_556621,{'BA.5.2': 11},1436802,871748,-1,2147483648,11
node_320412,{'AY.36': 2},552613,2,-1,2147483648,2
SRR20259867,{'AY.39': 1},663541,1,663542,1,1
SRR16901086,{'AY.126': 1},623774,1,-1,2147483648,1
node_256776,{'AY.25': 2},427862,2,427863,1,2
ERR7150033,{'AY.4.2': 1},587081,1,295320,6,1
SRR16099131,{'AY.14': 1},371196,1,-1,2147483648,1
node_504726,{'BA.1.18': 78},799272,2957,-1,2147483648,78
SRR15993918,{'AY.119': 1},440912,1,295320,8,1
ERR7028215,{'AY.4': 1},594259,1,594260,1,1
node_175111,{'AY.100': 5},759665,6,-1,2147483648,5
node_598906,{'BA.5': 22},1350044,22,1350045,1,22
SRR20944634,{'AY.103': 1},786189,1,786190,1,1
SRR19681844,{'BA.2.9': 1},1249946,1,-1,2147483648,1
SRR15916359,{'AY.39': 1},411349,1,-1,2147483648,1
node_186732,{'AY.127': 3},748923,3,-1,2147483648,3
node_181451,{'AY.39': 1},666744,1,-1,2147483648,1
SRR21084986,{'BA.5.1.30': 1},1303462,1,1303463,1,1
ERR4786984,{'B.1.177.4': 1},39336,1,39337,1,1
node_619575,{'BA.4': 2},1268319,2,1264200,1,2
ERR7709970,{'AY.129': 1},863580,1,863581,1,1
SRR16883640,{'AY.105': 1},623742,1,623743,1,1
SRR20250958,{'AY.118': 1},758701,1,-1,2147483648,1
node_47615,{'AY.4': 2},819036,2,819037,1,2
node_507173,{'BA.2.12.1': 4},1257069,4,1257069,0,4
SRR16040836,{'AY.20': 1},460553,1,460554,1,1
node_182070,{'AY.120': 2},354579,2,295320,5,2
node_549729,{'BA.5': 2},1403379,2,1263357,2,2
node_180737,{'AY.4': 1},474301,1,295320,4,1
node_374362,{'B.1.1.7': 2},265020,2,-1,2147483648,2
ERR6491292,{'AY.4.3': 1},392421,1,392422,1,1
node_181581,{'AY.36': 37},2713917,2407,-1,2147483648,37
node_556342,{'BA.5.1': 2},1289392,2,1289393,1,2
node_44179,"{'B.1.617.2': 2655, 'AY.35': 270, 'AY.48': 292}",238161,3219,-1,2147483648,3217
ERR6885659,{'AY.4': 1},429864,1,295320,3,1
SRR20380016,{'BA.2.12.1': 1},1281892,1,1281893,1,1
node_181421,{'AY.39': 1},872086,2,-1,2147483648,1
SRR20254302,{'AY.39': 1},639016,1,-1,2147483648,1
SRR16570012,{'C.37': 1},238119,2,-1,2147483648,1
SRR20251944,{'AY.39': 1},748992,1,748993,1,1
node_212254,{'AY.120.1': 43},298065,648,-1,2147483648,43
node_253389,{'AY.103': 1},612944,1,-1,2147483648,1
SRR16883439,{'AY.39': 1},631609,1,631610,1,1
ERR8686127,{'BA.1': 1},1048125,1,1048126,1,1
SRR16221675,{'AY.39.1': 1},496345,1,-1,2147483648,1
SRR20949740,{'AY.44': 1},827499,1,827500,1,1
ERR7240305,{'AY.4': 1},678519,1,-1,2147483648,1
ERR7584913,{'AY.4': 1},747334,1,747335,1,1
ERR7151835,{'AY.109': 1},610888,1,295320,7,1
SRR21266227,{'AY.118': 1},898307,1,-1,2147483648,1
node_184287,{'B.1.617.2': 30},307076,30,-1,2147483648,30
SRR16161643,{'B.1.617.2': 1},500454,1,295320,5,1
node_219096,{'AY.39': 1},753909,1,753910,1,1
ERR6300316,{'AY.120': 1},313806,1,-1,2147483648,1
node_181728,{'AY.100': 2},635335,3,-1,2147483648,2
node_181425,{'AY.39': 3},748969,3,748969,0,3
ERR6882997,{'AY.4': 1},544183,1,-1,2147483648,1
node_186155,{'AY.127': 6},872898,6,-1,2147483648,6
node_181030,{'AY.4': 1},765829,1,765830,1,1
ERR6755638,{'AY.4': 1},474291,1,-1,2147483648,1
SRR21039681,{'BA.2.75': 1},1320032,1,1320033,1,1
node_180742,{'AY.4': 3},238065,612069,-1,2147483648,3
node_181325,{'AY.39': 1},1897203,1,-1,2147483648,1
SRR19941578,{'BA.2.12.1': 1},1257341,1,1257342,1,1
ERR7050254,{'B.1.617.2': 1},557140,1,-1,2147483648,1
node_541442,{'CH.1.1': 2},1408133,2,-1,2147483648,2
ERR7229021,{'AY.4': 1},625489,1,625490,1,1
ERR6699085,{'AY.4': 1},413474,1,-1,2147483648,1
node_187962,{'AY.121': 18},352165,1460,-1,2147483648,18
SRR20145379,{'AY.39': 1},857757,1,857758,1,1
node_181251,{'AY.39.1': 1},666707,1,-1,2147483648,1
SRR20263086,{'AY.39': 1},812613,1,642537,2,1
ERR7367909,{'AY.4': 1},723118,1,-1,2147483648,1
node_236484,{'AY.103': 9},530327,9,-1,2147483648,9
node_173596,{'AY.100': 47},428214,47,-1,2147483648,47
SRR20916680,{'BE.1': 1},1307217,1,1307218,1,1
SRR17110205,{'AY.112.2': 1},669838,1,-1,2147483648,1
node_414418,"{'BA.1.1': 4, 'BA.1.18': 5, 'BA.1.1.18': 1}",817061,157042,-1,2147483648,10
node_180706,{'AY.4': 6},340692,1358,-1,2147483648,6
SRR20189663,{'AY.100': 1},872185,1,-1,2147483648,1
node_217350,{'AY.39': 3},600042,4,600043,1,3
ERR6634211,{'AY.4': 1},429578,1,295320,7,1
ERR7306411,{'AY.4': 1},698148,1,295320,7,1
ERR8204883,{'AY.4': 1},871182,1,-1,2147483648,1
node_181705,{'AY.100': 2},611997,5,-1,2147483648,2
node_182281,{'B.1.617.2': 3},334400,7,295320,5,3
node_570144,{'BQ.1': 1},1421538,1,1421539,1,1
node_182048,{'AY.120': 3},858141,3,-1,2147483648,3
node_193269,{'AY.34.1': 2},777486,2,-1,2147483648,2
node_600477,{'BA.5.2': 2},1346141,2,1346141,0,2
SRR20265230,{'AY.100': 1},777133,1,-1,2147483648,1
SRR20662983,{'BF.5': 1},1291129,1,1291130,1,1
SRR16153448,{'AY.122': 1},475671,1,-1,2147483648,1
node_183820,{'AY.42': 63},642626,63,-1,2147483648,63
node_182223,{'AY.119.2': 2},672882,10,295320,7,2
ERR7268636,{'AY.4': 1},665335,1,665336,1,1
SRR20935183,{'AY.44': 1},876219,1,876220,1,1
SRR16883544,{'AY.103': 1},631678,1,-1,2147483648,1
ERR6427219,{'AY.4': 1},346134,1,295320,7,1
SRR20776907,{'BA.2.3': 1},1234808,1,1234809,1,1
node_295440,{'AY.44': 1},367439,1,367440,1,1
SRR19914226,{'BA.2.3': 1},1267818,1,-1,2147483648,1
ERR6758016,{'B.1.617.2': 1},501940,1,501941,1,1
node_253191,{'AY.103': 3},496619,3,496620,1,3
ERR8256185,{'AY.4': 1},861794,1,295320,4,1
ERR7316860,{'AY.4': 1},662433,1,662434,1,1
node_181348,{'AY.39': 2},642419,2,-1,2147483648,2
node_412623,{'BA.1.15': 1},1011592,1,-1,2147483648,1
ERR7312514,{'AY.4': 1},707307,1,295320,4,1
node_456458,{'BA.1.1': 2},1150704,2,-1,2147483648,2
ERR8176933,{'AY.47': 1},857132,1,-1,2147483648,1
node_178699,{'AY.100': 46},664148,48,-1,2147483648,46
node_601425,{'BA.5.2': 2},1436802,871748,-1,2147483648,2
SRR14568865,{'B.1.1.7': 1},225935,1,-1,2147483648,1
ERR7229850,{'AY.4': 1},644191,7,295320,4,1
node_180714,{'AY.4': 1},619139,1,295320,5,1
SRR15993700,{'AY.120.1': 1},448341,1,295320,6,1
node_326,{'B.1.157': 1},1529,1,1530,1,1
ERR7234185,{'AY.43.8': 1},625544,1,295320,4,1
node_600264,{'BA.5.2': 1},1302530,1,1302531,1,1
node_600512,{'BA.2.75': 4},1400719,4,1400720,1,4
ERR7230989,{'AY.4': 1},625515,1,625516,1,1
SRR20358773,{'BA.1.15': 1},1057083,1,1057084,1,1
node_504632,"{'BA.1.1': 17, 'BA.1.20': 4, 'BA.1.1.18': 6, 'BA.1': 2}",791357,341822,-1,2147483648,29
node_181105,{'AY.4': 1},655043,1,655044,1,1
node_181260,{'AY.39.1': 1},578970,28,-1,2147483648,1
SRR16832825,{'B.1.617.2': 1},622953,1,622954,1,1
ERR6765742,{'AY.4': 1},443498,1,443499,1,1
SRR20251029,{'AY.4': 1},758709,2,607252,2,1
ERR7302919,{'AY.4': 1},684462,1,684463,1,1
node_505744,"{'BA.2': 3, 'BA.1': 2, 'BA.1.1': 1}",887654,527719,-1,2147483648,6
node_547712,{'XBB.1': 2},1429710,2,1429711,1,2
ERR7379152,{'AY.4': 1},729653,1,729654,1,1
node_143367,{'AY.4': 1},400085,1,-1,2147483648,1
ERR8241972,{'AY.4': 1},857326,2,-1,2147483648,1
ERR5458932,{'B.1.1.7': 1},153039,1,153040,1,1
ERR7724904,{'AY.122': 1},852931,1,852932,1,1
node_180879,{'AY.4.2': 2},619112,2,619112,0,2
node_182284,{'AY.105': 3},220185,1061795,-1,2147483648,3
SRR21450704,{'BA.5.2': 1},1347925,1,1189192,10,1
SRR20918207,{'AY.39': 1},897923,1,448284,4,1
node_335941,{'AY.67': 1},366277,1,366278,1,1
SRR16883831,{'AY.100': 1},635303,1,635304,1,1
SRR17690069,{'AY.119': 1},850781,1,-1,2147483648,1
node_217561,{'AY.39': 55},639184,55,-1,2147483648,55
node_316747,{'AY.122': 1},471870,1,-1,2147483648,1
SRR20227167,{'AY.39': 1},696755,1,-1,2147483648,1
ERR6768972,{'AY.4': 1},486098,1,486099,1,1
node_181591,{'AY.36': 2},552563,2,-1,2147483648,2
node_633560,{'BA.2': 2},1099995,2,1099995,0,2
node_309400,{'AY.44': 1},766917,1,-1,2147483648,1
node_187036,{'AY.106': 3},569157,3,-1,2147483648,3
SRR17267749,{'AY.4': 1},853662,1,853663,1,1
node_181488,{'AY.39': 2},611999,2,612000,1,2
node_174656,{'AY.100': 3},672797,3,-1,2147483648,3
SRR21326012,{'BA.1.1': 1},1063820,1,-1,2147483648,1
ERR5552870,{'B.1.1.7': 1},186114,1,-1,2147483648,1
node_183791,{'AY.42': 1},625564,1,336012,5,1
node_611385,{'BA.2': 2},1293316,2,1293317,1,2
node_256980,{'AY.103': 2},571724,2,-1,2147483648,2
SRR20251879,{'AY.100': 1},754128,1,-1,2147483648,1
ERR7150546,{'AY.4': 1},610860,1,295320,6,1
node_182018,{'AY.117': 2},854266,2,295320,9,2
node_322451,{'AY.20': 1},462966,1,462967,1,1
SRR20259749,{'AY.118': 1},666773,1,-1,2147483648,1
SRR17647498,{'B.1.617.2': 1},897176,1,897177,1,1
SRR15585202,{'AY.122': 1},404972,2,-1,2147483648,1
SRR20258765,{'AY.3': 1},652534,1,-1,2147483648,1
node_180671,{'B.1.617.2': 1},854164,1,854165,1,1
ERR7306375,{'AY.4': 1},684481,1,684482,1,1
ERR7147933,{'AY.124': 1},606262,1,295320,7,1
node_181827,{'AY.100': 2},670538,2,-1,2147483648,2
SRR19932950,{'AY.44': 1},913470,1,-1,2147483648,1
SRR17235276,{'AY.106': 1},677069,1,295320,5,1
SRR16351062,{'AY.39': 1},537797,2,-1,2147483648,1
node_134676,{'AY.4': 3},492002,3,-1,2147483648,3
SRR21898952,{'BF.26': 1},1380972,1,1189192,10,1
SRR21635978,{'BA.5.2': 1},1362088,1,1362089,1,1
SRR16884076,{'AY.118': 1},631774,1,-1,2147483648,1
node_181079,{'AY.4': 1},658649,1,658650,1,1
ERR9327284,{'BA.2': 1},1130788,1,1130789,1,1
ERR6767587,{'AY.5': 1},482856,1,-1,2147483648,1
SRR14569320,{'B.1.526': 1},225940,1,-1,2147483648,1
node_84045,{'AY.4': 3},359593,3,295320,5,3
node_505925,{'BA.2.12': 2},2705491,2,-1,2147483648,2
node_70140,{'AY.4': 10},649305,10,649306,1,10
node_219749,{'AY.39': 1},854168,4,-1,2147483648,1
node_335213,{'B.1.617.2': 21},452874,21,452874,0,21
SRR20186727,{'AY.119': 1},862846,1,295320,7,1
SRR18772658,{'BA.1.15': 1},1086537,1,-1,2147483648,1
node_182255,{'AY.119': 5},648091,5,295320,5,5
ERR8251978,{'AY.36': 1},861777,1,-1,2147483648,1
SRR21346944,{'BA.1.1': 1},1160603,1,-1,2147483648,1
node_365475,{'Q.3': 2},330617,2,330618,1,2
ERR7238349,{'AY.4': 1},655064,1,655065,1,1
SRR22029754,{'BA.5': 1},1370926,1,1370927,1,1
ERR6666963,{'AY.4.2': 1},461671,1,-1,2147483648,1
ERR6757351,{'AY.43': 1},442580,1,-1,2147483648,1
node_600527,"{'XBM': 10, 'BF.3': 2}",1348822,12,1348822,0,12
node_182341,{'B.1.617.2': 1},421107,4,295320,4,1
SRR17134150,{'AY.127': 1},534622,1,-1,2147483648,1
SRR16602278,{'B.1.617.2': 1},415854,1,415855,1,1
node_191795,{'AY.119': 7},743689,7,743689,0,7
SRR20178538,{'AY.100': 1},786146,1,-1,2147483648,1
ERR9732238,{'BA.2.41': 1},1226986,1,-1,2147483648,1
SRR16899114,{'AY.44': 1},647925,1,-1,2147483648,1
node_505721,{'XS': 17},1000242,17,1000242,0,17
ERR7268953,{'AY.4.2': 1},662099,1,662100,1,1
node_112982,{'AY.4': 2},698164,2,698164,0,2
SRR20179884,{'AY.100': 1},820060,1,-1,2147483648,1
SRR19945500,{'AY.39': 1},951132,1,-1,2147483648,1
node_321237,{'AY.20': 3},721725,4,-1,2147483648,3
node_237292,{'AY.103': 2},480189,2,-1,2147483648,2
ERR6881713,{'AY.4': 1},559124,1,559125,1,1
ERR7045008,{'AY.4.2': 1},527962,1,-1,2147483648,1
SRR20145485,{'AY.125': 1},850983,1,850984,1,1
SRR20254217,{'AY.113': 1},642389,1,-1,2147483648,1
node_321380,{'AY.20': 2},562217,2,562218,1,2
node_181825,{'AY.100': 1},748793,1,748794,1,1
SRR16606315,{'AY.100': 1},584299,5,-1,2147483648,1
node_181997,{'AY.117': 8},620296,8,541943,1,8
ERR6834094,{'AY.4': 1},494283,1,295320,6,1
node_516001,{'BA.2.12.1': 5},1260897,5,-1,2147483648,5
node_600488,"{'XBD': 30, 'BA.2.75': 5}",1291791,7182,-1,2147483648,35
node_181091,{'AY.4': 3},451103,3,295320,3,3
ERR7697993,{'AY.4': 1},811629,1,-1,2147483648,1
SRR15388518,{'AY.47': 1},360433,1,-1,2147483648,1
node_148071,{'AY.4': 1},874315,1,874316,1,1
node_326184,{'AY.26': 4},452746,4,-1,2147483648,4
node_169190,{'AY.4': 4},642396,4,642397,1,4
ERR6834240,{'AY.4': 1},492038,1,492039,1,1
ERR10777582,{'BQ.1.1': 1},1421232,1,1189192,12,1
SRR16381044,{'AY.113': 1},541941,1,295320,8,1
node_549660,{'BA.5.1.21': 3},1335049,3,1335050,1,3
ERR9077528,{'BA.2': 1},1089054,1,-1,2147483648,1
ERR7320673,{'AY.4': 1},662466,1,662467,1,1
SRR15651674,{'B.1.617.2': 1},421695,1,421696,1,1
SRR20180432,{'AY.117': 1},820210,1,820211,1,1
ERR9926825,{'BA.2': 1},1283163,1,1283164,1,1
SRR16884109,{'AY.39': 1},631793,1,631794,1,1
SRR21559034,{'BA.5.5': 1},1356677,1,1189192,8,1
node_46292,{'AY.117': 1},562660,1,-1,2147483648,1
node_433114,{'BA.1.1': 2},1134977,2,1134977,0,2
ERR7730302,{'AY.4.2': 1},855981,1,-1,2147483648,1
ERR7009409,{'AY.126': 1},574356,1,295320,5,1
node_313944,{'B.1.617.2': 3},476952,3,-1,2147483648,3
SRR22344560,{'BA.2': 1},1404919,1,1404920,1,1
node_181966,{'AY.100': 2},444249,4,-1,2147483648,2
SRR21042171,{'BA.5': 1},1313480,1,1313481,1,1
ERR6765753,{'AY.4': 1},482848,1,482849,1,1
ERR7208421,{'AY.116.1': 1},630345,1,-1,2147483648,1
ERR7307567,{'AY.4': 1},650569,1,650570,1,1
ERR7009944,{'AY.4': 1},547859,1,547860,1,1
ERR6622334,{'AY.4': 1},442798,2,295320,5,1
SRR17521781,{'AY.112.2': 1},862607,1,-1,2147483648,1
SRR20227296,{'AY.100': 1},692890,1,-1,2147483648,1
SRR14627955,{'P.1': 1},260768,1,260769,1,1
node_292462,{'AY.3': 1},488799,1,-1,2147483648,1
ERR7021445,{'AY.4.1': 1},586362,1,586363,1,1
node_178315,{'AY.100': 14},749833,20,-1,2147483648,14
ERR9448648,{'XM': 1},1158181,1,1158182,1,1
node_303805,{'AY.44': 1},660280,1,660281,1,1
ERR9480201,{'BA.1.1': 1},1164512,1,-1,2147483648,1
ERR7149619,{'AY.4': 1},606285,1,606286,1,1
node_211935,{'AY.98': 1},478390,1,478391,1,1
node_212259,{'AY.120.1': 5},652505,9,652506,1,5
node_322315,{'AY.20': 1},584330,1,-1,2147483648,1
SRR20186543,{'AY.100': 1},862820,1,-1,2147483648,1
node_209322,{'AY.43': 2},755217,2,-1,2147483648,2
SRR22896031,{'BF.7.4.1': 1},1406296,1,1406297,1,1
SRR16884218,{'AY.103': 1},638820,1,-1,2147483648,1
node_181826,{'AY.100': 2},534011,2,-1,2147483648,2
SRR20259302,{'AY.119': 1},660463,10,295320,5,1
ERR10425664,{'BA.5.2.1': 1},1386424,1,1189192,10,1
node_181701,{'AY.100': 2},812513,3,-1,2147483648,2
node_181185,{'AY.118': 2},526177,2,526178,1,2
ERR7239898,{'AY.4.12': 1},644245,1,295320,4,1
node_218450,{'AY.39': 35},299640,337,-1,2147483648,35
node_86692,{'AY.4': 1},662392,1,662393,1,1
node_219459,{'AY.39': 2},862835,2,-1,2147483648,2
node_552240,{'BA.5': 2},1389607,2,1389607,0,2
ERR9252743,{'BA.2': 1},1113471,1,966905,2,1
node_182142,{'AY.119': 2},834055,2,295320,10,2
node_612685,"{'BA.4.6': 18, 'BA.4.1': 4, 'BA.4.4': 2, 'BA.4': 6, 'BA.4.6.5': 1}",1436802,871748,-1,2147483648,31
SRR22344184,{'BA.5.2.23': 1},1403542,1,1189192,7,1
node_180680,{'AY.4': 2},465287,2,295320,2,2
SRR16307205,{'AY.39': 1},521915,1,-1,2147483648,1
SRR15391759,{'B.1.617.2': 1},346274,1,295320,5,1
SRR15856342,{'AY.43': 1},465909,1,465910,1,1
node_219991,{'AY.39': 2},808427,2,-1,2147483648,2
SRR20189257,{'AY.100': 1},867855,1,607303,3,1
SRR21694577,{'BA.5.5': 1},1365028,1,1365029,1,1
node_180705,{'AY.4': 2},528794,2,528794,0,2
SRR16559270,{'AY.44': 1},579201,1,579202,1,1
ERR7259724,{'AY.4': 1},668154,1,-1,2147483648,1
SRR16829649,{'AY.25': 1},620303,1,-1,2147483648,1
SRR16040829,{'AY.20': 1},460547,1,-1,2147483648,1
node_187967,{'AY.121': 9},834569,10,-1,2147483648,9
SRR16883669,{'AY.3': 1},638817,1,-1,2147483648,1
node_176645,{'AY.100': 2},504253,2,-1,2147483648,2
ERR6451662,{'AY.8': 1},368047,1,368048,1,1
node_175717,{'AY.100': 1},758981,1,758982,1,1
SRR14391508,{'B.1.1.7': 1},231415,1,-1,2147483648,1
node_574815,{'BQ.1.21': 37},1418709,37,1418709,0,37
SRR16153759,{'AY.39': 1},484159,2,-1,2147483648,1
node_166399,{'AY.4.7': 1},396921,1,-1,2147483648,1
node_662018,{'B.1.160': 3},27566,3,27003,1,3
ERR8487500,{'BA.1': 1},995432,1,995433,1,1
ERR6598739,{'AY.4': 1},436588,1,436589,1,1
node_181089,{'AY.4': 1},726332,1,726333,1,1
node_399224,{'B.1.1.7': 2},281364,2,-1,2147483648,2
ERR7378832,{'AY.98': 1},696326,1,696327,1,1
SRR20682676,{'BA.5.5': 1},1294407,1,1294408,1,1
node_128969,{'AY.4': 3},352985,3,-1,2147483648,3
node_564706,{'BE.1': 2},1395663,2,1331484,1,2
node_129221,{'AY.4': 1},650552,1,650553,1,1
ERR7718295,{'AY.4': 1},807228,1,-1,2147483648,1
node_542457,{'CH.1.1.24': 1},1427735,1,1427736,1,1
node_13227,{'B.1.2': 1},100269,1,-1,2147483648,1
node_180759,{'AY.4': 1},659190,1,659191,1,1
node_167647,{'AY.4': 10},804352,10,761421,1,10
ERR8476414,{'AY.5': 1},982640,1,982641,1,1
SRR20517344,{'BA.1.1': 1},1142097,1,-1,2147483648,1
ERR8420822,{'BA.1': 1},992531,1,-1,2147483648,1
SRR20188981,{'AY.118': 1},867781,1,867782,1,1
ERR7317537,{'AY.4': 1},676113,1,676114,1,1
node_182532,{'AY.113': 3},898357,3,-1,2147483648,3
node_181518,{'AY.114': 1},537965,1,293131,2,1
node_180691,{'AY.4': 1},439702,1,295320,6,1
ERR8996829,{'BA.1.15': 1},1070745,1,-1,2147483648,1
node_311716,{'AY.44': 2},599824,2,-1,2147483648,2
node_324224,{'AY.9': 2},499846,2,499847,1,2
SRR14158437,{'B.1.2': 1},165973,1,165974,1,1
node_217646,{'AY.39': 1},660444,1,660445,1,1
SRR23600680,{'AY.25.1': 1},579959,1,-1,2147483648,1
ERR7243575,{'AY.4': 1},658677,1,658678,1,1
node_183668,{'AY.42': 2},443440,2,-1,2147483648,2
node_220514,{'AY.39': 1},584412,1,-1,2147483648,1
ERR7310933,{'AY.4.2': 1},644511,2,644512,1,1
node_322922,{'B.1.617.2': 2},488567,3,-1,2147483648,2
ERR6936211,{'AY.4': 1},582026,1,-1,2147483648,1
SRR21947661,{'BA.5.2': 1},1382184,1,1382185,1,1
SRR16153568,{'AY.113': 1},472101,1,295320,8,1
node_181473,{'AY.39': 1},595934,1,-1,2147483648,1
node_597580,{'BA.5.2.1': 7},1360675,7,1360676,1,7
node_180665,{'B.1.617.2': 1},293158,1,-1,2147483648,1
node_181006,{'AY.4': 3},582814,8,-1,2147483648,3
node_549711,{'BA.5.1': 3},1334138,3,1189192,4,3
node_560120,{'BA.5.1': 2},1362717,2,1362718,1,2
ERR7310438,{'AY.4': 1},680515,1,680516,1,1
node_180710,{'AY.4': 1},586963,1,586964,1,1
node_172849,{'AY.100': 3},748738,3,748738,0,3
node_172951,{'AY.100': 5},686369,7,-1,2147483648,5
node_507989,{'BA.2.12.1': 1},1251637,1,1251638,1,1
node_628857,{'BA.2.3': 1},1095086,1,-1,2147483648,1
SRR19684011,{'BA.1.1': 1},1067840,1,-1,2147483648,1
ERR6702609,{'AY.4': 1},440103,1,295320,6,1
node_180898,{'AY.4': 12},596009,82,-1,2147483648,12
ERR7395506,{'AY.46.5': 1},714838,1,-1,2147483648,1
ERR7307967,{'AY.4.2.1': 1},633936,4,633937,1,1
ERR6760263,{'AY.4': 1},442463,1,-1,2147483648,1
ERR9380129,{'BA.2': 1},1145941,1,1145942,1,1
node_178105,{'AY.100': 2},884003,2,-1,2147483648,2
