sample_id,lineage_X,lineage_Y,mutation_pattern,raw_p_value,adjusted_p_value,X_mutations,Y_mutations,shared_mutations,denovo_mutations
SRR15406438,AY.14*,AY.67,YYYYYYYXXXX,1.5212967984165046e-67,1.2292078131205357e-64,19160_T/20262_G/20718_T/27739_T,1387_T/2872_A/4890_T/5584_G/5644_C/11514_T/13019_T,3037_T/5184_T/9891_T/11418_C/14408_T/15451_A/16466_T/21618_G/22029_------/22917_G/22995_A/23403_G/23604_G/24410_A/25469_T/26767_C/27638_C/27752_T/28248_------/28461_G/28881_T/29402_T,4079_G/5649_G/7417_T/10323_G/21987_A
SRR20569979,BA.1.1.7,BA.2.12.1*,XXXXYYYYYYYYYYYYYYYYYYYYYYYYYYYYYYYYYYYY,6.82999726379875e-118,1.4718644103486307e-114,2470_T/2832_G/5386_G/8393_A,11288_---------/11674_T/12880_T/15009_C/15714_T/17410_T/19955_T/20055_G/21618_T/21633_---------/21721_T/21987_A/22200_G/22674_T/22686_T/22688_G/22775_A/22786_C/22813_T/22882_G/22917_A/22992_A/23013_C/23040_G/23055_G/23063_T/23075_C/23673_T/25416_T/26060_T/26858_T/27382_C/27383_T/27384_C/28362_---------/29510_C,3037_T/10029_T/10449_A/14408_T/18163_G/22578_A/22679_C/22995_A/23403_G/23525_T/23599_G/23604_A/23854_A/23948_T/24424_T/24469_A/25000_T/25584_T/26270_T/26577_G/26709_A/27259_C/27807_T/28271_T/28311_T/28881_A/28882_A/28883_C,6513_---/7564_T/23440_G
SRR17148789,AY.134,AY.26,XXXXXXXXXYYYY,3.577009590680022e-61,3.32661891933242e-58,4181_T/6402_T/7124_T/8986_T/9053_T/10029_T/11201_G/11332_G/21987_A,22227_T/25352_T/27345_T/27638_C,3037_T/14408_T/15451_A/16466_T/21618_G/22029_------/22917_G/22995_A/23403_G/23604_G/24410_A/25469_T/26767_C/27752_T/28248_------/28461_G/28881_T/29402_T,11456_G/20629_T
ERR8687443,BA.1.1*,BA.2.45,YYYYYYYYYYYYXXXXXXXXXXXXXXXXX,4.596591449930479e-105,4.693119870379019e-102,15240_T/21762_T/21765_------/21846_T/21987_---------/22194_---/22599_A/22673_C/23040_G/23048_A/23055_G/23063_T/23075_C/23202_A/24130_A/24503_T/26530_G,670_G/2790_T/4184_A/4321_T/9344_T/9424_G/9534_T/9866_T/10198_T/10447_A/11288_---------/12880_T,3037_T/10029_T/10449_A/14408_T/18163_G/22578_A/22674_T/22679_C/22686_T/22992_A/22995_A/23013_C/23403_G/23525_T/23599_G/23604_A/23854_A/23948_T/24424_T/24469_A/25000_T/25584_T/26270_T/26577_G/26709_A/27259_C/27807_T/28271_T/28311_T/28362_---------/28881_A/28882_A/28883_C,18537_G/22813_T/22882_G/22898_A/29010_C
SRR16832825,AY.112*,AY.26,XXXXXXXXYYYYY,8.686709792914388e-61,7.896219201759179e-58,4181_T/6402_T/7124_T/8986_T/9053_T/10029_T/11201_G/11332_G,22029_------/22227_T/25352_T/27345_T/28248_------,3037_T/14408_T/15451_A/16466_T/21618_G/22917_G/22995_A/23403_G/23604_G/24410_A/25469_T/26767_C/27638_C/27752_T/28461_G/28881_T/29402_T,826_C/3816_G/5184_A/8752_T/19846_A/26079_T/29167_T
SRR15876884,AY.103*,AY.35*,YYYYYYYYYXXXX,4.767218374012624e-58,4.223755479375184e-55,19220_T/27874_T/28248_------/28916_T,1191_T/1267_T/5184_T/6027_A/9203_A/9678_C/11005_A/16915_T/17496_G,3037_T/14408_T/21618_G/22029_------/22917_G/22995_A/23403_G/23604_G/24410_A/25469_T/26767_C/27638_C/27752_T/28461_G/28881_T/29402_T,881_A/14688_T/18086_T/20131_T/26439_T/29554_T
ERR8123888,BA.1.1.7,BA.2.37*,XXXXXYYYYYYYYYYYYYYYYYYYYYYYYYYY,2.1385787805971213e-105,4.764753523170386e-102,2470_T/2832_G/5386_G/8393_A/11537_G,15714_T/17410_T/21618_T/21633_---------/21987_A/22200_G/22674_T/22686_T/22688_G/22775_A/22786_C/22813_T/22882_G/22992_A/23013_C/23040_G/23055_G/23063_T/23075_C/25416_T/26060_T/26858_T/27382_C/27383_T/27384_C/28362_---------/29510_C,3037_T/10029_T/10449_A/14408_T/18163_G/22578_A/22679_C/22995_A/23403_G/23525_T/23599_G/23604_A/23854_A/23948_T/24424_T/24469_A/25000_T/25584_T/26270_T/26577_G/26709_A/27259_C/27807_T/28271_T/28311_T/28881_A/28882_A/28883_C,6513_---/8762_A/8835_C/11283_---------/15521_A
ERR8686127,BA.1.1*,BA.2.45,YYYYYYYYYYXXXXXXXXXXXXXXXXXXX,7.525220850403975e-104,7.623048721459226e-101,11537_G/13195_C/15240_T/21762_T/21765_------/21846_T/21987_---------/22194_---/22599_A/22673_C/23040_G/23048_A/23055_G/23063_T/23075_C/23202_A/24130_A/24503_T/26530_G,670_G/2790_T/4184_A/4321_T/9344_T/9424_G/9534_T/9866_T/10198_T/10447_A,3037_T/10029_T/10449_A/14408_T/18163_G/22578_A/22674_T/22679_C/22686_T/22992_A/22995_A/23013_C/23403_G/23525_T/23599_G/23604_A/23854_A/23948_T/24424_T/24469_A/25000_T/25584_T/26270_T/26577_G/26709_A/27259_C/27807_T/28271_T/28311_T/28362_---------/28881_A/28882_A/28883_C,2335_C/11283_---------/11674_T/15521_A/22813_T/22882_G/22898_A/26522_T/27688_T
ERR5335088,B.1.1.7*,B.1.36.39,YYYYYYYYXXXXXXXXXXXXXXXX,2.309083742647342e-52,2.7362642350371e-49,23063_T/23271_A/23604_A/23709_T/24506_G/24914_C/27972_T/28048_T/28111_G/28280_C/28281_T/28282_A/28881_A/28882_A/28883_C/28977_T,1947_C/2319_C/6573_T/7528_T/9936_A/15981_T/18877_T/22444_T,3037_T/14408_T/23403_G,6258_T/9142_T/12454_G/21123_T/21575_T
ERR9495524,BA.1.1*,BA.2.45,YYYYYYYYYYXXXXXXXXXXXXXXXXXXX,7.525220850403975e-104,7.63057394230963e-101,11537_G/13195_C/15240_T/21762_T/21765_------/21846_T/21987_---------/22194_---/22599_A/22673_C/23040_G/23048_A/23055_G/23063_T/23075_C/23202_A/24130_A/24503_T/26530_G,670_G/2790_T/4184_A/4321_T/9344_T/9424_G/9534_T/9866_T/10198_T/10447_A,3037_T/10029_T/10449_A/14408_T/18163_G/22578_A/22674_T/22679_C/22686_T/22992_A/22995_A/23013_C/23403_G/23525_T/23599_G/23604_A/23854_A/23948_T/24424_T/24469_A/25000_T/25584_T/26270_T/26577_G/26709_A/27259_C/27807_T/28271_T/28311_T/28362_---------/28881_A/28882_A/28883_C,8739_T/11283_---------/14913_T/15521_A/22813_T/22882_G/22898_A/26078_T/28853_C
SRR21900689,BA.2,BF.11,YYYYYYYXXXX,1.6087141136319666e-127,2.980947252560034e-124,27382_C/27383_T/27384_C/28271_T,1627_T/12160_A/21765_------/22917_G/23018_G/26529_A/27038_G,670_G/2790_T/3037_T/4184_A/4321_T/9344_T/9424_G/9534_T/10029_T/10198_T/10447_A/10449_A/11288_---------/12880_T/14408_T/15714_T/17410_T/18163_G/19955_T/20055_G/21618_T/21633_---------/21987_A/22200_G/22578_A/22674_T/22679_C/22686_T/22688_G/22775_A/22786_C/22813_T/22882_G/22992_A/22995_A/23013_C/23055_G/23063_T/23075_C/23403_G/23525_T/23599_G/23604_A/23854_A/23948_T/24424_T/24469_A/25000_T/25584_T/26060_T/26270_T/26577_G/26709_A/27807_T/28311_T/28362_---------/28881_A/28882_A/28883_C/29510_C,3859_G/4933_C/6979_G/7735_T/18657_T/20160_A/21991_---
ERR8534857,BA.1.1*,BA.2.45,YYYYYYYYYYYYYYXXXXXXXXXXXXXXXX,3.8164543213751746e-107,3.873701136195802e-104,21762_T/21765_------/21846_T/21987_---------/22194_---/22599_A/22673_C/23040_G/23048_A/23055_G/23063_T/23075_C/23202_A/24130_A/24503_T/26530_G,670_G/2790_T/4184_A/4321_T/9344_T/9424_G/9534_T/9866_T/10198_T/10447_A/11288_---------/12880_T/15714_T/17410_T,3037_T/10029_T/10449_A/14408_T/18163_G/22578_A/22674_T/22679_C/22686_T/22992_A/22995_A/23013_C/23403_G/23525_T/23599_G/23604_A/23854_A/23948_T/24424_T/24469_A/25000_T/25584_T/26270_T/26577_G/26709_A/27259_C/27807_T/28271_T/28311_T/28362_---------/28881_A/28882_A/28883_C,15521_A/22813_T/22882_G/22898_A/23610_T/25714_G/28426_C
SRR15982371,AY.112*,AY.26,XXXXXXXXYYYYY,5.629381102138313e-58,5.1171074218437265e-55,4181_T/6402_T/7124_T/8986_T/9053_T/10029_T/11201_G/11332_G,22029_------/22227_T/25352_T/27345_T/28248_------,3037_T/14408_T/15451_A/16466_T/21618_G/22917_G/22995_A/23403_G/23604_G/24410_A/25469_T/26767_C/27638_C/27752_T/28461_G/28881_T/29402_T,2395_T/7933_G/8140_T/16221_A/18377_T/22093_T/22482_T/26111_T
ERR8153803,BA.1.9,BA.2.23,XXXXYYYYYYYYYYYYYYYYYYYYYYYYYYYYYYY,1.2450584308507315e-105,2.754069249041818e-102,2832_G/5386_G/6513_---/8393_A,11288_---------/12880_T/15714_T/17410_T/19955_T/20055_G/21618_T/21633_---------/21987_A/22200_G/22674_T/22679_C/22686_T/22688_G/22775_A/22786_C/22813_T/22882_G/22992_A/22995_A/23013_C/23040_G/23055_G/23063_T/23075_C/26060_T/26858_T/27382_C/27383_T/27384_C/29510_C,3037_T/10029_T/10449_A/14408_T/18163_G/22578_A/23403_G/23525_T/23599_G/23604_A/23854_A/23948_T/24424_T/24469_A/25000_T/25584_T/26270_T/26577_G/26709_A/27259_C/27807_T/28271_T/28311_T/28362_---------/28881_A/28882_A/28883_C,3241_T/5924_A/14599_T
ERR9447529,BA.1.1*,BA.2.23,XXXXXXXXXXXXYYYYYYYYYYYY,4.893907927859498e-106,1.276820578378543e-102,2470_T/2832_G/5386_G/6513_---/8393_A/11537_G/13195_C/15240_T/21762_T/21765_------/21846_T/21987_---------,22200_G/22688_G/22775_A/22786_C/22813_T/22882_G/26060_T/26858_T/27382_C/27383_T/27384_C/29510_C,3037_T/10029_T/10449_A/14408_T/18163_G/22578_A/22674_T/22679_C/22686_T/22992_A/22995_A/23013_C/23040_G/23055_G/23063_T/23075_C/23403_G/23525_T/23599_G/23604_A/23854_A/23948_T/24424_T/24469_A/25000_T/25584_T/26270_T/26577_G/26709_A/27259_C/27807_T/28271_T/28311_T/28362_---------/28881_A/28882_A/28883_C,6166_A/11283_---------
ERR10219711,BA.4.3,BA.5,XYYYYYYYYYYYXXXXXXXX,6.775335871289337e-145,3.677652310935852e-141,1453_C/23535_G/26858_T/27259_C/27382_C/27383_T/27384_C/27788_T/28724_T,22786_C/22813_T/22882_G/22917_G/22992_A/22995_A/23013_C/23018_G/23055_G/23063_T/23075_C,670_G/2790_T/3037_T/4184_A/4321_T/9344_T/9424_G/9534_T/10029_T/10198_T/10447_A/10449_A/11288_---------/12160_A/12880_T/14408_T/15714_T/17410_T/18163_G/19955_T/20055_G/21618_T/21633_---------/21765_------/21987_A/22200_G/22578_A/22674_T/22679_C/22686_T/22688_G/22775_A/23403_G/23525_T/23599_G/23604_A/23854_A/23948_T/24424_T/24469_A/25000_T/25584_T/26060_T/26270_T/26577_G/26709_A/27807_T/28271_T/28311_T/28362_---------/28881_A/28882_A/28883_C/29510_C,686_G/687_C/689_C/691_G/692_C/694_A/25460_T
ERR9700026,BA.1.9,BA.2.23,XXXXXXXYYYYYYYYYYYYYYYYYYYYYYYYYYY,3.6831962113965135e-108,8.147230019609087e-105,2832_G/5386_G/6513_---/8393_A/11537_G/13195_C/15240_T,19955_T/20055_G/21618_T/21633_---------/21987_A/22200_G/22674_T/22679_C/22686_T/22688_G/22775_A/22786_C/22813_T/22882_G/22992_A/22995_A/23013_C/23040_G/23055_G/23063_T/23075_C/26060_T/26858_T/27382_C/27383_T/27384_C/29510_C,3037_T/10029_T/10449_A/14408_T/18163_G/22578_A/23403_G/23525_T/23599_G/23604_A/23854_A/23948_T/24424_T/24469_A/25000_T/25584_T/26270_T/26577_G/26709_A/27259_C/27807_T/28271_T/28311_T/28362_---------/28881_A/28882_A/28883_C,5515_T/10263_T/11283_---------/13653_G/23485_C/28498_T
SRR15151196,B.1.1.7*,B.1.526,XXXXXYYYYYYYY,3.1480970728403103e-28,2.546810531927811e-25,913_T/3267_T/5388_A/5986_T/6954_C,16500_C/20262_G/21575_T/21846_T/22320_G/25517_T/25563_T/27925_T,3037_T/11288_---------/14408_T/23403_G,388_A/2110_T/2782_T/4113_T/4456_T/15720_T/21898_T/23012_A/23664_T/28869_T/28975_A
ERR6451662,AY.18,AY.98,YYYYYYYYXXXXXYY,5.417939570570346e-64,6.832021798489206e-61,11418_C/12946_C/18176_T/20262_G/27739_T,526_T/4181_T/6402_T/7124_T/8986_T/9053_T/10029_T/11201_G/28248_------/28461_G,3037_T/14408_T/15451_A/16466_T/21618_G/21987_A/22029_------/22917_G/22995_A/23403_G/23604_G/24410_A/25469_T/26767_C/27638_C/27752_T/28881_T/29402_T,512_T/11455_T/14170_G/15738_T/22224_T/26936_T/27077_A
ERR10380693,BA.5.1.18,BG.5,YYYYXXXXXXX,8.695750108126671e-125,1.2278399152674858e-121,21765_------/22917_G/23018_G/26529_A/27438_C/27889_T/29666_T,9866_T/11674_T/12180_G/15009_C,670_G/2790_T/3037_T/4184_A/4321_T/9344_T/9424_G/9534_T/10029_T/10198_T/10447_A/10449_A/11288_---------/12880_T/14408_T/15714_T/17410_T/18163_G/19955_T/20055_G/21618_T/21633_---------/21987_A/22200_G/22578_A/22674_T/22679_C/22686_T/22688_G/22775_A/22786_C/22813_T/22882_G/22992_A/22995_A/23013_C/23055_G/23063_T/23075_C/23403_G/23525_T/23599_G/23604_A/23854_A/23948_T/24424_T/24469_A/25000_T/25584_T/26060_T/26270_T/26577_G/26709_A/27807_T/28271_T/28311_T/28362_---------/28881_A/28882_A/28883_C/29510_C,6529_G/15684_C/22017_T/27218_G
DRR321268,AY.29.1,B.1.1.7*,XXXXXXXXXXXXXXXXXXXXXXXXYYYYYYYYYY,8.499422769590662e-69,8.72890718436961e-66,4181_T/5239_T/5514_C/6402_T/7124_T/8986_T/9053_T/10029_T/11201_G/11332_G/15451_A/16466_T/19220_T/21618_G/21846_T/21987_A/22029_------/22081_T/22917_G/22995_A/23604_G/24410_A/25469_T/26767_C,27972_T/28048_T/28111_G/28280_C/28281_T/28282_A/28881_A/28882_A/28883_C/28977_T,3037_T/14408_T/23403_G,27390_T
SRR20127349,BA.2.12.1*,BA.5.2.1*,YXXXXXYYYY,3.583264015971437e-126,3.873508401265123e-123,9866_T/11674_T/22917_A/23040_G/23673_T,1627_T/26529_A/27038_G/27889_T/28330_G,670_G/2790_T/3037_T/4184_A/4321_T/9344_T/9424_G/9534_T/10029_T/10198_T/10447_A/10449_A/11288_---------/12880_T/14408_T/15714_T/17410_T/18163_G/19955_T/20055_G/21618_T/21633_---------/21987_A/22200_G/22578_A/22674_T/22679_C/22686_T/22688_G/22775_A/22786_C/22813_T/22882_G/22992_A/22995_A/23013_C/23055_G/23063_T/23075_C/23403_G/23525_T/23599_G/23604_A/23854_A/23948_T/24424_T/24469_A/25000_T/25584_T/26060_T/26270_T/26577_G/26709_A/27807_T/28271_T/28311_T/28362_---------/28881_A/28882_A/28883_C/29510_C,526_T/5259_T/6107_G/7732_T/12439_T
ERR9925077,BA.1.1.7,BA.2.9*,XXXXYYYYYYYYYYYYYYYYYYYYYYYYYYYYYY,1.517359818647817e-107,3.380677675947336e-104,2470_T/2832_G/5386_G/8393_A,12880_T/15714_T/17410_T/19955_T/20055_G/21618_T/21633_---------/21987_A/22200_G/22674_T/22686_T/22688_G/22775_A/22786_C/22792_T/22813_T/22882_G/22992_A/23013_C/23040_G/23055_G/23063_T/23075_C/26060_T/26858_T/27382_C/27383_T/27384_C/28362_---------/29510_C,3037_T/10029_T/10449_A/14408_T/18163_G/22578_A/22679_C/22995_A/23403_G/23525_T/23599_G/23604_A/23854_A/23948_T/24424_T/24469_A/25000_T/25584_T/26270_T/26577_G/26709_A/27259_C/27807_T/28271_T/28311_T/28881_A/28882_A/28883_C,6513_---/6812_G/9803_T/11283_---------/15521_A/17460_G/28015_C
SRR21370028,BA.4.6,BA.5.2*,XXXXXYYYYY,2.1835458470803742e-135,3.1115528320895335e-132,686_---------/8140_T/14599_T/22599_C/23535_G,26529_A/27012_T/27513_T/27889_T/28330_G,670_G/2790_T/3037_T/4184_A/4321_T/9344_T/9424_G/9534_T/10029_T/10198_T/10447_A/10449_A/11288_---------/12160_A/12880_T/14408_T/15714_T/17410_T/18163_G/19955_T/20055_G/21618_T/21633_---------/21765_------/21987_A/22200_G/22578_A/22674_T/22679_C/22686_T/22688_G/22775_A/22786_C/22813_T/22882_G/22917_G/22992_A/22995_A/23013_C/23018_G/23055_G/23063_T/23075_C/23403_G/23525_T/23599_G/23604_A/23854_A/23948_T/24424_T/24469_A/25000_T/25584_T/26060_T/26270_T/26577_G/26709_A/27807_T/28271_T/28311_T/28362_---------/28881_A/28882_A/28883_C/29510_C,10486_G/11950_T/18828_T/28792_T
ERR5304348,B.1.1.7*,B.1.177*,YYYYYXXXXXXXXXX,4.900476197472448e-34,4.199708101233888e-31,27972_T/28048_T/28111_G/28280_C/28281_T/28282_A/28881_A/28882_A/28883_C/28977_T,445_C/6286_T/21255_C/22227_T/26801_G,3037_T/14408_T/23403_G,7348_C/10523_A/17215_G/21306_T/24106_T/25970_T
ERR9858123,BA.2.17,BE.1.1*,YYYYYYYYYYYYYXXXXXX,2.7826218936363656e-136,1.4002153368778192e-132,25416_T/26858_T/27259_C/27382_C/27383_T/27384_C,1931_A/12160_A/16935_A/21765_------/22882_G/22917_G/22992_A/22995_A/23013_C/23018_G/23055_G/23063_T/23075_C,670_G/2790_T/3037_T/4184_A/4321_T/9344_T/9424_G/9534_T/10029_T/10198_T/10447_A/10449_A/11288_---------/12880_T/14408_T/15714_T/17410_T/18163_G/19955_T/20055_G/21618_T/21633_---------/21987_A/22200_G/22578_A/22674_T/22679_C/22686_T/22688_G/22775_A/22786_C/22813_T/23403_G/23525_T/23599_G/23604_A/23854_A/23948_T/24424_T/24469_A/25000_T/25584_T/26060_T/26270_T/26577_G/26709_A/27807_T/28271_T/28311_T/28362_---------/28881_A/28882_A/28883_C/29510_C,702_A/1422_C/3875_A/7105_A/12068_T/22792_T/23323_C/26043_C
SRR21382986,BA.4.6,BA.5.6*,YYYYXXXXXXXXX,1.3170334989639746e-148,6.876231898090912e-145,22599_C/23535_G/26858_T/27259_C/27382_C/27383_T/27384_C/27788_T/28724_T,4906_C/17402_T/18957_C/21077_T,670_G/2790_T/3037_T/4184_A/4321_T/9344_T/9424_G/9534_T/10029_T/10198_T/10447_A/10449_A/11288_---------/12160_A/12880_T/14408_T/15714_T/17410_T/18163_G/19955_T/20055_G/21618_T/21633_---------/21765_------/21987_A/22200_G/22578_A/22674_T/22679_C/22686_T/22688_G/22775_A/22786_C/22813_T/22882_G/22917_G/22992_A/22995_A/23013_C/23018_G/23055_G/23063_T/23075_C/23403_G/23525_T/23599_G/23604_A/23854_A/23948_T/24424_T/24469_A/25000_T/25584_T/26060_T/26270_T/26577_G/26709_A/27807_T/28271_T/28311_T/28362_---------/28881_A/28882_A/28883_C/29510_C,18984_T/27372_T
SRR20706313,BA.4.1*,BA.5.6*,YYYYXXXXXXX,4.379616316345798e-142,2.392146431988075e-138,26858_T/27259_C/27382_C/27383_T/27384_C/27788_T/28724_T,4906_C/17402_T/18957_C/21077_T,670_G/2790_T/3037_T/4184_A/4321_T/9344_T/9424_G/9534_T/10029_T/10198_T/10447_A/10449_A/11288_---------/12160_A/12880_T/14408_T/15714_T/17410_T/18163_G/19955_T/21618_T/21633_---------/21765_------/21987_A/22200_G/22578_A/22674_T/22679_C/22686_T/22688_G/22775_A/22786_C/22813_T/22882_G/22917_G/22992_A/22995_A/23013_C/23018_G/23055_G/23063_T/23075_C/23403_G/23525_T/23599_G/23604_A/23854_A/23948_T/24424_T/24469_A/25000_T/25584_T/26060_T/26270_T/26577_G/26709_A/27807_T/28271_T/28311_T/28362_---------/28881_A/28882_A/28883_C/29510_C,3685_A/3686_A/14925_T
SRR16318274,AY.25.1*,AY.14*,YYYYXXXXXXXXXXXX,1.943788945842399e-71,1.7221970060163655e-68,8986_T/9053_T/10029_T/11201_G/11332_G/11562_T/19220_T/21987_A/26107_C/27507_C/27874_T/28916_T,1191_T/1267_T/1877_G/5184_T,3037_T/14408_T/15451_A/16466_T/21618_G/22029_------/22917_G/22995_A/23403_G/23604_G/24410_A/25469_T/26767_C/27638_C/27752_T/28248_------/28461_G/28881_T/29402_T,9267_T/12501_T
SRR18343220,AY.4,BA.1.1*,XXXXXXYYYYYYYYYYYYYYYYYYYYYYYYYYYYYYYYYYYYYYYYYYYY,3.6907937744232495e-91,3.5324587215004923e-87,4181_T/6402_T/7124_T/7851_T/8986_T/9053_T,10449_A/11537_G/13195_C/15240_T/18163_G/21762_T/21765_------/21987_---------/22194_---/22578_A/22599_A/22673_C/22674_T/22679_C/22686_T/22992_A/23013_C/23055_G/23063_T/23075_C/23202_A/23525_T/23599_G/23604_A/23854_A/23948_T/24130_A/24424_T/24469_A/24503_T/25000_T/25584_T/26270_T/26530_G/26577_G/26709_A/27259_C/27807_T/28271_T/28311_T/28362_---------/28881_A/28882_A/28883_C,3037_T/10029_T/14408_T/21846_T/22995_A/23403_G,5365_T/6196_T/11283_---------/21595_T/22882_G/22898_A
ERR10839902,BM.1.1.1,BQ.1.1.17,YYYYYYYXXXXXXXXXXXXXXX,1.99397573385686e-129,6.785499422314895e-126,22577_C/22786_C/22813_T/22882_G/22898_A/22942_G/23019_C/23031_C/25416_T/26275_G/26858_T/27259_C/27382_C/27383_T/27384_C,1931_A/2954_C/11750_T/12160_A/14257_C/16935_A/21987_A,670_G/2790_T/3037_T/4184_A/4321_T/9344_T/9424_G/9534_T/10029_T/10198_T/10447_A/10449_A/11288_---------/12880_T/14408_T/15714_T/17410_T/18163_G/19955_T/20055_G/21618_T/21633_---------/22578_A/22599_C/22674_T/22679_C/22686_T/22688_G/22775_A/22992_A/22995_A/23013_C/23055_G/23063_T/23075_C/23403_G/23525_T/23599_G/23604_A/23854_A/23948_T/24424_T/24469_A/25000_T/25584_T/26060_T/26270_T/26577_G/26709_A/27807_T/28271_T/28311_T/28362_---------/28881_A/28882_A/28883_C/29510_C,378_C/6532_T/20428_T/21810_C/21991_---/22000_A/22109_G/22200_A/22317_T/22664_A/22895_C/22896_C/23018_C/27915_T
SRR15856342,AY.43.6,P.1.1,YYYYYYXXXXXXXXXXXXXXXXXXXXXXXXXXXXX,7.068057331592396e-69,1.6475641639941875e-65,8986_T/9053_T/10029_T/11201_G/11332_G/15451_A/15952_A/16466_T/18744_T/19220_T/21618_G/21987_A/22029_------/22917_G/22995_A/23604_G/24130_T/24410_A/25469_T/26767_C/27638_C/27752_T/27874_T/28248_------/28299_T/28461_G/28881_T/28916_T/29402_T,733_C/2749_T/3828_T/5648_C/6319_G/6613_G,3037_T/14408_T/23403_G,11537_G/15522_C
SRR21458174,BA.2.17,BA.5.5*,YYYYYYYYYYYYXXXXXX,1.9067355600090372e-134,1.0460351282209578e-130,25416_T/26858_T/27259_C/27382_C/27383_T/27384_C,12160_A/21765_------/21789_T/22882_G/22917_G/22992_A/22995_A/23013_C/23018_G/23055_G/23063_T/23075_C,670_G/2790_T/3037_T/4184_A/4321_T/9344_T/9424_G/9534_T/10029_T/10198_T/10447_A/10449_A/11288_---------/12880_T/14408_T/15714_T/17410_T/18163_G/19955_T/20055_G/21618_T/21633_---------/21987_A/22200_G/22578_A/22674_T/22679_C/22686_T/22688_G/22775_A/22786_C/22813_T/23403_G/23525_T/23599_G/23604_A/23854_A/23948_T/24424_T/24469_A/25000_T/25584_T/26060_T/26270_T/26577_G/26709_A/27807_T/28271_T/28311_T/28362_---------/28881_A/28882_A/28883_C/29510_C,335_T/3411_T/8917_T/13423_T/13605_T/21676_T/26895_T
ERR8142475,AY.4,BA.1.1*,XXXXXXXXXXXXYYYYYYYYYYYYYYYYYYYYYYYYYYYYYYYYYYYYYYYY,3.904730586627237e-95,5.746201531280641e-91,4181_T/6402_T/7124_T/7851_T/8986_T/9053_T/11201_G/11332_G/15451_A/16466_T/19220_T/21618_G,21762_T/21765_------/21987_---------/22194_---/22578_A/22673_C/22674_T/22679_C/22686_T/22992_A/23013_C/23040_G/23048_A/23055_G/23063_T/23075_C/23202_A/23525_T/23599_G/23604_A/23854_A/23948_T/24130_A/24424_T/24469_A/24503_T/25000_T/25584_T/26270_T/26530_G/26577_G/26709_A/27259_C/27807_T/28271_T/28311_T/28362_---------/28881_A/28882_A/28883_C,3037_T/10029_T/14408_T/21846_T/22995_A/23403_G,2842_T/6740_T/14457_T/14844_G/21292_T/22813_T/22882_G/22898_A/26534_T/26873_T/29666_T
SRR21197142,BF.7*,BG.2,YYYYYYYYYYXXXX,5.469655479813778e-125,5.617336177768751e-122,26529_A/27889_T/28330_G/28371_T,9866_T/11522_G/11575_T/11674_T/15009_C/16092_T/21721_T/22917_A/23040_G/23673_T,670_G/2790_T/3037_T/4184_A/4321_T/9344_T/9424_G/9534_T/10029_T/10198_T/10447_A/10449_A/11288_---------/12880_T/14408_T/15714_T/17410_T/18163_G/19955_T/20055_G/21618_T/21633_---------/21987_A/22200_G/22578_A/22674_T/22679_C/22686_T/22688_G/22775_A/22813_T/22882_G/22992_A/22995_A/23013_C/23055_G/23063_T/23075_C/23403_G/23525_T/23599_G/23604_A/23854_A/23948_T/24424_T/24469_A/25000_T/25584_T/26060_T/26270_T/26577_G/26709_A/27807_T/28271_T/28311_T/28881_A/28882_A/28883_C/29510_C,8290_T/28361_---------/28370_T
SRR16063537,AY.26,AY.3.1,XXXXXXXYYYY,1.520290441706391e-59,1.3211323938428539e-56,2911_G/5184_T/5584_G/9891_T/11418_C/11514_T/13019_T,27874_T/28916_T/29050_A/29509_T,3037_T/14408_T/15451_A/16466_T/21618_G/22029_------/22917_G/22995_A/23403_G/23604_G/24410_A/25469_T/26767_C/27638_C/27752_T/28248_------/28461_G/28881_T/29402_T,12097_G/22741_C/28456_A
ERR9911323,BA.2,BE.1.1*,YYYYYYYYXXXXX,1.5629409543519982e-140,9.046302243789366e-137,26858_T/27259_C/27382_C/27383_T/27384_C,1931_A/2954_C/11750_T/12160_A/16935_A/21765_------/22917_G/23018_G,670_G/2790_T/3037_T/4184_A/4321_T/9344_T/9424_G/9534_T/10029_T/10198_T/10447_A/10449_A/11288_---------/12880_T/14408_T/15714_T/17410_T/18163_G/19955_T/20055_G/21618_T/21633_---------/21987_A/22200_G/22578_A/22674_T/22679_C/22686_T/22688_G/22775_A/22786_C/22813_T/22882_G/22992_A/22995_A/23013_C/23055_G/23063_T/23075_C/23403_G/23525_T/23599_G/23604_A/23854_A/23948_T/24424_T/24469_A/25000_T/25584_T/26060_T/26270_T/26577_G/26709_A/27807_T/28271_T/28311_T/28362_---------/28881_A/28882_A/28883_C/29510_C,10376_T
SRR22011605,BA.4.6,BE.4.1.1,XXXXXXYYYY,8.46201248793324e-130,1.1626805158420272e-126,686_---------/8140_T/14599_T/19955_T/20055_G/21765_------,26529_A/27800_T/27889_T/28681_T,670_G/2790_T/3037_T/4184_A/4321_T/9344_T/9424_G/9534_T/10029_T/10198_T/10447_A/10449_A/11288_---------/12160_A/12880_T/14408_T/15714_T/17410_T/18163_G/21618_T/21633_---------/21987_A/22200_G/22578_A/22599_C/22674_T/22679_C/22686_T/22688_G/22775_A/22786_C/22813_T/22882_G/22917_G/22992_A/22995_A/23013_C/23018_G/23055_G/23063_T/23075_C/23403_G/23525_T/23599_G/23604_A/23854_A/23948_T/24424_T/24469_A/25000_T/25584_T/26060_T/26270_T/26577_G/26709_A/27807_T/28271_T/28311_T/28362_---------/28881_A/28882_A/28883_C/29510_C,2902_T/12769_A/15960_T/19203_C
SRR21001321,BA.2.12.1*,BA.5.1.12,XXXXXXXXXXXYYYY,2.727419947993962e-133,2.798332866641805e-130,9866_T/11674_T/15009_C/21721_T/22882_G/22917_A/23040_G/23055_G/23063_T/23075_C/23673_T,26529_A/27438_C/27889_T/29666_T,670_G/2790_T/3037_T/4184_A/4321_T/9344_T/9424_G/9534_T/10029_T/10198_T/10447_A/10449_A/11288_---------/12880_T/14408_T/15714_T/17410_T/18163_G/19955_T/20055_G/21618_T/21633_---------/21987_A/22200_G/22578_A/22674_T/22679_C/22686_T/22688_G/22775_A/22786_C/22813_T/22992_A/22995_A/23013_C/23403_G/23525_T/23599_G/23604_A/23854_A/23948_T/24424_T/24469_A/25000_T/25584_T/26060_T/26270_T/26577_G/26709_A/27807_T/28271_T/28311_T/28362_---------/28881_A/28882_A/28883_C/29510_C,1942_T/6446_A/20935_G/21575_T
SRR21198605,BA.2,BA.5,XYYYYXXXXX,1.0925393047421337e-139,5.196116933353588e-136,9866_T/26858_T/27259_C/27382_C/27383_T/27384_C,21765_------/22917_G/23018_G/26529_A,670_G/2790_T/3037_T/4184_A/4321_T/9344_T/9424_G/9534_T/10029_T/10198_T/10447_A/10449_A/11288_---------/12880_T/14408_T/15714_T/17410_T/18163_G/19955_T/20055_G/21618_T/21633_---------/21987_A/22200_G/22578_A/22674_T/22679_C/22686_T/22688_G/22775_A/22786_C/22813_T/22882_G/22992_A/22995_A/23013_C/23055_G/23063_T/23075_C/23403_G/23525_T/23599_G/23604_A/23854_A/23948_T/24424_T/24469_A/25000_T/25584_T/26060_T/26270_T/26577_G/26709_A/27807_T/28271_T/28311_T/28362_---------/28881_A/28882_A/28883_C/29510_C,2902_T/6107_G/6638_T/7573_T/11674_T/12756_A
ERR10109642,BA.2,BF.5*,YYYYYYYYXXXXX,2.276322794080274e-136,1.26244862159692e-132,26858_T/27259_C/27382_C/27383_T/27384_C,1627_T/6979_G/9967_T/12160_A/21765_------/22917_G/23018_G/24620_T,670_G/2790_T/3037_T/4184_A/4321_T/9344_T/9424_G/9534_T/10029_T/10198_T/10447_A/10449_A/11288_---------/12880_T/14408_T/15714_T/17410_T/18163_G/19955_T/20055_G/21618_T/21633_---------/21987_A/22200_G/22578_A/22674_T/22679_C/22686_T/22688_G/22775_A/22786_C/22813_T/22882_G/22992_A/22995_A/23013_C/23055_G/23063_T/23075_C/23403_G/23525_T/23599_G/23604_A/23854_A/23948_T/24424_T/24469_A/25000_T/25584_T/26060_T/26270_T/26577_G/26709_A/27807_T/28271_T/28311_T/28362_---------/28881_A/28882_A/28883_C/29510_C,2177_T/13821_T/26873_T
SRR21868921,BA.4.6,BA.5.2.1*,XXXXXYYYY,9.357146840193228e-136,1.3109362723110713e-132,686_---------/8140_T/14599_T/22599_C/23535_G,26529_A/27038_G/27889_T/28330_G,670_G/2790_T/3037_T/4184_A/4321_T/9344_T/9424_G/9534_T/10029_T/10198_T/10447_A/10449_A/11288_---------/12160_A/12880_T/14408_T/15714_T/17410_T/18163_G/19955_T/20055_G/21618_T/21633_---------/21765_------/21987_A/22200_G/22578_A/22674_T/22679_C/22686_T/22688_G/22775_A/22786_C/22813_T/22882_G/22917_G/22992_A/22995_A/23013_C/23018_G/23055_G/23063_T/23075_C/23403_G/23525_T/23599_G/23604_A/23854_A/23948_T/24424_T/24469_A/25000_T/25584_T/26060_T/26270_T/26577_G/26709_A/27807_T/28271_T/28311_T/28362_---------/28881_A/28882_A/28883_C/29510_C,400_G/1779_T/23587_C/26750_A/28087_A/29227_A
ERR10778074,BA.2.75.1*,BQ.1.1.14,XXXXXXXXXXXYYYYYYYYYY,1.6576211089412068e-133,5.369034771860569e-130,3796_T/3927_T/4586_T/5183_T/9866_T/11288_---------/12444_G/15451_A/22001_G/22016_C/22033_A,22599_C/22893_C/22917_G/22942_A/23018_G/26529_A/27889_T/28312_T/28362_---------/28681_T,670_G/2790_T/3037_T/4184_A/4321_T/9344_T/9424_G/9534_T/10029_T/10198_T/10447_A/10449_A/12880_T/14408_T/15714_T/17410_T/18163_G/19955_T/20055_G/21618_T/21633_---------/21987_A/22200_G/22578_A/22674_T/22679_C/22686_T/22688_G/22775_A/22786_C/22813_T/22882_G/22992_A/22995_A/23013_C/23055_G/23063_T/23075_C/23403_G/23525_T/23599_G/23604_A/23854_A/23948_T/24424_T/24469_A/25000_T/25584_T/26060_T/26270_T/26577_G/26709_A/27807_T/28271_T/28311_T/28881_A/28882_A/28883_C/29510_C,1093_T/1440_A/1964_G/5844_G/8597_T/12440_C/21077_T/21976_C/22855_T/25471_C/25553_T/25569_C/26031_A
SRR21976891,BA.4.6,BA.5.1.12,XXXXXXXXXXYYYY,2.4097469783289802e-138,3.318221589159006e-135,686_---------/8140_T/14599_T/22599_C/22882_G/22917_G/23055_G/23063_T/23075_C/23535_G,26529_A/27438_C/27889_T/29666_T,670_G/2790_T/3037_T/4184_A/4321_T/9344_T/9424_G/9534_T/10029_T/10198_T/10447_A/10449_A/11288_---------/12160_A/12880_T/14408_T/15714_T/17410_T/18163_G/19955_T/20055_G/21618_T/21633_---------/21765_------/21987_A/22200_G/22578_A/22674_T/22679_C/22686_T/22688_G/22775_A/22786_C/22813_T/22992_A/22995_A/23013_C/23018_G/23403_G/23525_T/23599_G/23604_A/23854_A/23948_T/24424_T/24469_A/25000_T/25584_T/26060_T/26270_T/26577_G/26709_A/27807_T/28271_T/28311_T/28362_---------/28881_A/28882_A/28883_C/29510_C,12628_C/25463_T/28462_T
ERR10481476,BN.1.3*,BQ.1.1.17,YYYYYYXXXXXXXXXXXXXXXXXXXXX,2.007143369024443e-147,6.54128023965066e-144,22001_G/22016_C/22033_A/22190_G/22331_A/22577_C/22629_C/22786_C/22813_T/22882_G/22898_A/22942_G/23031_C/25416_T/26078_T/26275_G/26858_T/27259_C/27382_C/27383_T/27384_C,1931_A/2954_C/11750_T/12160_A/14257_C/16935_A,670_G/2790_T/3037_T/4184_A/4321_T/9344_T/9424_G/9534_T/10029_T/10198_T/10447_A/10449_A/11288_---------/12880_T/14408_T/15714_T/17410_T/18163_G/19955_T/20055_G/21618_T/21633_---------/21987_A/22200_G/22578_A/22599_C/22674_T/22679_C/22686_T/22688_G/22775_A/22992_A/22995_A/23013_C/23055_G/23063_T/23075_C/23403_G/23525_T/23599_G/23604_A/23854_A/23948_T/24424_T/24469_A/25000_T/25584_T/26060_T/26270_T/26577_G/26709_A/27807_T/28271_T/28311_T/28362_---------/28881_A/28882_A/28883_C/29510_C,1320_C/3040_T/17969_C/18814_T/24977_C
ERR9979167,BA.2.70,BF.18,XXXXYYYYY,5.0799749771434576e-120,5.288253951206339e-117,9286_T/9866_T/21618_T/23040_G,26270_T/26529_A/27038_G/27889_T/28330_G,670_G/2790_T/3037_T/4184_A/4321_T/9344_T/9424_G/9534_T/10029_T/10198_T/10447_A/10449_A/11288_---------/12880_T/14408_T/15714_T/17410_T/18163_G/19955_T/20055_G/21633_---------/21987_A/22200_G/22578_A/22674_T/22679_C/22686_T/22688_G/22775_A/22786_C/22813_T/22882_G/22992_A/22995_A/23013_C/23055_G/23063_T/23075_C/23403_G/23525_T/23599_G/23604_A/23854_A/23948_T/24424_T/24469_A/25000_T/25584_T/26060_T/26577_G/26709_A/27807_T/28271_T/28311_T/28362_---------/28881_A/28882_A/28883_C/29510_C,823_T/15521_A/22812_C/23248_T
ERR4793705,B.1.160*,B.1.221.4,YYYYYXXXXXX,1.240863967422762e-27,1.0609386921464616e-24,25563_T/25710_T/26735_T/26876_C/28975_C/29399_A,3602_T/6941_T/15324_T/16044_T/21855_T,3037_T/14408_T/23403_G,4442_T/6525_T/10377_T
ERR8756530,BA.1.1.7,BA.2.10.1,XXXXYYYYYYYYYYYYYYYYYYYYYYYYYYYYYYYYYYYYY,1.7983736567743725e-124,3.431296937125503e-121,2470_T/2832_G/5386_G/8393_A,9344_T/9424_G/9534_T/9866_T/10198_T/10447_A/11288_---------/12880_T/15714_T/16342_C/17410_T/19955_T/20055_G/21618_T/21633_---------/21987_A/22200_G/22674_T/22686_T/22688_G/22775_A/22786_C/22813_T/22882_G/22992_A/23013_C/23040_G/23055_G/23063_T/23075_C/26060_T/26858_T/27382_C/27383_T/27384_C/28362_---------/29510_C,3037_T/10029_T/10449_A/14408_T/18163_G/22578_A/22679_C/22995_A/23403_G/23525_T/23599_G/23604_A/23854_A/23948_T/24424_T/24469_A/25000_T/25584_T/26270_T/26577_G/26709_A/27259_C/27807_T/28271_T/28311_T/28881_A/28882_A/28883_C,3264_T/6513_---/19518_T
ERR10839848,BJ.1,BM.1.1.1,XXXXXXYYYYYYYYYYYYYYYYY,1.5628964881260028e-143,5.949946930295693e-140,405_G/15738_T/15939_C/16342_C/17859_C/21987_A,22001_G/22016_C/22033_A/22190_G/22200_G/22331_A/22674_T/22679_C/22686_T/22688_G/22786_C/22813_T/22898_A/22942_G/23019_C/25416_T/26275_G,670_G/2790_T/3037_T/4184_A/4321_T/9344_T/9424_G/9534_T/9866_T/10029_T/10198_T/10447_A/10449_A/11288_---------/12880_T/14408_T/15451_A/15714_T/17410_T/18163_G/19955_T/20055_G/21618_T/21633_---------/22577_C/22578_A/22599_C/22775_A/22882_G/22992_A/22995_A/23013_C/23055_G/23063_T/23075_C/23403_G/23525_T/23599_G/23604_A/23854_A/23948_T/24424_T/24469_A/25000_T/25584_T/26060_T/26270_T/26577_G/26709_A/26858_T/27259_C/27382_C/27383_T/27384_C/27807_T/28271_T/28311_T/28362_---------/28881_A/28882_A/28883_C/29510_C,509_------------/686_---------/2973_T/15521_A/16207_T/19326_G/20741_G/22893_C/22917_G/23015_C/24210_T/27576_C
ERR10231277,BA.5.2.1*,BM.1.1*,YYYYYYYYYYYYYYYYYYXXXX,3.603232142564354e-147,4.3887367496433836e-144,26529_A/27038_G/27889_T/28330_G,3796_T/3927_T/4586_T/5183_T/9866_T/12444_G/15451_A/18583_A/22001_G/22016_C/22033_A/22190_G/22331_A/22577_C/22898_A/22942_G/25416_T/26275_G,670_G/2790_T/3037_T/4184_A/4321_T/9344_T/9424_G/9534_T/10029_T/10198_T/10447_A/10449_A/11288_---------/12880_T/14408_T/15714_T/17410_T/18163_G/19955_T/20055_G/21618_T/21633_---------/21987_A/22200_G/22578_A/22674_T/22679_C/22686_T/22688_G/22775_A/22786_C/22813_T/22882_G/22992_A/22995_A/23013_C/23055_G/23063_T/23075_C/23403_G/23525_T/23599_G/23604_A/23854_A/23948_T/24424_T/24469_A/25000_T/25584_T/26060_T/26270_T/26577_G/26709_A/27807_T/28271_T/28311_T/28362_---------/28881_A/28882_A/28883_C/29510_C,2326_C/7764_T/13785_G/27752_T
ERR10921923,BM.1.1.1,BQ.1.1.17,YYYYYYYYXXXXXXXXXXXXXXXXXXX,3.8886554933373357e-144,1.4819666085108585e-140,22001_G/22016_C/22033_A/22190_G/22331_A/22577_C/22786_C/22813_T/22882_G/22898_A/22942_G/23019_C/25416_T/26275_G/26858_T/27259_C/27382_C/27383_T/27384_C,1931_A/2954_C/11750_T/12160_A/14257_C/16935_A/17039_G/21987_A,670_G/2790_T/3037_T/4184_A/4321_T/9344_T/9424_G/9534_T/10029_T/10198_T/10447_A/10449_A/11288_---------/12880_T/14408_T/15714_T/17410_T/18163_G/19955_T/20055_G/21618_T/21633_---------/22200_G/22578_A/22599_C/22674_T/22679_C/22686_T/22688_G/22775_A/22992_A/22995_A/23013_C/23055_G/23063_T/23075_C/23403_G/23525_T/23599_G/23604_A/23854_A/23948_T/24424_T/24469_A/25000_T/25584_T/26060_T/26270_T/26577_G/26709_A/27807_T/28271_T/28311_T/28362_---------/28881_A/28882_A/28883_C/29510_C,4276_T/6388_T/7850_A/11374_C/22115_G/22893_C/22917_G/23587_C/24991_A/25721_T/28770_T
ERR5308556,B.1.1.7*,B.1.177.18,YYYYXXXXXXXXXXXXXXXXX,1.5321398781705263e-46,1.607214732200882e-43,21765_------/23063_T/23271_A/23604_A/23709_T/24506_G/24914_C/27972_T/28048_T/28111_G/28280_C/28281_T/28282_A/28881_A/28882_A/28883_C/28977_T,445_C/6286_T/10323_G/21255_C,3037_T/14408_T/23403_G,2019_C/4999_T/9430_T/13945_T/20410_A/21991_---/23208_T/25855_T/28095_T
SRR20682949,BA.4.6,BA.5.1.12,XXXXXXXXXXYYYY,2.3390921130258933e-135,3.2513380371059916e-132,686_---------/8140_T/14599_T/22599_C/22882_G/22917_G/23055_G/23063_T/23075_C/23535_G,26529_A/27438_C/27889_T/29666_T,670_G/2790_T/3037_T/4184_A/4321_T/9344_T/9424_G/9534_T/10029_T/10198_T/10447_A/10449_A/11288_---------/12160_A/12880_T/14408_T/15714_T/17410_T/18163_G/19955_T/20055_G/21618_T/21633_---------/21765_------/21987_A/22200_G/22578_A/22674_T/22679_C/22686_T/22688_G/22775_A/22786_C/22813_T/22992_A/22995_A/23013_C/23018_G/23403_G/23525_T/23599_G/23604_A/23854_A/23948_T/24424_T/24469_A/25000_T/25584_T/26060_T/26270_T/26577_G/26709_A/27807_T/28271_T/28311_T/28362_---------/28881_A/28882_A/28883_C/29510_C,10969_T/13426_T/18555_T/28697_T
ERR10426560,BJ.1,BM.1.1.1,XXXXXXXXXXYYYYYYYYYYYY,7.823846394038229e-144,1.802614209186408e-140,405_G/15738_T/15939_C/16342_C/17859_C/21810_C/21987_A/22000_A/22109_G/22200_A,22674_T/22679_C/22686_T/22688_G/22786_C/22813_T/22898_A/22942_G/23019_C/23031_C/25416_T/26275_G,670_G/2790_T/3037_T/4184_A/4321_T/9344_T/9424_G/9534_T/9866_T/10029_T/10198_T/10447_A/10449_A/11288_---------/12880_T/14408_T/15451_A/15714_T/17410_T/18163_G/19955_T/20055_G/21618_T/21633_---------/22577_C/22578_A/22599_C/22775_A/22882_G/22992_A/22995_A/23013_C/23055_G/23063_T/23075_C/23403_G/23525_T/23599_G/23604_A/23854_A/23948_T/24424_T/24469_A/25000_T/25584_T/26060_T/26270_T/26577_G/26709_A/26858_T/27259_C/27382_C/27383_T/27384_C/27807_T/28271_T/28311_T/28362_---------/28881_A/28882_A/28883_C/29510_C,15521_A/19326_G/21991_---/22317_T/22664_A/22895_C/22896_C/27915_T
SRR20520593,BA.1.1.7,BA.2.9*,XXXXXYYYYYYYYYYYYYYYYYYYYYYYYYYYYYY,1.1324717281787046e-109,2.514087236556724e-106,2470_T/2832_G/5386_G/8393_A/11537_G,12880_T/15714_T/17410_T/19955_T/20055_G/21618_T/21633_---------/21987_A/22200_G/22674_T/22686_T/22688_G/22775_A/22786_C/22792_T/22813_T/22882_G/22992_A/23013_C/23040_G/23055_G/23063_T/23075_C/26060_T/26858_T/27382_C/27383_T/27384_C/28362_---------/29510_C,3037_T/10029_T/10449_A/14408_T/18163_G/22578_A/22679_C/22995_A/23403_G/23525_T/23599_G/23604_A/23854_A/23948_T/24424_T/24469_A/25000_T/25584_T/26270_T/26577_G/26709_A/27259_C/27807_T/28271_T/28311_T/28881_A/28882_A/28883_C,1585_G/6513_---/11049_C/11283_---------/12085_T/17443_T/22351_G/26058_T
SRR20663506,BA.4.1*,BE.1.1*,YYYYXXXXXXX,1.2427951304020462e-143,7.174656287811013e-140,26858_T/27259_C/27382_C/27383_T/27384_C/27788_T/28724_T,1931_A/2954_C/11750_T/16935_A,670_G/2790_T/3037_T/4184_A/4321_T/9344_T/9424_G/9534_T/10029_T/10198_T/10447_A/10449_A/11288_---------/12160_A/12880_T/14408_T/15714_T/17410_T/18163_G/19955_T/20055_G/21618_T/21633_---------/21765_------/21987_A/22200_G/22578_A/22674_T/22679_C/22686_T/22688_G/22775_A/22786_C/22813_T/22882_G/22917_G/22992_A/22995_A/23013_C/23018_G/23055_G/23063_T/23075_C/23403_G/23525_T/23599_G/23604_A/23854_A/23948_T/24424_T/24469_A/25000_T/25584_T/26060_T/26270_T/26577_G/26709_A/27807_T/28271_T/28311_T/28362_---------/28881_A/28882_A/28883_C/29510_C,521_---/2445_T/11881_G/28208_C
SRR15891742,AY.18,AY.46.6,YYYYYYYYYXXXXXYY,9.313091180567113e-60,1.0505166851679703e-56,12946_C/18176_T/18468_G/20262_G/27739_T,4181_T/6402_T/7124_T/8986_T/9053_T/10029_T/10977_T/11201_G/11332_G/28248_------/28461_G,3037_T/14408_T/15451_A/16466_T/21618_G/22029_------/22917_G/22995_A/23403_G/23604_G/24410_A/25469_T/26767_C/27638_C/27752_T/28881_T/29402_T,2523_T/7528_T/8334_T/12778_T/17019_T/23202_T/26076_A
SRR16483630,AY.25.1*,AY.66,YYYYYYYXXXX,1.9910652146128526e-60,1.756119519288536e-57,26107_C/27507_C/27874_T/28916_T,5184_T/5584_G/9891_T/11418_C/11514_T/13019_T/22227_T,3037_T/14408_T/15451_A/16466_T/21618_G/21987_A/22029_------/22917_G/22995_A/23403_G/23604_G/24410_A/25469_T/26767_C/27638_C/27752_T/28248_------/28461_G/28881_T/29402_T,3461_G/7393_T/21622_T/22205_T/24319_T/25618_A
ERR5220706,B.1.1.7*,B.1.177.67,YYYYYYYYYXXXXY,2.61646963656316e-32,2.3129591587218337e-29,28881_A/28882_A/28883_C/28977_T,445_C/6286_T/11396_T/21255_C/21614_T/22205_C/22227_T/26801_G/27944_T/29645_T,3037_T/14408_T/23403_G,10974_A/27301_G/27881_A/28697_T
ERR4671078,B.1.1.70,B.1.160.28,YYYYYYYYYYXXXX,1.0874309884890786e-38,9.036551514344242e-36,28759_C/28881_A/28882_A/28883_C,4543_T/5629_T/9526_T/11497_T/13993_T/15766_T/16889_G/17019_T/18877_T/22992_A,3037_T/14408_T/23403_G,19480_T/24386_T/26700_T/29348_T
SRR20682810,BA.2,BA.5.6*,YYYYXXXXXX,1.0964476316970907e-133,2.755372898454789e-130,23040_G/26858_T/27259_C/27382_C/27383_T/27384_C,4906_C/12160_A/17402_T/18957_C,670_G/2790_T/3037_T/4184_A/4321_T/9344_T/9424_G/9534_T/10029_T/10198_T/10447_A/10449_A/11288_---------/12880_T/14408_T/15714_T/17410_T/18163_G/19955_T/20055_G/21618_T/21633_---------/21987_A/22200_G/22578_A/22674_T/22679_C/22686_T/22688_G/22775_A/22786_C/22813_T/22882_G/22992_A/22995_A/23013_C/23055_G/23063_T/23075_C/23403_G/23525_T/23599_G/23604_A/23854_A/23948_T/24424_T/24469_A/25000_T/25584_T/26060_T/26270_T/26577_G/26709_A/27807_T/28271_T/28311_T/28362_---------/28881_A/28882_A/28883_C/29510_C,18984_T/22305_C/25481_A
SRR15387612,AY.113,B.1.1.322,XXXXXXXXXXXXXXXXXXXXXXXXXXYYYYY,1.757981183520123e-71,3.2294114341264656e-68,4181_T/6402_T/7124_T/8986_T/9053_T/9165_T/10029_T/10323_G/11201_G/11332_G/12772_G/15240_T/15451_A/16466_T/19220_T/21618_G/21846_T/22029_------/22917_G/22995_A/23604_G/24410_A/25469_T/27874_T/28248_------/28461_G,28877_T/28878_C/28881_A/28882_A/28883_C,3037_T/14408_T/23403_G,
ERR9621490,BA.1.9,BA.2.9*,XXXXYYYYYYYYYYYYYYYYYYYYYYYYYYYYYYYYYYY,1.2887417737843277e-113,2.375151089084516e-110,2832_G/5386_G/6513_---/8393_A,9866_T/10198_T/10447_A/11288_---------/12880_T/15714_T/17410_T/19955_T/20055_G/21618_T/21633_---------/21987_A/22200_G/22674_T/22679_C/22686_T/22688_G/22775_A/22786_C/22792_T/22813_T/22882_G/22992_A/22995_A/23013_C/23040_G/23055_G/23063_T/23075_C/26060_T/26858_T/27382_C/27383_T/27384_C/29510_C,3037_T/10029_T/10449_A/14408_T/18163_G/22578_A/23403_G/23525_T/23599_G/23604_A/23854_A/23948_T/24424_T/24469_A/25000_T/25584_T/26270_T/26577_G/26709_A/27259_C/27807_T/28271_T/28311_T/28362_---------/28881_A/28882_A/28883_C,2094_T/2695_T/10000_C/26571_T
SRR21326100,AY.119,BA.1.1*,XXXXXXXXXXXXXXYYYYYYYYYYYYYYYYYYYYYYYYYYYYYYYYYYYYY,1.1721948580697538e-92,1.2357278193771345e-88,4181_T/6402_T/7124_T/8829_T/8986_T/9053_T/11201_G/11332_G/15451_A/16466_T/19006_T/19220_T/21618_G/22029_------,22578_A/22599_A/22673_C/22674_T/22679_C/22686_T/22992_A/23013_C/23040_G/23048_A/23055_G/23063_T/23075_C/23202_A/23525_T/23599_G/23604_A/23854_A/23948_T/24130_A/24424_T/24469_A/24503_T/25000_T/25584_T/26270_T/26530_G/26577_G/26709_A/27259_C/27807_T/28271_T/28311_T/28362_---------/28881_A/28882_A/28883_C,3037_T/10029_T/14408_T/21846_T/22995_A/23403_G,300_T/12793_T/13428_G/21987_A/22813_T/22882_G/22898_A/27768_C
ERR9278240,BA.1.1.7,BA.2.23,XXXXXYYYYYYYYYYYYYYYYYYYYYYYYYYYY,3.258849099308751e-107,7.208574207670958e-104,2470_T/2832_G/5386_G/8393_A/11537_G,15714_T/17410_T/19955_T/20055_G/21618_T/21633_---------/21987_A/22200_G/22674_T/22686_T/22688_G/22775_A/22786_C/22813_T/22882_G/22992_A/23013_C/23040_G/23055_G/23063_T/23075_C/26060_T/26858_T/27382_C/27383_T/27384_C/28362_---------/29510_C,3037_T/10029_T/10449_A/14408_T/18163_G/22578_A/22679_C/22995_A/23403_G/23525_T/23599_G/23604_A/23854_A/23948_T/24424_T/24469_A/25000_T/25584_T/26270_T/26577_G/26709_A/27259_C/27807_T/28271_T/28311_T/28881_A/28882_A/28883_C,6513_---/8835_C/11283_---------/12253_T/13860_T/14946_A/25606_A
SRR18729435,BA.1.9,BA.2.9*,XXXXXXYYYYYYYYYYYYYYYYYYYYYYYYYYYYYY,5.162358623014517e-106,1.1460436143092228e-102,2832_G/5386_G/6513_---/8393_A/11537_G/13195_C,15714_T/17410_T/19955_T/20055_G/21618_T/21633_---------/21987_A/22200_G/22674_T/22679_C/22686_T/22688_G/22775_A/22786_C/22792_T/22813_T/22882_G/22992_A/22995_A/23013_C/23040_G/23055_G/23063_T/23075_C/26060_T/26858_T/27382_C/27383_T/27384_C/29510_C,3037_T/10029_T/10449_A/14408_T/18163_G/22578_A/23403_G/23525_T/23599_G/23604_A/23854_A/23948_T/24424_T/24469_A/25000_T/25584_T/26270_T/26577_G/26709_A/27259_C/27807_T/28271_T/28311_T/28362_---------/28881_A/28882_A/28883_C,3241_T/5924_A/11283_---------/27945_T
SRR21898564,BA.2.75.2*,BF.3.1*,XXXXXXXXXXXXXXXXXXYYYYY,3.089075531094046e-147,4.692305731731856e-144,3796_T/3927_T/4586_T/5183_T/5192_T/9866_T/12444_G/15451_A/21618_T/22001_G/22016_C/22033_A/22190_G/22331_A/22577_C/22599_C/22942_G/23019_C,24620_T/26529_A/27038_G/27889_T/28330_G,670_G/2790_T/3037_T/4184_A/4321_T/9344_T/9424_G/9534_T/10029_T/10198_T/10447_A/10449_A/11288_---------/12880_T/14408_T/15714_T/17410_T/18163_G/19955_T/20055_G/21633_---------/21987_A/22200_G/22578_A/22674_T/22679_C/22686_T/22688_G/22775_A/22786_C/22813_T/22882_G/22898_A/22992_A/22995_A/23013_C/23055_G/23063_T/23075_C/23403_G/23525_T/23599_G/23604_A/23854_A/23948_T/24424_T/24469_A/25000_T/25584_T/26060_T/26270_T/26577_G/26709_A/27807_T/28271_T/28311_T/28362_---------/28881_A/28882_A/28883_C/29510_C,
SRR19024311,BA.1.1*,BA.2.23,XXXXXXXXXXXYYYYYYYYYYY,5.0949414688428815e-102,1.3394601121587935e-98,2470_T/5386_G/6513_---/8393_A/11537_G/13195_C/15240_T/21762_T/21765_------/21846_T/21987_---------,22688_G/22775_A/22786_C/22813_T/22882_G/26060_T/26858_T/27382_C/27383_T/27384_C/29510_C,3037_T/10029_T/10449_A/14408_T/18163_G/22578_A/22674_T/22679_C/22686_T/22992_A/22995_A/23013_C/23040_G/23055_G/23063_T/23075_C/23403_G/23525_T/23599_G/23604_A/23854_A/23948_T/24424_T/24469_A/25000_T/25584_T/26270_T/26577_G/26709_A/27259_C/27807_T/28271_T/28311_T/28362_---------/28881_A/28882_A/28883_C,11283_---------/22195_G/22197_G/22198_C/22202_A/22204_C
SRR22295686,BA.2.75.5*,BA.5.2*,XXXXXXXXXXXXXXXXXXYYYY,3.180753811460783e-148,4.7870344862484785e-145,3796_T/3927_T/4586_T/5183_T/9866_T/12444_G/15451_A/22001_G/22016_C/22033_A/22190_G/22331_A/22577_C/22629_C/22898_A/22942_G/25416_T/26275_G,27012_T/27513_T/27889_T/28330_G,670_G/2790_T/3037_T/4184_A/4321_T/9344_T/9424_G/9534_T/10029_T/10198_T/10447_A/10449_A/11288_---------/12880_T/14408_T/15714_T/17410_T/18163_G/19955_T/20055_G/21618_T/21633_---------/21987_A/22200_G/22578_A/22674_T/22679_C/22686_T/22688_G/22775_A/22786_C/22813_T/22882_G/22992_A/22995_A/23013_C/23055_G/23063_T/23075_C/23403_G/23525_T/23599_G/23604_A/23854_A/23948_T/24424_T/24469_A/25000_T/25584_T/26060_T/26270_T/26577_G/26709_A/27807_T/28271_T/28311_T/28362_---------/28881_A/28882_A/28883_C/29510_C,8090_T/9335_T/28791_T
ERR5403161,B.1.177.63,C.30*,YYYYXXXXXXXXX,1.1918453591669616e-32,1.021411472806086e-29,6286_T/21255_C/21614_T/22227_T/24334_T/26801_G/27944_T/28932_T/29645_T,832_T/3004_T/4002_T/4890_T,3037_T/14408_T/23403_G,583_T/6558_T/16776_C/21746_C/21850_A
SRR15489508,AY.103.1,AY.35*,YYYYYXXXXXXXXXXXXXX,1.9917556336509262e-64,1.778637780850277e-61,10029_T/11201_G/11332_G/15451_A/16466_T/17236_G/18360_G/19220_T/24208_T/25702_T/27874_T/28248_------/28895_T/28916_T,1191_T/1267_T/5184_T/9203_A/9678_C,3037_T/14408_T/21618_G/22029_------/22917_G/22995_A/23403_G/23604_G/24410_A/25469_T/26767_C/27638_C/27752_T/28461_G/28881_T/29402_T,4321_T/21974_T/21987_A/26501_T
SRR16620947,B.1.1.7*,B.1.526,XXXXXYYYYYYYY,7.837090297712671e-30,6.3402060508495506e-27,913_T/3267_T/5388_A/5986_T/6954_C,16500_C/20262_G/21575_T/21846_T/22320_G/25517_T/25563_T/27925_T,3037_T/11288_---------/14408_T/23403_G,9127_C/12162_G/12357_T/14403_T/15243_T/23012_A/23664_T/28869_T/28975_A
SRR23373532,BU.1*,BQ.1*,XXXXXYYYY,1.3556290369220648e-137,1.9697289906477602e-134,1627_T/10335_T/11355_T/12310_A/16616_A,22893_C/22942_A/28312_T/28681_T,670_G/2790_T/3037_T/4184_A/4321_T/9344_T/9424_G/9534_T/10029_T/10198_T/10447_A/10449_A/11288_---------/12160_A/12880_T/14408_T/15714_T/17410_T/18163_G/19955_T/20055_G/21618_T/21633_---------/21765_------/21987_A/22200_G/22578_A/22674_T/22679_C/22686_T/22688_G/22775_A/22786_C/22813_T/22882_G/22917_G/22992_A/22995_A/23013_C/23018_G/23055_G/23063_T/23075_C/23403_G/23525_T/23599_G/23604_A/23854_A/23948_T/24424_T/24469_A/25000_T/25584_T/26060_T/26270_T/26529_A/26577_G/26709_A/27807_T/27889_T/28271_T/28311_T/28362_---------/28881_A/28882_A/28883_C/29510_C,16887_T/19690_A/21991_---/23621_A/27600_T
SRR20358773,AY.112*,BA.1.1*,XXXXXYYYYYYYYYYYYYYYYYYYYYYYYYYYYYYYYYYYYYYYYYYYYYY,1.275450541214897e-92,1.263206216019234e-88,4181_T/6402_T/7124_T/8986_T/9053_T,10449_A/11537_G/13195_C/15240_T/18163_G/21762_T/21765_------/21846_T/21987_---------/22194_---/22578_A/22673_C/22674_T/22679_C/22686_T/22992_A/23013_C/23040_G/23048_A/23055_G/23063_T/23075_C/23202_A/23525_T/23599_G/23604_A/23854_A/23948_T/24130_A/24424_T/24469_A/24503_T/25000_T/25584_T/26270_T/26530_G/26577_G/26709_A/27259_C/27807_T/28271_T/28311_T/28362_---------/28881_A/28882_A/28883_C,3037_T/10029_T/14408_T/22995_A/23403_G,1820_A/2992_C/8063_G/8752_T/10135_C/11283_---------/17634_T/22813_T/22882_G/22898_A/25708_T/25886_T/29301_G
ERR9132550,BA.1.1.7,BA.2.3.16,XXXXYYYYYYYYYYYYYYYYYYYYYYYYYYXXXXXX,6.581948984847156e-100,6.450310005150213e-97,2470_T/2832_G/5386_G/8393_A/26530_G/28271_T/28311_T/28881_A/28882_A/28883_C,9866_T/10198_T/10447_A/11288_---------/12880_T/15714_T/17410_T/19955_T/20055_G/21618_T/21633_---------/21987_A/22200_G/22674_T/22686_T/22688_G/22775_A/22786_C/22813_T/22882_G/22992_A/23013_C/23040_G/23055_G/23063_T/23075_C,3037_T/10029_T/10449_A/14408_T/18163_G/22578_A/22679_C/22995_A/23403_G/23525_T/23599_G/23604_A/23854_A/23948_T/24424_T/24469_A/25000_T/25584_T/26270_T/26577_G/26709_A/27259_C/27807_T,6513_---/22792_T/25624_T/28361_---------/29510_C
ERR10749002,BA.4.6,BQ.1*,XXXXYYYYYY,2.1641820454766741e-131,3.1705266966233274e-128,686_---------/8140_T/14599_T/22599_C,22893_C/22942_A/26529_A/27889_T/28312_T/28681_T,670_G/2790_T/3037_T/4184_A/4321_T/9344_T/9424_G/9534_T/10029_T/10198_T/10447_A/10449_A/11288_---------/12160_A/12880_T/14408_T/15714_T/17410_T/18163_G/19955_T/20055_G/21618_T/21633_---------/21765_------/21987_A/22200_G/22578_A/22674_T/22679_C/22686_T/22688_G/22775_A/22786_C/22813_T/22882_G/22917_G/22992_A/22995_A/23013_C/23018_G/23055_G/23063_T/23075_C/23403_G/23525_T/23599_G/23604_A/23854_A/23948_T/24424_T/24469_A/25000_T/25584_T/26060_T/26270_T/26577_G/26709_A/27807_T/28271_T/28311_T/28362_---------/28881_A/28882_A/28883_C/29510_C,6286_T/9893_T/15521_A/17721_T/22017_T/26601_T
SRR18814882,BA.1.1.7,BA.2.23,XXXXXXXYYYYYYYYYYYYYYYYYYYYYYYY,2.026818389751235e-104,4.5400731930427664e-101,2470_T/2832_G/5386_G/8393_A/11537_G/13195_C/15240_T,21618_T/21633_---------/21987_A/22200_G/22674_T/22686_T/22688_G/22775_A/22786_C/22813_T/22882_G/22992_A/23013_C/23040_G/23055_G/23063_T/23075_C/26060_T/26858_T/27382_C/27383_T/27384_C/28362_---------/29510_C,3037_T/10029_T/10449_A/14408_T/18163_G/22578_A/22679_C/22995_A/23403_G/23525_T/23599_G/23604_A/23854_A/23948_T/24424_T/24469_A/25000_T/25584_T/26270_T/26577_G/26709_A/27259_C/27807_T/28271_T/28311_T/28881_A/28882_A/28883_C,6513_---/11283_---------/20343_C
ERR10673333,BA.5.2.2,BQ.1.1.14,XXXXXYYYYYY,9.471129331984548e-141,1.363842623805775e-137,1627_T/11288_---------/12310_A/16616_A/21765_------,22599_C/22893_C/22942_A/28312_T/28681_T/29510_C,670_G/2790_T/3037_T/4184_A/4321_T/9344_T/9424_G/9534_T/10029_T/10198_T/10447_A/10449_A/12160_A/12880_T/14408_T/15714_T/17410_T/18163_G/19955_T/20055_G/21618_T/21633_---------/21987_A/22200_G/22578_A/22674_T/22679_C/22686_T/22688_G/22775_A/22786_C/22813_T/22882_G/22917_G/22992_A/22995_A/23013_C/23018_G/23055_G/23063_T/23075_C/23403_G/23525_T/23599_G/23604_A/23854_A/23948_T/24424_T/24469_A/25000_T/25584_T/26060_T/26270_T/26529_A/26577_G/26709_A/27807_T/27889_T/28271_T/28311_T/28362_---------/28881_A/28882_A/28883_C,5421_G/6399_G/23260_A
ERR9417928,BA.1.9,BA.2.23,XXXXXXXYYYYYYYYYYYYYYYYYYYYYYYY,1.0096944895502756e-98,2.473751499398175e-95,2832_G/5386_G/6513_---/8393_A/11537_G/13195_C/15240_T,21618_T/21633_---------/21987_A/22200_G/22674_T/22679_C/22686_T/22688_G/22775_A/22786_C/22813_T/22882_G/22992_A/22995_A/23013_C/23040_G/23055_G/23063_T/23075_C/26060_T/26858_T/27382_C/27383_T/27384_C,3037_T/10029_T/10449_A/14408_T/18163_G/22578_A/23403_G/23525_T/23599_G/23604_A/23854_A/23948_T/24424_T/24469_A/25000_T/25584_T/26270_T/26577_G/26709_A/27259_C/27807_T/28271_T/28311_T/28362_---------/28881_A/28882_A/28883_C,7528_T/10135_C/10456_T/11283_---------/15521_A/19374_T/23230_T/27509_T
ERR9755541,BA.1.1.7,BA.2.16,YXXXXYYYYYYYYYYYYYYYYYYYYYYYYYYYYYYYY,3.5402922387099716e-116,8.050624550826475e-113,2470_T/2832_G/5386_G/8393_A,515_------/10198_T/10447_A/11288_---------/12880_T/15714_T/17410_T/19955_T/20055_G/21618_T/21633_---------/21987_A/22200_G/22674_T/22686_T/22688_G/22775_A/22786_C/22813_T/22882_G/22992_A/23013_C/23040_G/23055_G/23063_T/23075_C/26060_T/26858_T/27382_C/27383_T/27384_C/28362_---------/29510_C,3037_T/10029_T/10449_A/14408_T/18163_G/22578_A/22679_C/22995_A/23403_G/23525_T/23599_G/23604_A/23854_A/23948_T/24424_T/24469_A/25000_T/25584_T/26270_T/26577_G/26709_A/27259_C/27807_T/28271_T/28311_T/28881_A/28882_A/28883_C,6513_---/21823_C/27871_T
ERR10758325,BA.5.2.9*,BQ.1.1.14,XXXXYYYYY,8.623466505513381e-135,1.2210828571806948e-131,1627_T/11288_---------/12310_A/21765_------,22599_C/22893_C/22942_A/28312_T/28681_T,670_G/2790_T/3037_T/4184_A/4321_T/9344_T/9424_G/9534_T/10029_T/10198_T/10447_A/10449_A/12160_A/12880_T/14408_T/15714_T/17410_T/18163_G/19955_T/20055_G/21618_T/21633_---------/21987_A/22200_G/22578_A/22674_T/22679_C/22686_T/22688_G/22775_A/22786_C/22813_T/22882_G/22917_G/22992_A/22995_A/23013_C/23018_G/23055_G/23063_T/23075_C/23403_G/23525_T/23599_G/23604_A/23854_A/23948_T/24424_T/24469_A/25000_T/25584_T/26060_T/26270_T/26529_A/26577_G/26709_A/27807_T/27889_T/28271_T/28311_T/28362_---------/28881_A/28882_A/28883_C/29510_C,1216_C/2110_T/8251_T/8835_C/15346_T/15521_A/21991_---/28376_A
ERR9448648,BA.1.1.7,BA.2.23,XXXXXXXYYYYYYYYYYYYYYYYYYYYYYYY,2.503140932031858e-99,5.657098506391999e-96,2470_T/2832_G/5386_G/8393_A/11537_G/13195_C/15240_T,21618_T/21633_---------/21987_A/22200_G/22674_T/22686_T/22688_G/22775_A/22786_C/22813_T/22882_G/22992_A/23013_C/23040_G/23055_G/23063_T/23075_C/26060_T/26858_T/27382_C/27383_T/27384_C/28362_---------/29510_C,3037_T/10029_T/10449_A/14408_T/18163_G/22578_A/22679_C/22995_A/23403_G/23525_T/23599_G/23604_A/23854_A/23948_T/24424_T/24469_A/25000_T/25584_T/26270_T/26577_G/26709_A/27259_C/27807_T/28271_T/28311_T/28881_A/28882_A/28883_C,4475_T/6513_---/7104_T/10486_G/10697_A/11283_---------/14940_G/16323_T/17746_T/18483_T/26133_T/26408_T/28877_T/28878_C
SRR22734395,BF.11,BQ.1.8.2,YYYYYYYYYXXXXXX,7.208565681587037e-144,1.143278517099704e-140,20055_G/22599_C/26151_T/27038_G/28271_C/28330_G,1779_T/1931_A/2954_C/7735_T/8251_T/11750_T/14257_C/16935_A/17039_G,670_G/2790_T/3037_T/4184_A/4321_T/9344_T/9424_G/9534_T/10029_T/10198_T/10447_A/10449_A/11288_---------/12160_A/12880_T/14408_T/15714_T/17410_T/18163_G/19955_T/21618_T/21633_---------/21765_------/21987_A/22200_G/22578_A/22674_T/22679_C/22686_T/22688_G/22775_A/22786_C/22813_T/22882_G/22917_G/22992_A/22995_A/23013_C/23018_G/23055_G/23063_T/23075_C/23403_G/23525_T/23599_G/23604_A/23854_A/23948_T/24424_T/24469_A/25000_T/25584_T/26060_T/26270_T/26529_A/26577_G/26709_A/27807_T/27889_T/28311_T/28362_---------/28881_A/28882_A/28883_C/29510_C,1426_T/6133_G/10123_C/10340_T/21991_---
ERR9380129,BA.1.1*,BA.2.45,YYYYYYYYYYYYYYYYXXXXXXXXXXXXXXXX,2.295240927966503e-111,2.3365552646699e-108,21762_T/21765_------/21846_T/21987_---------/22194_---/22599_A/22673_C/23040_G/23048_A/23055_G/23063_T/23075_C/23202_A/24130_A/24503_T/26530_G,670_G/2790_T/4184_A/4321_T/9344_T/9424_G/9534_T/9866_T/10198_T/10447_A/11288_---------/12880_T/15714_T/17410_T/19955_T/20055_G,3037_T/10029_T/10449_A/14408_T/18163_G/22578_A/22674_T/22679_C/22686_T/22992_A/22995_A/23013_C/23403_G/23525_T/23599_G/23604_A/23854_A/23948_T/24424_T/24469_A/25000_T/25584_T/26270_T/26577_G/26709_A/27259_C/27807_T/28271_T/28311_T/28362_---------/28881_A/28882_A/28883_C,635_T/8638_G/22813_T/22882_G/22898_A
ERR9810020,BA.2.3.16,BA.5,YYXXXXXXYYYYYYY,2.1217177142259834e-127,5.7265161106959294e-124,23040_G/26858_T/27259_C/27382_C/27383_T/27384_C,12160_A/21765_------/28271_T/28311_T/28362_---------/28881_A/28882_A/28883_C/29510_C,670_G/2790_T/3037_T/4184_A/4321_T/9344_T/9424_G/9534_T/10029_T/10198_T/10447_A/10449_A/11288_---------/12880_T/14408_T/15714_T/17410_T/18163_G/19955_T/20055_G/21618_T/21633_---------/21987_A/22200_G/22578_A/22674_T/22679_C/22686_T/22688_G/22775_A/22786_C/22813_T/22882_G/22992_A/22995_A/23013_C/23055_G/23063_T/23075_C/23403_G/23525_T/23599_G/23604_A/23854_A/23948_T/24424_T/24469_A/25000_T/25584_T/26060_T/26270_T/26577_G/26709_A/27807_T,10507_T/19174_A/22916_A/23767_G/24368_T/26921_C/27434_T
SRR19817338,AY.112*,BA.1.1*,XXXXXYYYYYYYYYYYYYYYYYYYYYYYYYYYYYYYYYYYYYYYYYY,9.383642155211972e-82,1.5855540149661668e-77,4181_T/6402_T/7124_T/8986_T/9053_T,10449_A/11537_G/13195_C/15240_T/18163_G/21762_T/21765_------/21987_---------/22578_A/22599_A/22673_C/22674_T/22679_C/22686_T/22992_A/23013_C/23040_G/23048_A/23202_A/23525_T/23599_G/23604_A/23854_A/23948_T/24130_A/24424_T/24469_A/24503_T/25000_T/25584_T/26270_T/26530_G/26577_G/26709_A/27259_C/27807_T/28271_T/28311_T/28362_---------/28881_A/28882_A/28883_C,10029_T/14408_T/22995_A/23403_G,4957_G/5365_T/6196_T/6855_T/11283_---------/21595_T/22195_G/22197_G/22198_C/22202_A/22204_C/22813_T/22882_G/22898_A
ERR9934875,BA.5.1.18,BG.2,YYYYYYXXXXXXX,4.254307016547291e-127,6.015590121397869e-124,21765_------/22917_G/23018_G/26529_A/27438_C/27889_T/29666_T,9866_T/11522_G/11575_T/11674_T/15009_C/16092_T,670_G/2790_T/3037_T/4184_A/4321_T/9344_T/9424_G/9534_T/10029_T/10198_T/10447_A/10449_A/11288_---------/12880_T/14408_T/15714_T/17410_T/18163_G/19955_T/20055_G/21618_T/21633_---------/21987_A/22200_G/22578_A/22674_T/22679_C/22686_T/22688_G/22775_A/22786_C/22813_T/22882_G/22992_A/22995_A/23013_C/23055_G/23063_T/23075_C/23403_G/23525_T/23599_G/23604_A/23854_A/23948_T/24424_T/24469_A/25000_T/25584_T/26060_T/26270_T/26577_G/26709_A/27807_T/28271_T/28311_T/28362_---------/28881_A/28882_A/28883_C/29510_C,1686_T/11747_T/14619_C/15521_A/28471_T
ERR5238288,B.1.1.7*,B.1.177.9,XXXXXYYYYYYYYY,5.275564846629014e-34,4.521159073561065e-31,913_T/3267_T/5388_A/5986_T/6954_C,10870_T/21255_C/21800_T/22053_C/22227_T/22346_T/26801_G/28932_T/29645_T,3037_T/14408_T/23403_G,1643_T/7728_T/16305_G/19274_T/20223_G/26013_T/29218_T
SRR21382433,BA.2,BF.5*,YYYYYYYYYXXXX,8.623466505513381e-135,4.845525829447968e-131,27259_C/27382_C/27383_T/27384_C,1627_T/6979_G/12160_A/21765_------/22917_G/23018_G/24620_T/26529_A/27038_G,670_G/2790_T/3037_T/4184_A/4321_T/9344_T/9424_G/9534_T/10029_T/10198_T/10447_A/10449_A/11288_---------/12880_T/14408_T/15714_T/17410_T/18163_G/19955_T/20055_G/21618_T/21633_---------/21987_A/22200_G/22578_A/22674_T/22679_C/22686_T/22688_G/22775_A/22786_C/22813_T/22882_G/22992_A/22995_A/23013_C/23055_G/23063_T/23075_C/23403_G/23525_T/23599_G/23604_A/23854_A/23948_T/24424_T/24469_A/25000_T/25584_T/26060_T/26270_T/26577_G/26709_A/27807_T/28271_T/28311_T/28362_---------/28881_A/28882_A/28883_C/29510_C,10507_T/20949_C/23202_T
SRR21120891,BA.2.12.1*,BA.4.1*,XXXXYYYY,3.301202067160397e-139,8.913245581333072e-136,9866_T/11674_T/15009_C/21721_T,22917_G/23018_G/27788_T/28724_T,670_G/2790_T/3037_T/4184_A/4321_T/9344_T/9424_G/9534_T/10029_T/10198_T/10447_A/10449_A/11288_---------/12880_T/14408_T/15714_T/17410_T/18163_G/19955_T/20055_G/21618_T/21633_---------/21987_A/22200_G/22578_A/22674_T/22679_C/22686_T/22688_G/22775_A/22786_C/22813_T/22882_G/22992_A/22995_A/23013_C/23055_G/23063_T/23075_C/23403_G/23525_T/23599_G/23604_A/23854_A/23948_T/24424_T/24469_A/25000_T/25584_T/26060_T/26270_T/26577_G/26709_A/26858_T/27259_C/27382_C/27383_T/27384_C/27807_T/28271_T/28311_T/28362_---------/28881_A/28882_A/28883_C/29510_C,
SRR15961629,AY.4,AY.9.2*,XXXXXXXYYYYYYY,1.747890371526718e-67,4.347003353986948e-64,4181_T/6402_T/7124_T/7851_T/8986_T/9053_T/10029_T,11418_C/11514_T/13019_T/14030_A/18086_T/22227_T/22792_T,3037_T/14408_T/15451_A/16466_T/21618_G/22029_------/22917_G/22995_A/23403_G/23604_G/24410_A/25469_T/26767_C/27638_C/27752_T/28248_------/28461_G/28881_T/29402_T,710_T/9088_C/21987_A/28098_C/28528_T
SRR15651674,AY.119,AY.26,XXXXXXXYYYYYY,4.525040402014665e-65,1.359774640805407e-61,4181_T/6402_T/7124_T/8829_T/8986_T/9053_T/10029_T,11418_C/11514_T/13019_T/22227_T/25352_T/27345_T,3037_T/14408_T/15451_A/16466_T/21618_G/22029_------/22917_G/22995_A/23403_G/23604_G/24410_A/25469_T/26767_C/27638_C/27752_T/28248_------/28461_G/28881_T/29402_T,13667_T/18804_T
