date,elapsed_time,user_time,sys_time,max_memory
2020-01-01,12.312648296356201,9.99,1.28,3548356608
2020-01-02,7.940681219100952,7.01,0.89,3418705920
2020-01-03,7.875645637512207,6.93,0.9,3418705920
2020-01-10,7.944643020629883,6.95,0.99,3535020032
2020-01-19,8.360567331314087,7.34,1.01,3535040512
2020-01-24,8.448886394500732,7.44,0.99,3531145216
2020-01-25,8.415490627288818,7.41,1.0,3536068608
2020-01-27,7.937689542770386,6.99,0.91,3418714112
2020-01-28,8.45447301864624,7.42,1.04,3539787776
2020-01-29,8.77956509590149,7.7,1.08,3543285760
2020-01-30,9.048747301101685,8.05,1.03,3559079936
2020-01-31,8.961155652999878,7.93,1.02,3533340672
2020-02-01,9.07680630683899,8.14,1.01,3561127936
2020-02-02,9.032729387283325,8.08,1.01,3553931264
2020-02-03,9.012027502059937,8.04,0.99,3539554304
2020-02-04,9.033853769302368,8.03,1.07,3544711168
2020-02-05,8.48673701286316,7.51,1.0,3536039936
2020-02-06,8.498348951339722,7.51,1.04,3543334912
2020-02-07,8.516830682754517,7.46,1.06,3532763136
2020-02-08,8.455414533615112,7.49,0.98,3533889536
2020-02-09,8.41735291481018,7.46,0.99,3538063360
2020-02-10,8.522972583770752,7.61,0.99,3561713664
2020-02-11,8.892030239105225,7.85,1.03,3531235328
2020-02-12,7.9220054149627686,6.98,0.9,3418750976
2020-02-13,8.963587522506714,7.95,1.01,3534626816
2020-02-14,8.469626426696777,7.45,1.04,3539369984
2020-02-15,8.975643873214722,8.02,1.0,3550752768
2020-02-16,9.040719985961914,8.03,1.01,3532447744
2020-02-18,8.43479871749878,7.38,1.04,3535441920
2020-02-19,8.457008600234985,7.42,1.03,3531259904
2020-02-20,8.561310768127441,7.5,1.05,3531243520
2020-02-21,8.726607322692871,7.73,1.02,3536629760
2020-02-22,7.927912950515747,6.92,1.01,3531550720
2020-02-23,7.938717603683472,6.86,1.07,3531558912
2020-02-24,8.497942686080933,7.5,1.03,3531497472
2020-02-25,8.54386043548584,7.57,1.05,3542724608
2020-02-26,8.630899667739868,7.64,1.04,3549794304
2020-02-27,8.743937730789185,7.94,1.05,3594940416
2020-02-28,8.75991702079773,7.91,1.04,3597443072
2020-02-29,8.799917459487915,7.91,1.08,3603210240
2020-03-01,9.47217082977295,8.49,1.1,3559079936
2020-03-02,9.05953049659729,8.19,1.08,3575263232
2020-03-03,9.105289459228516,8.15,1.1,3593158656
2020-03-04,9.355571269989014,8.59,1.06,3608379392
2020-03-05,9.205042362213135,8.33,1.12,3606806528
2020-03-06,9.291885137557983,8.47,1.15,3617755136
2020-03-07,9.027845859527588,8.31,1.05,3592818688
2020-03-08,9.087962865829468,8.36,1.08,3601055744
2020-03-09,9.464779615402222,8.81,1.1,3644395520
2020-03-10,10.094659805297852,9.88,1.11,3673182208
2020-03-11,10.808224439620972,11.21,1.18,3714154496
2020-03-12,12.11690354347229,12.84,1.24,3774746624
2020-03-13,10.823506116867065,11.58,1.17,3734245376
2020-03-14,10.857266187667847,11.67,1.21,3768385536
2020-03-15,10.41440725326538,11.0,1.17,3718111232
2020-03-16,12.018411636352539,14.3,1.28,3846721536
2020-03-17,11.995022296905518,14.7,1.3,3859623936
2020-03-18,12.398238897323608,16.06,1.37,3858456576
2020-03-19,13.342008590698242,21.28,1.38,3876847616
2020-03-20,13.990029335021973,30.44,1.47,3923472384
2020-03-21,14.326280117034912,29.6,1.42,3916365824
2020-03-22,14.08507251739502,31.32,1.5,3924668416
2020-03-23,17.426820755004883,46.01,1.7,3936575488
2020-03-24,17.899002075195312,62.91,1.84,4025827328
2020-03-25,18.138648986816406,63.2,1.85,4030939136
2020-03-26,18.60181736946106,68.62,1.93,4030971904
2020-03-27,19.762240409851074,98.82,2.06,4168122368
2020-03-28,18.84779953956604,103.68,2.4,4203204608
2020-03-29,19.0623562335968,111.63,2.2,4265635840
2020-03-30,22.58969020843506,168.56,3.1,4530827264
2020-03-31,21.486586570739746,156.4,2.33,4538941440
2020-04-01,23.31604766845703,241.4,2.94,4942831616
2020-04-02,21.172423124313354,180.91,2.62,4689317888
2020-04-03,22.34274673461914,185.57,3.24,4726857728
2020-04-04,19.195292711257935,150.36,2.41,4708245504
2020-04-05,18.18747091293335,142.91,2.19,4635922432
2020-04-06,22.328230142593384,236.05,3.75,5008138240
2020-04-07,21.992172956466675,221.94,2.82,4956876800
2020-04-08,21.057965993881226,213.74,2.77,4928061440
2020-04-09,20.894707679748535,207.23,2.69,5154897920
2020-04-10,20.968879222869873,219.11,2.78,5214953472
2020-04-11,20.01475691795349,200.09,2.6,5255049216
2020-04-12,19.624141216278076,214.61,2.62,5236690944
2020-04-13,22.786678791046143,291.11,3.25,5499895808
2020-04-14,21.852295637130737,250.1,3.06,5511192576
2020-04-15,20.418986797332764,217.51,2.7,5308493824
2020-04-16,21.695887565612793,255.54,3.04,5354614784
2020-04-17,20.878688097000122,221.2,2.73,5395812352
2020-04-18,20.02210783958435,195.16,2.56,5381136384
2020-04-19,18.273919820785522,149.46,2.18,5015740416
2020-04-20,22.47958207130432,285.47,3.11,5743345664
2020-04-21,22.218242406845093,294.21,3.14,6030258176
2020-04-22,23.825864791870117,386.73,3.55,6262358016
2020-04-23,22.735594272613525,348.83,3.43,6226096128
2020-04-24,22.40387797355652,333.93,3.34,6435262464
2020-04-25,18.716760873794556,132.72,2.16,4931227648
2020-04-26,19.20333766937256,188.6,2.41,5249687552
2020-04-27,23.25678300857544,399.41,3.6,6759116800
2020-04-28,21.05891466140747,241.65,2.65,5710483456
2020-04-29,23.644087553024292,345.39,3.47,6118473728
2020-04-30,23.19298815727234,366.36,3.34,6599184384
2020-05-01,24.415454387664795,504.51,4.08,8503869440
2020-05-02,21.23465895652771,219.84,2.54,6131752960
2020-05-03,20.704636096954346,213.74,2.54,5589716992
2020-05-04,23.069355487823486,276.9,2.9,5965950976
2020-05-05,23.753061294555664,465.39,3.96,8214085632
2020-05-06,23.815351724624634,343.75,3.25,6723244032
2020-05-07,21.82266879081726,261.45,2.88,5854121984
2020-05-08,23.473037004470825,328.75,3.28,7331483648
2020-05-09,21.87390446662903,252.39,2.66,6393434112
2020-05-10,21.32371497154236,190.52,2.47,5556973568
2020-05-11,24.62423849105835,393.07,3.73,6911836160
2020-05-12,24.85932159423828,412.42,4.44,7156281344
2020-05-13,25.691662549972534,476.23,5.13,7861927936
2020-05-14,24.313549518585205,359.85,3.54,7994621952
2020-05-15,22.972670316696167,225.23,2.62,6181974016
2020-05-16,21.06484889984131,171.8,2.19,5377613824
2020-05-17,21.492155075073242,184.01,2.35,5469188096
2020-05-18,24.00169348716736,325.59,3.21,7029288960
2020-05-19,24.729973793029785,393.53,3.52,9015857152
2020-05-20,23.2539324760437,275.52,3.06,7097901056
2020-05-21,23.68648886680603,244.5,2.84,7224184832
2020-05-22,23.923844814300537,294.45,3.01,7645851648
2020-05-23,20.686717748641968,161.71,2.11,5869232128
2020-05-24,20.71173334121704,134.97,1.96,6412189696
2020-05-25,21.307847023010254,161.82,2.21,5514223616
2020-05-26,20.82251787185669,120.86,2.21,4793597952
2020-05-27,24.036469221115112,390.6,3.61,8396464128
2020-05-28,21.455718755722046,193.83,2.43,6480736256
2020-05-29,22.578574895858765,226.32,2.43,6598160384
2020-05-30,20.344908952713013,125.8,2.02,5372923904
2020-05-31,19.891794681549072,75.13,1.61,4678279168
2020-06-01,25.864288091659546,638.26,4.76,12668583936
2020-06-02,25.054149866104126,390.49,3.58,8718290944
2020-06-03,22.172929763793945,211.21,2.4,6593679360
2020-06-04,23.607581615447998,220.09,2.52,6200758272
2020-06-05,22.53841495513916,240.59,2.69,6985740288
2020-06-06,21.19798707962036,174.45,2.2,5948776448
2020-06-07,25.244609355926514,508.69,4.25,10614530048
2020-06-08,26.575729846954346,695.64,5.02,10276851712
2020-06-09,26.516425609588623,608.78,5.1,10803650560
2020-06-10,28.375858306884766,613.36,5.04,9289064448
2020-06-11,28.551340103149414,731.04,5.51,10984448000
2020-06-12,28.3561749458313,511.83,4.51,9141800960
2020-06-13,29.33653450012207,463.84,4.78,9226989568
2020-06-14,27.90567445755005,460.84,3.98,8268468224
2020-06-15,30.82720947265625,722.4,5.64,11779481600
2020-06-16,29.72564959526062,660.31,5.23,10359394304
2020-06-17,28.61836266517639,509.05,5.17,9571467264
2020-06-18,28.991013288497925,672.86,5.66,11746668544
2020-06-19,29.25070023536682,724.66,5.57,14048813056
2020-06-20,26.969048500061035,257.64,2.9,5975158784
2020-06-21,26.441341876983643,352.74,3.38,7844536320
2020-06-22,29.17327117919922,328.61,3.46,7039934464
2020-06-23,30.49034571647644,688.51,5.54,11934519296
2020-06-24,31.636139154434204,589.3,5.72,9842552832
2020-06-25,27.78961205482483,359.64,3.67,7932067840
2020-06-26,27.696125268936157,301.38,3.04,8085622784
2020-06-27,25.295401334762573,137.2,2.21,5690777600
2020-06-28,23.678474187850952,123.84,2.02,5507059712
2020-06-29,28.262770414352417,470.25,4.27,10210611200
2020-06-30,27.379555463790894,412.28,3.61,10049757184
2020-07-01,30.21834659576416,435.8,4.06,8275357696
2020-07-02,32.11665654182434,953.08,7.42,16344813568
2020-07-03,26.63621473312378,213.84,2.83,5702574080
2020-07-04,27.545202255249023,191.71,2.69,5817892864
2020-07-05,23.46420955657959,150.91,2.24,6037504000
2020-07-06,28.719237804412842,326.84,3.53,7713849344
2020-07-07,29.64080023765564,606.43,4.96,13391568896
2020-07-08,28.4032142162323,265.8,3.03,6976835584
2020-07-09,26.219545602798462,174.86,2.37,6342205440
2020-07-10,26.177241563796997,226.59,2.58,7077847040
2020-07-11,25.12865972518921,222.79,2.75,7295614976
2020-07-12,25.632625579833984,224.17,2.74,7865044992
2020-07-13,30.957877159118652,347.98,3.46,8707436544
2020-07-14,29.425769329071045,427.26,4.07,10481053696
2020-07-15,34.37162470817566,688.76,5.54,12960690176
2020-07-16,30.62673854827881,509.39,4.46,12011704320
2020-07-17,32.88306140899658,563.2,4.92,11498041344
2020-07-18,31.623022079467773,393.2,4.4,10808991744
2020-07-19,25.09375238418579,136.27,2.5,5286612992
2020-07-20,30.2251033782959,287.99,3.51,7917264896
2020-07-21,31.140843391418457,387.88,4.04,9658281984
2020-07-22,30.797078132629395,257.62,3.23,7074578432
2020-07-23,31.633148431777954,324.86,3.84,7101394944
2020-07-24,30.820133209228516,464.82,4.43,10566594560
2020-07-25,27.291423559188843,145.85,2.42,5028827136
2020-07-26,26.546059608459473,152.55,2.36,6000852992
2020-07-27,30.983903169631958,370.3,4.19,9977159680
2020-07-28,30.593612670898438,284.96,4.01,7782584320
2020-07-29,28.30290722846985,357.18,4.03,8686739456
2020-07-30,31.17382550239563,320.22,3.93,8578506752
2020-07-31,27.2846941947937,228.67,3.07,8176914432
2020-08-01,27.997737646102905,134.25,2.65,5721137152
2020-08-02,32.60415768623352,317.9,3.51,8448409600
2020-08-03,31.263147592544556,405.32,4.01,9317175296
2020-08-04,32.83784031867981,502.83,5.17,11316748288
2020-08-05,30.656906843185425,680.14,5.71,15361839104
2020-08-06,32.62394142150879,709.4,7.31,20633362432
2020-08-07,29.47269606590271,231.02,2.95,6908125184
2020-08-08,28.27038264274597,129.92,2.22,5578858496
2020-08-09,29.228487730026245,339.35,3.72,9422565376
2020-08-10,33.195658922195435,516.24,4.67,9849192448
2020-08-11,32.547810316085815,481.62,5.32,11100295168
2020-08-12,31.99562907218933,557.91,5.15,12852494336
2020-08-13,32.8369026184082,469.59,4.59,10779332608
2020-08-14,32.29807114601135,419.35,4.36,10806280192
2020-08-15,28.161674737930298,189.94,2.74,7274168320
2020-08-16,28.950599670410156,262.27,3.07,8710090752
2020-08-17,36.44720125198364,769.86,6.92,16481443840
2020-08-18,33.59165334701538,756.64,7.05,16774799360
2020-08-19,31.647764682769775,498.54,4.52,12616364032
2020-08-20,35.608407497406006,759.14,6.66,17924784128
2020-08-21,33.35342264175415,822.37,8.04,18925707264
2020-08-22,27.466366291046143,159.16,2.33,6791319552
2020-08-23,26.743877410888672,161.26,2.4,6568071168
2020-08-24,34.762521743774414,886.86,7.22,16984825856
2020-08-25,32.1443510055542,654.69,5.64,13762834432
2020-08-26,35.10372018814087,1038.54,8.01,20441022464
2020-08-27,34.03921675682068,624.59,6.59,13475577856
2020-08-28,36.00341248512268,602.94,5.04,10760978432
2020-08-29,28.806846141815186,197.6,2.75,6889762816
2020-08-30,34.02052450180054,532.49,4.93,12285087744
2020-08-31,37.79234552383423,883.91,8.57,16767029248
2020-09-01,38.34677600860596,1114.37,8.54,21679755264
2020-09-02,33.1753408908844,608.02,5.8,14107164672
2020-09-03,35.87278437614441,829.45,6.94,16045469696
2020-09-04,34.049182653427124,601.38,5.43,14221770752
2020-09-05,32.20517706871033,160.59,2.43,6537846784
2020-09-06,27.19369125366211,83.97,1.83,5172609024
2020-09-07,35.901999711990356,759.08,7.16,14976749568
2020-09-08,34.951889753341675,653.57,5.68,15673847808
2020-09-09,39.8621461391449,854.68,7.58,16575107072
2020-09-10,45.898714780807495,1616.55,13.2,21338750976
2020-09-11,33.19917392730713,479.83,4.83,11923431424
2020-09-12,21.68260145187378,58.07,1.62,4447289344
2020-09-13,28.31568169593811,86.23,2.02,4943048704
2020-09-14,34.373589277267456,377.96,4.21,8779268096
2020-09-15,35.90201449394226,921.16,7.55,22140071936
2020-09-16,46.08720517158508,1172.55,9.89,14609465344
2020-09-17,35.02789330482483,353.3,4.23,10245480448
2020-09-18,33.93634867668152,423.18,4.95,11205685248
2020-09-19,34.70677447319031,437.45,5.06,9725681664
2020-09-20,35.342193603515625,460.64,4.97,10016595968
2020-09-21,40.84932494163513,1093.46,8.91,16170934272
2020-09-22,32.16480541229248,343.93,4.08,8014782464
2020-09-23,41.51279139518738,710.38,6.6,13663227904
2020-09-24,57.71271109580994,1896.39,18.77,20146638848
2020-09-25,41.19979429244995,998.9,8.65,17030164480
2020-09-26,31.1180100440979,168.72,2.75,6923657216
2020-09-27,34.45989966392517,327.4,3.91,7692595200
2020-09-28,35.07353234291077,403.64,4.08,8805961728
2020-09-29,35.893232345581055,477.22,4.97,10297794560
2020-09-30,41.949058055877686,1058.73,9.28,21407682560
2020-10-01,51.76483368873596,1737.64,15.34,30052986880
2020-10-02,41.21160268783569,736.49,8.88,13904879616
2020-10-03,43.21460747718811,1051.16,9.37,17593266176
2020-10-04,38.458404302597046,312.18,4.02,8372125696
2020-10-05,53.33836078643799,1796.53,15.48,24223277056
2020-10-06,52.46353602409363,1732.57,17.17,25504579584
2020-10-07,52.445505142211914,1465.1,15.47,18359787520
2020-10-08,43.1088285446167,718.11,7.03,10841632768
2020-10-09,41.870317697525024,785.92,8.66,11624538112
2020-10-10,37.023841381073,410.51,4.64,10268016640
2020-10-11,40.856560468673706,541.17,5.48,10176241664
2020-10-12,48.77195930480957,1390.84,12.69,17514012672
2020-10-13,43.24599051475525,992.9,9.39,15689211904
2020-10-14,49.49935436248779,1310.94,11.92,16100356096
2020-10-15,68.67584347724915,3259.36,27.26,33533923328
2020-10-16,44.28002882003784,1010.9,9.22,20590854144
2020-10-17,42.42684864997864,923.15,8.4,12861251584
2020-10-18,39.117591857910156,339.6,4.06,8409288704
2020-10-19,51.48215317726135,1550.75,13.79,23875825664
2020-10-20,55.74969840049744,1795.03,15.82,22579650560
2020-10-21,75.78258919715881,3692.52,34.87,35791335424
2020-10-22,69.25005578994751,2854.3,30.75,27904860160
2020-10-23,46.85223460197449,1182.94,10.72,23675957248
2020-10-24,45.00905776023865,1133.33,12.33,19018264576
2020-10-25,38.14653778076172,408.87,4.63,8523259904
2020-10-26,64.35956859588623,2624.41,24.56,28336250880
2020-10-27,49.010339975357056,1240.81,14.54,16436056064
2020-10-28,47.08917737007141,799.9,7.8,16520585216
2020-10-29,51.86731243133545,1821.53,15.35,26927890432
2020-10-30,50.12071943283081,1179.26,10.53,16997343232
2020-10-31,40.57777762413025,687.57,6.81,13359681536
2020-11-01,72.75069236755371,3632.76,33.14,40908111872
2020-11-02,86.23198223114014,4230.87,37.79,29536215040
2020-11-03,57.85022854804993,2169.64,19.59,26449870848
2020-11-04,75.17545676231384,3090.82,28.47,31350259712
2020-11-05,81.44151616096497,3927.4,33.18,32867053568
2020-11-06,56.7017126083374,2279.92,22.08,42094104576
2020-11-07,54.32573485374451,1999.36,17.43,25019678720
2020-11-08,79.62998223304749,3620.05,36.09,31190835200
2020-11-09,70.51429462432861,3300.13,27.61,37126746112
2020-11-10,57.34337830543518,2078.96,18.51,29657878528
2020-11-11,74.0175998210907,3380.92,28.71,28622336000
2020-11-12,73.25850701332092,3170.45,28.2,32164659200
2020-11-13,95.24458956718445,5405.63,44.99,53437194240
2020-11-14,85.53022575378418,4390.11,36.56,38335991808
2020-11-15,59.31068134307861,2042.73,18.17,25970995200
2020-11-16,54.90044569969177,2052.68,18.82,33409458176
2020-11-17,65.30043888092041,2915.44,24.49,36915884032
2020-11-18,91.69697570800781,5127.76,40.94,41642573824
2020-11-19,49.15357995033264,1294.22,11.62,25820729344
2020-11-20,64.54117369651794,3046.68,28.22,39505842176
2020-11-21,52.31610298156738,1546.4,14.08,22713270272
2020-11-22,61.83720278739929,2172.45,21.62,24826871808
2020-11-23,62.87978148460388,2695.39,23.58,34622799872
2020-11-24,53.43608355522156,1515.92,13.49,29337702400
2020-11-25,58.126683950424194,2031.38,18.59,30667898880
2020-11-26,52.89585328102112,1333.23,12.16,22078410752
2020-11-27,59.268579721450806,2497.21,24.97,39801401344
2020-11-28,49.96617341041565,1076.35,9.59,22639382528
2020-11-29,49.670170068740845,1125.54,11.34,21701484544
2020-11-30,63.90495491027832,3235.74,29.6,40556101632
2020-12-01,77.4154007434845,4154.2,36.51,46089261056
2020-12-02,70.92530083656311,3801.49,33.39,42562883584
2020-12-03,56.023977279663086,1869.07,18.81,34162335744
2020-12-04,55.000405073165894,2000.27,18.26,30109089792
2020-12-05,49.85581064224243,1426.42,11.97,27042840576
2020-12-06,55.78739023208618,1835.71,16.67,28199522304
2020-12-07,76.05262899398804,3703.46,31.47,41982558208
2020-12-08,65.97489094734192,2392.54,24.56,32864829440
2020-12-09,84.47286605834961,5052.65,43.96,54042734592
2020-12-10,110.99548077583313,6745.93,53.48,49772916736
2020-12-11,127.4413411617279,9176.45,73.62,59256487936
2020-12-12,122.39495134353638,8697.39,66.78,58072580096
2020-12-13,91.82729506492615,5002.75,46.48,44969111552
2020-12-14,137.74578499794006,9695.22,82.51,61544263680
2020-12-15,142.37464904785156,10079.54,87.1,79016394752
2020-12-16,112.77800822257996,7235.82,59.81,58752081920
2020-12-17,94.1841413974762,4732.33,44.29,47714570240
2020-12-18,94.81140446662903,4633.66,43.42,43639599104
2020-12-19,68.68422245979309,2407.76,25.31,28288622592
2020-12-20,68.89075469970703,3106.93,30.99,48863109120
2020-12-21,93.65045595169067,5590.97,48.57,62827864064
2020-12-22,63.19398760795593,1749.15,18.34,23137230848
2020-12-23,62.50372767448425,1667.51,15.18,31164850176
2020-12-24,57.04493570327759,1460.31,13.39,21409058816
2020-12-25,56.351834774017334,822.54,8.86,17180561408
2020-12-26,68.75165295600891,2703.59,24.11,27954618368
2020-12-27,65.43908166885376,2825.96,29.72,41380478976
2020-12-28,77.26283717155457,3888.23,38.89,47627599872
2020-12-29,99.74724435806274,4854.62,41.09,36248190976
2020-12-30,82.4218397140503,3527.86,32.72,37870931968
2021-01-01,65.81227850914001,2196.77,21.47,28567580672
2021-01-02,108.17113971710205,5056.82,46.42,32417517568
2021-01-03,104.72975540161133,5484.42,51.54,43795513344
2021-01-04,119.12474155426025,7068.8,64.89,52113887232
2021-01-05,115.9106068611145,6825.15,65.37,42829578240
2021-01-06,92.47321462631226,4095.99,37.66,38779682816
2021-01-07,97.14042735099792,4711.32,42.41,41286168576
2021-01-08,105.95307064056396,5585.09,55.36,41789149184
2021-01-09,122.3452136516571,7800.9,71.87,50219679744
2021-01-10,98.33783221244812,5144.99,49.01,39682813952
2021-01-11,140.7276349067688,9254.89,79.1,59357765632
2021-01-12,158.8553647994995,10442.87,92.24,52081618944
2021-01-13,122.92890787124634,7724.52,70.62,51441385472
2021-01-14,125.9217472076416,7350.44,73.4,47115440128
2021-01-15,140.28837370872498,9000.29,83.58,46275026944
2021-01-16,136.48490977287292,9099.05,80.74,61672722432
2021-01-17,121.59391903877258,7033.66,71.17,53808029696
2021-01-18,139.72165369987488,9023.24,81.72,53056610304
2021-01-19,135.34975862503052,7975.73,73.2,56614801408
2021-01-20,121.05340933799744,7292.32,70.07,58071126016
2021-01-21,118.57290291786194,6502.86,59.23,53644406784
2021-01-22,131.6735758781433,8108.65,77.26,53141016576
2021-01-23,128.85426998138428,7466.19,67.41,61321535488
2021-01-24,118.48868417739868,7649.16,68.31,57636339712
2021-01-25,259.028617143631,21241.66,184.44,64536244224
2021-01-26,204.2311487197876,15509.15,141.49,65562542080
2021-01-27,228.28190803527832,17938.54,152.71,67207528448
2021-01-28,188.61521887779236,14479.67,131.34,72321531904
2021-01-29,224.42745733261108,17304.21,154.32,77604278272
2021-01-30,177.03718400001526,12750.27,110.95,80985681920
2021-01-31,131.82639598846436,8382.01,77.94,64465920000
2021-02-01,216.276123046875,17713.85,148.54,71922020352
2021-02-02,159.4391314983368,11301.77,102.18,75833765888
2021-02-03,166.10700964927673,11838.0,100.89,68682633216
2021-02-04,183.47026944160461,14124.28,123.22,69067898880
2021-02-05,144.2359790802002,9881.16,90.37,69113139200
2021-02-06,155.5754051208496,11286.76,103.0,81023512576
2021-02-07,170.1157021522522,12889.45,107.37,79370543104
2021-02-08,282.18503856658936,24356.73,200.46,101870915584
2021-02-09,250.8084578514099,21660.0,181.25,93846728704
2021-02-10,253.42977786064148,21540.69,186.28,78389391360
2021-02-11,238.69371032714844,20060.4,168.21,86986289152
2021-02-12,231.8791470527649,18972.14,160.98,77798207488
2021-02-13,234.62039494514465,20093.81,169.24,79897677824
2021-02-14,213.7005524635315,17049.36,143.21,89120681984
2021-02-15,322.6766140460968,28785.18,231.74,86948249600
2021-02-16,304.45539903640747,26937.04,221.01,110994460672
2021-02-17,232.89382410049438,19324.07,157.21,87478554624
2021-02-18,209.4878523349762,16848.77,138.86,90650791936
2021-02-19,228.7853138446808,18773.08,155.88,84442759168
2021-02-20,223.12701439857483,18158.48,153.81,91972710400
2021-02-21,250.60245728492737,20761.24,166.98,97235509248
2021-02-22,300.6930727958679,26446.03,212.27,104248303616
2021-02-23,251.0639283657074,20407.3,169.07,82896494592
2021-02-24,330.61742877960205,30077.9,232.38,103337402368
2021-02-25,347.152277469635,30597.08,244.22,89343373312
2021-02-26,291.30073642730713,25552.4,198.25,90556997632
2021-02-27,236.97644782066345,19423.81,159.38,86944796672
2021-02-28,234.20424270629883,18990.93,148.65,85614874624
2021-03-01,388.4013912677765,36135.78,279.37,90861080576
2021-03-02,339.4653215408325,30937.83,232.31,104393338880
2021-03-03,366.56065559387207,33506.78,254.83,105463984128
2021-03-04,309.28988552093506,27493.53,213.45,99972603904
2021-03-05,275.16651225090027,24062.1,181.69,99986624512
2021-03-06,225.4020438194275,18415.04,149.96,100266754048
2021-03-07,232.04293608665466,19304.7,149.62,101696032768
2021-03-08,397.4223721027374,35045.33,266.0,123472252928
2021-03-09,347.5206513404846,30767.49,230.99,104589619200
2021-03-10,417.7910530567169,38679.45,284.93,115189833728
2021-03-11,420.75027656555176,39607.52,303.66,101854928896
2021-03-12,484.01585388183594,46904.63,349.74,102834483200
2021-03-13,382.86075925827026,34857.8,251.6,117790068736
2021-03-14,323.7676601409912,28820.85,209.6,103252008960
2021-03-15,486.17570424079895,45445.7,331.53,112977899520
2021-03-16,491.7642397880554,46488.24,338.03,123671293952
2021-03-17,366.04672026634216,33155.32,247.06,121989718016
2021-03-18,395.70066142082214,36287.7,267.95,122171949056
2021-03-19,320.08151865005493,28038.8,205.55,119767384064
2021-03-20,350.9033145904541,30928.37,222.25,120553594880
2021-03-21,384.9470286369324,34741.09,253.96,125809770496
2021-03-22,517.4342770576477,48459.6,348.21,133646323712
2021-03-23,416.3455443382263,38004.23,274.01,139551551488
2021-03-24,428.99829745292664,40244.64,280.64,117421654016
2021-03-25,482.83867359161377,45858.86,330.8,135699681280
2021-03-26,322.0138325691223,27966.12,203.0,101661687808
2021-03-27,328.4445765018463,28050.63,208.63,108897390592
2021-03-28,292.3355162143707,24543.26,175.3,113953308672
2021-03-29,467.0386872291565,42354.83,308.97,114076991488
2021-03-30,482.0811679363251,44174.46,315.38,122407485440
2021-03-31,454.4491014480591,42083.57,287.99,121954275328
2021-04-01,633.8362867832184,61779.65,416.31,128156282880
2021-04-02,473.37632966041565,43153.06,292.77,124663476224
2021-04-03,431.5886046886444,39122.64,254.54,139003244544
2021-04-04,374.65381622314453,31993.1,215.8,118013534208
2021-04-05,447.8482720851898,41590.25,269.4,127150551040
2021-04-06,500.02803802490234,46010.44,313.6,126002372608
2021-04-07,504.5398631095886,45082.85,297.19,140218122240
2021-04-08,411.7994577884674,35226.0,237.08,135764254720
2021-04-09,427.80683946609497,38338.31,251.35,117577342976
2021-04-10,398.481116771698,35632.83,239.3,151210455040
2021-04-11,336.9579818248749,28270.46,192.31,106478014464
2021-04-12,442.1880555152893,41227.06,273.81,127812567040
2021-04-13,460.9269139766693,41956.77,282.64,139368001536
2021-04-14,481.4652416706085,44302.81,300.05,126470991872
2021-04-15,369.57080817222595,30933.48,202.83,122176626688
2021-04-16,332.5174789428711,28161.38,192.16,117798555648
2021-04-17,288.5293538570404,23027.6,155.2,114918907904
2021-04-18,247.67170524597168,16276.27,111.79,86845227008
2021-04-19,395.2438790798187,34238.07,234.25,117132251136
2021-04-20,340.2276222705841,27769.65,173.45,114077908992
2021-04-21,410.1826250553131,36149.27,232.59,119515463680
2021-04-22,395.8064217567444,35073.2,229.97,132779675648
2021-04-23,359.69411182403564,30101.91,186.09,117499772928
2021-04-24,256.0222885608673,19160.98,121.89,96692252672
2021-04-25,234.80065965652466,17055.95,121.01,88607260672
2021-04-26,439.89034605026245,39169.34,251.6,118847930368
2021-04-27,415.25051856040955,36440.01,225.82,138742730752
2021-04-28,376.6612193584442,31350.07,202.4,101317193728
2021-04-29,398.47074127197266,34407.21,215.8,108073000960
2021-04-30,349.07751297950745,27238.88,160.15,112980082688
2021-05-01,288.08293104171753,20405.06,140.71,83295453184
2021-05-02,207.0510675907135,12119.74,88.73,65179623424
2021-05-03,365.44665265083313,31790.25,188.86,138615554048
2021-05-04,407.65132904052734,34236.82,201.39,110647164928
2021-05-05,352.82868218421936,29812.3,181.64,126151430144
2021-05-06,385.44263768196106,32954.06,202.99,117494665216
2021-05-07,307.6111013889313,23910.65,153.51,94043037696
2021-05-08,255.82547283172607,17293.54,127.44,70696509440
2021-05-09,232.26883721351624,13981.49,103.32,63013818368
2021-05-10,412.02811789512634,36468.09,236.36,133335302144
2021-05-11,397.5089421272278,33797.74,224.83,118271500288
2021-05-12,358.2812807559967,29367.87,190.72,101064056832
2021-05-13,399.59789276123047,34926.84,209.0,128523272192
2021-05-14,284.1890342235565,21541.38,141.3,105288695808
2021-05-15,254.36541604995728,16913.97,110.9,84543713280
2021-05-16,218.40412759780884,12273.39,88.33,74299183104
2021-05-17,376.1571943759918,31477.07,205.1,112033783808
2021-05-18,339.26368737220764,27617.34,166.62,118708310016
2021-05-19,318.1316795349121,23762.26,162.98,89912487936
2021-05-20,297.2372615337372,22181.06,154.15,102743511040
2021-05-21,262.46016359329224,15997.65,118.97,77589004288
2021-05-22,177.27334547042847,7692.76,65.28,46558343168
2021-05-23,173.74203753471375,5704.33,46.05,26756386816
2021-05-24,269.0596911907196,18023.58,126.7,78237192192
2021-05-25,230.08016991615295,12555.54,104.72,52428546048
2021-05-26,237.2916944026947,12514.12,108.56,59712266240
2021-05-27,240.02856516838074,9875.47,84.65,39628378112
2021-05-28,228.30205512046814,12010.01,98.29,59920990208
2021-05-29,190.37312078475952,6908.43,70.61,30680752128
2021-05-30,214.70929217338562,7555.84,68.43,30689812480
2021-05-31,198.59445238113403,7909.66,78.21,35201441792
2021-06-01,368.3067276477814,25906.44,191.05,106244718592
2021-06-02,278.7343544960022,17170.06,139.23,62947913728
2021-06-03,285.35642075538635,17268.04,143.15,68367233024
2021-06-04,254.86306476593018,15730.37,120.23,71962255360
2021-06-05,220.75917029380798,9727.92,87.16,40806113280
2021-06-06,241.4824333190918,10394.14,97.05,42349780992
2021-06-07,302.43494057655334,19095.26,160.66,60642922496
2021-06-08,316.16999435424805,19277.56,155.38,70633963520
2021-06-09,238.55108785629272,12559.83,107.11,56485007360
2021-06-10,206.59954023361206,9771.46,88.11,53386502144
2021-06-11,175.4873125553131,6533.0,63.7,43005480960
2021-06-12,144.69647693634033,3503.75,34.2,36493664256
2021-06-13,138.54196453094482,3385.53,38.6,27545010176
2021-06-14,201.372709274292,10716.78,90.03,60592934912
2021-06-15,257.4565885066986,14628.11,122.96,57328050176
2021-06-16,314.1829035282135,18438.73,163.82,69062406144
2021-06-17,269.8127181529999,14121.09,114.8,59043311616
2021-06-18,269.45274782180786,15443.55,143.12,61779628032
2021-06-19,197.0456120967865,6575.16,71.58,37121241088
2021-06-20,222.0938527584076,10951.31,113.26,56381366272
2021-06-21,296.47402000427246,16848.23,148.37,61389217792
2021-06-22,370.6612665653229,24263.18,227.94,83051487232
2021-06-23,293.8302493095398,17955.75,157.69,72449298432
2021-06-24,277.86499547958374,17235.89,162.24,61746884608
2021-06-25,263.6486988067627,13471.86,136.34,63319126016
2021-06-26,340.61543250083923,23214.45,212.27,81425936384
2021-06-27,285.8150906562805,16117.8,149.21,59632463872
2021-06-28,354.3703052997589,24887.17,223.96,87321788416
2021-06-29,533.0291087627411,37993.56,327.75,94993936384
2021-06-30,374.8711667060852,28213.21,234.06,86976655360
2021-07-01,429.5790710449219,30370.31,256.3,82856865792
2021-07-02,368.6844696998596,27689.1,221.79,77335556096
2021-07-03,257.9232473373413,15562.21,151.59,61243101184
2021-07-04,399.341854095459,32418.96,273.18,106826551296
2021-07-05,490.34025382995605,38920.04,334.58,98970435584
2021-07-06,330.4723598957062,24796.59,197.68,97021788160
2021-07-07,445.66310811042786,35178.3,282.48,97685663744
2021-07-08,413.5525486469269,32707.27,261.04,90827026432
2021-07-09,384.9712538719177,29806.69,244.6,109058088960
2021-07-10,272.81912112236023,18793.19,150.06,83522498560
2021-07-11,338.6224503517151,24597.48,200.87,104520736768
2021-07-12,452.39465069770813,32968.55,269.68,98561196032
2021-07-13,366.62325835227966,27707.29,214.58,101935517696
2021-07-14,516.0076026916504,46689.3,366.09,96412819456
2021-07-15,410.74729204177856,36326.1,267.88,98648748032
2021-07-16,538.3610022068024,46944.86,359.78,111452332032
2021-07-17,362.3806354999542,30242.9,239.67,108449529856
2021-07-18,404.56872749328613,34046.8,264.45,117711036416
2021-07-19,674.3439059257507,63732.42,459.19,137192947712
2021-07-20,694.2878949642181,63132.78,458.26,138878369792
2021-07-21,710.0657775402069,67520.03,477.31,144013090816
2021-07-22,756.5230050086975,73085.24,520.39,130794295296
2021-07-23,743.1528353691101,72222.85,515.1,147455197184
2021-07-24,634.4189314842224,59733.62,438.64,141241249792
2021-07-25,859.4579436779022,84000.87,605.77,150624854016
2021-07-26,908.262318611145,88666.94,603.29,146092126208
2021-07-27,988.699588060379,99068.13,679.32,168697401344
2021-07-28,1068.660411119461,107120.63,755.47,169268977664
2021-07-29,1349.4792499542236,140937.89,949.98,156954210304
2021-07-30,1212.3743665218353,124219.35,827.2,171686871040
2021-07-31,1027.1808290481567,103436.79,693.38,186968559616
2021-08-01,996.2008588314056,100651.72,671.21,176537526272
2021-08-02,1277.6778347492218,131755.34,872.34,193130872832
2021-08-03,1530.2517578601837,161062.18,1084.09,186156212224
2021-08-04,1532.0091741085052,161071.43,1067.42,177922965504
2021-08-05,1401.0454487800598,146749.29,955.58,172052860928
2021-08-06,1441.3604068756104,151904.88,957.22,195256557568
2021-08-07,1162.1317970752716,119120.78,774.08,212502331392
2021-08-08,1039.527200460434,103957.24,667.35,188688715776
2021-08-09,1276.8971042633057,133453.42,804.23,182326394880
2021-08-10,1518.694587945938,159601.88,982.79,202563698688
2021-08-11,1084.587414741516,110059.23,665.96,169274707968
2021-08-12,1320.7456257343292,138013.72,836.37,199027277824
2021-08-13,904.4662823677063,88640.31,534.37,214056062976
2021-08-14,1028.9916315078735,104047.66,620.79,208478744576
2021-08-15,1201.406306028366,125178.09,776.71,187640315904
2021-08-16,1301.6076896190643,133794.74,792.6,198609166336
2021-08-17,1709.3698451519012,184119.54,1087.13,197455446016
2021-08-18,1765.4292991161346,188823.08,1143.02,216707997696
2021-08-19,1401.5055928230286,146632.95,844.71,208903667712
2021-08-20,1962.977667093277,213392.06,1208.58,202332745728
2021-08-21,1456.249421596527,155587.87,873.82,205049262080
2021-08-22,1557.3632781505585,165904.88,970.2,222065537024
2021-08-23,2137.1819653511047,232492.21,1313.37,238399455232
2021-08-24,2833.8082015514374,317817.75,1710.12,209316495360
2021-08-25,2540.7048139572144,283765.53,1527.68,229803921408
2021-08-26,3224.857793569565,367488.24,1956.81,249298608128
2021-08-27,3056.951138973236,343650.6,1837.02,254222020608
2021-08-28,2276.1593973636627,249737.93,1312.36,260518273024
2021-08-29,1824.637437582016,197559.64,1002.69,224254644224
2021-08-30,3436.1010241508484,387165.85,1952.97,275133280256
2021-08-31,4070.099545955658,465499.35,2386.57,227923828736
2021-09-01,3486.601854324341,398601.14,1864.54,281287917568
2021-09-02,3690.4205989837646,419909.51,2078.12,255402528768
2021-09-03,3473.192961215973,393037.39,1841.22,268620111872
2021-09-04,2381.9094207286835,262573.64,1207.47,228373594112
2021-09-05,2295.0005655288696,255730.84,1200.38,233074982912
2021-09-06,2738.936774253845,300607.64,1448.96,258118680576
2021-09-07,4833.090096473694,559583.87,2599.13,268998455296
2021-09-08,4687.75729060173,538472.34,2557.72,264128638976
2021-09-09,5229.128081321716,608596.16,2837.42,296984240128
2021-09-10,5042.907005548477,585791.35,2798.55,299457191936
2021-09-11,3136.7422580718994,357519.21,1578.22,297142681600
2021-09-12,3657.182159423828,418557.34,1843.23,292711534592
2021-09-13,5899.3452916145325,692270.65,3177.23,270249340928
2021-09-14,4752.482661724091,550717.85,2519.17,303814680576
2021-09-15,4902.6721777915955,571426.9,2535.74,305657577472
2021-09-16,4968.550973415375,574887.88,2547.4,294654537728
2021-09-17,5622.356209516525,656737.96,2895.78,304647217152
2021-09-18,3721.8631587028503,423027.21,1817.11,289025241088
2021-09-19,4553.31574678421,528149.44,2284.49,313964617728
2021-09-20,6190.373961210251,726331.7,3147.56,300099543040
2021-09-21,6452.135777711868,757212.75,3301.4,302374739968
2021-09-22,4620.799681425095,535185.22,2200.68,335489171456
2021-09-23,5990.758990764618,702672.55,2799.04,313995599872
2021-09-24,5617.514140129089,655765.79,2641.96,301698285568
2021-09-25,2943.4290492534637,326060.94,1218.64,289779965952
2021-09-26,3760.6820731163025,425984.27,1657.9,316988424192
2021-09-27,6338.242674589157,744435.67,2783.64,308093759488
2021-09-28,5216.270662784576,604762.87,2292.57,295729201152
2021-09-29,7162.731487989426,843316.4,3238.71,332253261824
2021-09-30,5565.882538080215,648476.24,2472.84,347475947520
2021-10-01,4764.076601982117,550814.92,2120.19,327068364800
2021-10-02,3491.3784782886505,395662.52,1472.43,300031827968
2021-10-03,4182.772550821304,475586.09,1802.19,300826685440
2021-10-04,6441.7208931446075,756269.79,3104.09,342607769600
2021-10-05,5981.747125148773,697191.71,2630.23,347010183168
2021-10-06,6938.672085523605,816225.2,3195.61,342066085888
2021-10-07,8050.344126939774,952793.09,3603.91,353455206400
2021-10-08,6934.084066152573,818434.66,3098.41,359706877952
2021-10-09,5361.050575971603,622129.25,2268.37,344949772288
2021-10-10,5647.578068971634,654050.97,2410.68,357110464512
2021-10-11,7257.4890348911285,858132.32,3042.44,352708079616
2021-10-12,7301.913592100143,856464.43,3107.94,373128581120
2021-10-13,6293.734888792038,735172.12,2679.05,343747997696
2021-10-14,6749.795528650284,790472.18,2832.18,343096692736
2021-10-15,6571.667417526245,772727.42,2772.23,328216784896
2021-10-16,5109.231419086456,594142.76,2068.07,352240185344
2021-10-17,4900.8923671245575,567892.7,1983.87,360023433216
2021-10-18,9211.490105628967,1095345.77,3889.3,365128990720
2021-10-19,8116.7850975990295,958223.92,3426.74,362736599040
2021-10-20,7301.982053041458,861296.41,3012.82,376187686912
2021-10-21,6751.633229970932,795843.12,2686.35,368139952128
2021-10-22,6535.707934856415,768028.03,2532.94,373224259584
2021-10-23,5892.881221294403,687390.03,2343.95,336117878784
2021-10-24,5813.235415697098,676124.49,2393.85,375123415040
2021-10-25,9336.004526615143,1105867.99,3892.57,388660203520
2021-10-26,8566.14392876625,1009858.07,3476.01,379478663168
2021-10-27,8391.399630308151,990250.62,3382.78,404283080704
2021-10-28,8223.144607543945,972004.32,3158.21,403762155520
2021-10-29,7192.631493091583,842517.2,2840.16,379172552704
2021-10-30,7716.4810795784,903491.88,3026.45,415477096448
2021-10-31,8798.069578647614,1042013.42,3471.49,385628078080
2021-11-01,10785.26974105835,1282508.71,4230.08,406120509440
2021-11-02,10586.458635568619,1260689.87,4249.35,422504013824
2021-11-03,11414.20718407631,1361400.46,4910.58,379753930752
2021-11-04,10556.87053823471,1254527.53,4254.18,404854362112
2021-11-05,9875.846838712692,1169370.7,3999.9,416131899392
2021-11-06,7454.617401838303,876100.73,2797.94,422564253696
2021-11-07,8962.736641168594,1066201.26,3443.48,407949758464
2021-11-08,13835.437318325043,1660280.5,5518.14,403593396224
2021-11-09,12158.568661928177,1450323.51,4672.03,414271139840
2021-11-10,12585.325150728226,1505879.29,4717.07,429944692736
2021-11-11,11616.827681541443,1386388.16,4248.93,445016674304
2021-11-12,11985.07323884964,1426991.82,4412.36,442802999296
2021-11-13,9086.101384401321,1073484.54,3110.81,383345733632
2021-11-14,8533.05161857605,1007918.51,3134.53,440081633280
2021-11-15,11987.455696821213,1432193.42,4263.65,441093357568
2021-11-16,13172.382405281067,1581114.84,4780.45,410564751360
2021-11-17,12852.62683558464,1528408.02,4594.95,465150234624
2021-11-18,11603.629262924194,1386997.91,4044.62,426608091136
2021-11-19,10627.243785142899,1265542.44,3744.65,430047981568
2021-11-20,9866.19683599472,1167632.71,3551.64,406539374592
2021-11-21,10037.58438038826,1185135.09,3490.73,458449313792
2021-11-22,14421.372799158096,1712552.83,5391.25,414574428160
2021-11-23,12148.920209884644,1446332.12,4347.91,422517964800
2021-11-24,10587.567874670029,1255019.15,3754.52,410050633728
2021-11-25,7217.957828044891,827801.49,2468.54,437896028160
2021-11-26,12733.578005313873,1507074.08,4575.14,412580933632
2021-11-27,8495.3037712574,989174.41,3100.4,400045985792
2021-11-28,10800.996080160141,1271767.95,3693.39,429936144384
2021-11-29,18136.126955986023,2165923.31,6792.53,416567676928
2021-11-30,13750.79738330841,1621520.46,4834.39,429096083456
2021-12-01,12926.742490530014,1523849.15,4541.03,461039566848
2021-12-02,10903.415112018585,1268278.37,3799.23,414855213056
2021-12-03,10408.332510232925,1209716.12,3501.67,435639042048
2021-12-04,9557.935646772385,1112759.43,3127.49,410527666176
2021-12-05,10367.47739982605,1198004.56,3455.22,452484976640
2021-12-06,14614.735436439514,1729631.99,4935.28,435858202624
2021-12-07,14580.150155544281,1713847.63,4908.33,444335058944
2021-12-08,12958.767232894897,1517840.78,4414.73,427015688192
2021-12-09,10063.447946310043,1174693.52,3253.86,445164896256
2021-12-10,8925.187747716904,1040588.19,2912.35,406796070912
2021-12-11,6993.130806207657,793269.49,2246.52,415660568576
2021-12-12,7481.768826007843,851908.75,2262.14,410992996352
2021-12-13,8980.516057729721,1042449.96,2812.16,412941860864
2021-12-14,11874.720028400421,1396001.58,3882.61,410737602560
2021-12-15,10329.322667598724,1201658.06,3340.74,414085320704
2021-12-16,8795.318784236908,1008507.8,2681.34,408668377088
2021-12-17,8163.118052244186,936982.07,2658.86,410467958784
2021-12-18,5431.870799303055,598121.52,1652.06,394133299200
2021-12-19,4670.883116722107,512705.91,1362.95,440016052224
2021-12-20,5624.097586393356,625518.18,1702.9,403489595392
2021-12-21,5146.494382381439,572137.04,1434.56,410609045504
2021-12-22,4165.259475946426,448654.0,1265.94,369493114880
2021-12-23,3906.0033659934998,419483.6,1121.36,374949011456
2021-12-24,1559.8549494743347,125411.4,414.48,210546913280
2021-12-25,1135.8092622756958,76088.22,245.29,149350453248
2021-12-26,2963.507213830948,301492.14,875.52,330608861184
2021-12-27,4079.326822280884,422259.94,1253.61,431055077376
2021-12-28,3184.53914809227,318328.66,985.67,274818846720
2021-12-29,3424.620527267456,348720.77,1081.82,301082562560
2021-12-30,3197.8726971149445,319151.64,1050.65,256264814592
2021-12-31,1726.12086892128,142291.04,516.07,177420529664
2022-01-01,1265.4384558200836,92477.92,358.45,137535127552
2022-01-02,1478.4808340072632,122020.01,438.68,178554839040
2022-01-03,2470.1020023822784,233899.4,830.08,208192925696
2022-01-04,2679.990948200226,241083.91,862.0,191926661120
2022-01-05,2189.5181341171265,198834.87,738.89,197088264192
2022-01-06,2444.2131927013397,239154.32,890.3,193619185664
2022-01-07,1796.038168668747,155327.89,565.78,192939315200
2022-01-08,1568.7724092006683,129259.84,476.75,175051296768
2022-01-09,1422.328688621521,125193.98,479.53,172779094016
2022-01-10,2827.2796065807343,284818.01,1029.19,204554121216
2022-01-11,3007.1751296520233,310825.7,1145.26,205773414400
2022-01-12,2495.1503324508667,240739.53,916.02,209445658624
2022-01-13,2797.219608068466,279045.07,1076.4,207533535232
2022-01-14,3459.9292714595795,361623.1,1420.36,212592934912
2022-01-15,2817.7227334976196,287504.14,1160.43,216231800832
2022-01-16,2781.229249238968,281516.61,1093.06,226950967296
2022-01-17,3722.8838720321655,403229.95,1658.31,220631732224
2022-01-18,4345.5943920612335,475065.07,2036.86,224739602432
2022-01-19,5449.069834470749,597178.7,2640.45,247539683328
2022-01-20,4387.5740740299225,485908.06,2055.92,245708214272
2022-01-21,5793.903035640717,652003.37,2958.39,255532011520
2022-01-22,4022.3625893592834,430182.68,1922.98,268418674688
2022-01-23,3933.9518854618073,428917.86,1896.03,290393571328
2022-01-24,5137.200337648392,564432.36,2568.83,254849892352
2022-01-25,3936.1806359291077,424773.89,1937.44,269790834688
2022-01-26,4285.763558626175,462433.62,2052.5,303159427072
2022-01-27,4414.371537923813,477124.46,2163.27,272399433728
2022-01-28,4679.298766613007,504393.78,2361.57,272672444416
2022-01-29,3983.127061843872,445106.54,2143.55,292957327360
2022-01-30,4547.227678060532,512600.68,2453.11,281070071808
2022-01-31,7017.43997335434,798116.4,3807.86,283788111872
2022-02-01,5264.810525178909,598494.27,2943.26,311636848640
2022-02-02,6522.008771896362,743856.05,3752.7,311893479424
2022-02-03,6479.933840274811,742959.87,3558.11,356319174656
2022-02-04,5848.728503227234,664216.27,3306.27,363478413312
2022-02-05,5728.146896600723,644918.51,3132.6,336674205696
2022-02-06,4788.882207632065,540336.14,2501.5,368156905472
2022-02-07,7398.365349531174,853532.46,4071.01,369866952704
2022-02-08,8036.011792182922,930082.25,4508.25,357556961280
2022-02-09,6192.621790647507,708872.1,3427.73,356332507136
2022-02-10,6218.77122592926,711076.55,3454.72,367322103808
2022-02-11,6942.399357557297,799025.25,3632.86,387404664832
2022-02-12,5624.149304628372,623981.56,3006.33,415221964800
2022-02-13,4699.628352165222,518746.2,2443.72,438484602880
2022-02-14,7412.657342910767,854198.86,4043.37,406679687168
2022-02-15,6234.576578617096,454050.49,2140.04,259706146816
2022-02-16,4554.949621677399,323580.98,1528.1,261589770240
2022-02-17,4644.574725151062,330918.06,1584.89,257476276224
2022-02-18,4680.779201507568,333641.68,1575.36,277187383296
2022-02-19,4290.987112283707,306465.48,1472.93,264127369216
2022-02-20,3568.8350882530212,246998.28,1201.27,265483313152
2022-02-21,5850.254070520401,421110.56,2019.6,290636046336
2022-02-22,5174.257852315903,369499.36,1798.95,293288251392
2022-02-23,4730.889570236206,336775.09,1634.0,275675398144
2022-02-24,3690.507677078247,261569.69,1284.36,281262452736
2022-02-25,3599.127847671509,248845.0,1217.07,283078430720
2022-02-26,2866.4670975208282,196325.87,985.01,282785312768
2022-02-27,2494.700588464737,166764.4,799.15,315153043456
2022-02-28,3460.9611823558807,239359.34,1167.99,292770459648
2022-03-01,3180.333557844162,217277.16,1038.59,274358042624
2022-03-02,3405.6388285160065,232634.1,1131.6,299672387584
2022-03-03,3733.9094908237457,259304.57,1267.66,284219244544
2022-03-04,3681.1468353271484,255274.86,1248.34,284163846144
2022-03-05,2554.6585648059845,168351.26,834.26,297181237248
2022-03-06,2901.733398914337,194585.69,983.59,287225327616
2022-03-07,4792.208780050278,338654.02,1660.73,272769466368
2022-03-08,3645.638477087021,250155.47,1232.01,288028098560
2022-03-09,3734.5327451229095,257072.77,1288.51,292828356608
2022-03-10,2966.250449180603,199688.49,1006.09,269305585664
2022-03-11,2791.64040350914,186915.8,960.85,281392762880
2022-03-12,2304.5329780578613,148210.68,777.38,248017625088
2022-03-13,2459.651393175125,160755.47,852.95,245601398784
2022-03-14,3816.0090250968933,264537.13,1372.74,274421706752
2022-03-15,2954.3677706718445,194664.36,1011.17,271218606080
2022-03-16,2968.933688879013,198422.57,1026.73,297241231360
2022-03-17,3011.766373872757,202774.34,1058.15,251389513728
2022-03-18,2815.377100944519,188385.97,988.92,236442058752
2022-03-19,2724.666275024414,176003.71,952.81,265949196288
2022-03-20,2213.297716856003,141497.88,746.58,257559171072
2022-03-21,3281.9574077129364,220395.34,1168.93,234860523520
2022-03-22,3097.3913867473602,207964.57,1098.81,263177904128
2022-03-23,3129.5207147598267,210195.03,1127.45,262842445824
2022-03-24,3000.664368391037,201418.95,1115.68,226817531904
2022-03-25,3423.21732711792,228596.9,1231.87,233046622208
2022-03-26,2537.3543605804443,168645.19,939.1,216675885056
2022-03-27,2988.4019379615784,200901.51,1093.6,235187417088
2022-03-28,4065.84877038002,276785.12,1498.95,228531621888
2022-03-29,1771.0954706668854,108778.26,587.99,279345889280
2022-03-30,1339.3689770698547,77619.41,434.98,213486456832
2022-03-31,1394.723891735077,77620.67,437.9,193161388032
2022-04-01,1913.77454829216,119677.54,633.93,229563150336
2022-04-02,1197.2085995674133,67294.75,385.96,209713266688
2022-04-03,1192.2502791881561,68331.8,389.84,240398503936
2022-04-04,2805.6920511722565,189132.8,1016.39,242036920320
2022-04-05,1770.120022058487,112168.92,600.52,213169025024
2022-04-06,1451.4056825637817,85581.21,499.29,250015911936
2022-04-07,1473.6244843006134,85375.27,487.7,192236019712
2022-04-08,1518.452665567398,90919.73,518.43,222375309312
2022-04-09,1358.5849623680115,80954.7,442.56,242153807872
2022-04-10,1688.9436876773834,106289.8,595.84,202614263808
2022-04-11,2619.7923550605774,174747.57,942.9,220631744512
2022-04-12,1502.5675818920135,92456.81,500.4,210207563776
2022-04-13,1476.8097236156464,91441.73,507.66,192199434240
2022-04-14,1837.0685353279114,117587.86,635.74,201750327296
2022-04-15,1728.925658941269,109140.16,597.74,200429060096
2022-04-16,1762.2412559986115,111273.43,620.32,190244990976
2022-04-17,1148.9697527885437,67960.15,393.08,219098734592
2022-04-18,2693.351673603058,180436.22,953.79,222611283968
2022-04-19,2526.717139482498,173228.6,907.38,215659212800
2022-04-20,1699.291874408722,111292.33,607.1,235999420416
2022-04-21,1651.0497934818268,102158.8,562.25,232838004736
2022-04-22,1613.6616959571838,102748.15,562.9,219893256192
2022-04-23,1487.0099203586578,90447.45,496.58,224442781696
2022-04-24,1661.9180946350098,106831.28,574.81,215242559488
2022-04-25,2204.1222479343414,148373.62,788.58,247893831680
2022-04-26,2195.3312363624573,145084.28,776.67,225024720896
2022-04-27,1539.4083273410797,98870.35,533.64,238078148608
2022-04-28,1266.7863113880157,78857.29,434.53,222339330048
2022-04-29,1553.9528484344482,98348.27,532.68,220236574720
2022-04-30,1427.2278423309326,87833.55,476.05,243598364672
2022-05-01,719.965514421463,36994.96,206.46,222104805376
2022-05-02,1471.8444561958313,95470.06,507.14,244887609344
2022-05-03,1837.5566401481628,118911.46,632.55,249622450176
2022-05-04,1403.7199470996857,87006.42,475.9,227823722496
2022-05-05,1528.1997964382172,95243.14,499.4,229585367040
2022-05-06,1747.9159150123596,112519.52,595.35,253304565760
2022-05-07,1209.8508322238922,74648.97,408.54,225444089856
2022-05-08,1155.7402589321136,66457.61,367.2,238522535936
2022-05-09,2348.793006181717,159880.85,807.59,276452028416
2022-05-10,1674.2136588096619,109068.25,585.49,236951003136
2022-05-11,1122.6999571323395,66869.17,358.86,232708055040
2022-05-12,1278.5634334087372,79554.18,439.18,230500745216
2022-05-13,1368.7381024360657,85592.06,471.55,220635664384
2022-05-14,1220.9850780963898,73631.81,390.37,241224302592
2022-05-15,1322.1068603992462,80344.58,417.62,238562291712
2022-05-16,2144.5234849452972,145734.82,737.32,238670536704
2022-05-17,1724.3269259929657,111521.22,554.67,224018432000
2022-05-18,1253.77659201622,77784.61,416.89,246091972608
2022-05-19,1028.4932429790497,58817.46,313.02,216200617984
2022-05-20,1519.560260772705,97181.76,498.33,211391119360
2022-05-21,1419.1236567497253,84274.82,422.92,227224064000
2022-05-22,1452.1212041378021,91190.21,472.04,224066056192
2022-05-23,2153.466917037964,143112.93,718.06,239993556992
2022-05-24,1897.109099149704,124965.29,634.85,238810959872
2022-05-25,976.7945549488068,58199.49,298.96,236211875840
2022-05-26,849.8605861663818,46242.48,243.3,260399484928
2022-05-27,1263.869688987732,77500.21,397.53,219605819392
2022-05-28,1333.3815371990204,80333.82,396.48,224100622336
2022-05-29,1448.7619938850403,92551.84,468.8,226234081280
2022-05-30,1026.6942908763885,58178.01,284.67,211788570624
2022-05-31,2463.833840608597,171916.65,828.23,225857617920
2022-06-01,1434.5533802509308,90166.19,440.36,230051037184
2022-06-02,1093.5039765834808,62578.13,314.62,228220600320
2022-06-03,1318.2503259181976,80660.8,406.03,230084755456
2022-06-04,1237.5862972736359,76304.35,358.57,201027493888
2022-06-05,1315.367186307907,80994.85,399.17,215613472768
2022-06-06,2257.572737455368,152221.63,710.78,212255412224
2022-06-07,2057.080135345459,135607.51,623.28,215551275008
2022-06-08,2148.9228575229645,144559.61,681.33,236697690112
2022-06-09,1689.2040712833405,109930.27,524.64,223600427008
2022-06-10,1989.2517983913422,127572.46,594.77,224243740672
2022-06-11,1745.7540874481201,113771.42,534.81,217505427456
2022-06-12,1394.0310060977936,86201.3,397.43,186368954368
2022-06-13,1824.1872117519379,118892.56,548.02,238902931456
2022-06-14,1389.6006665229797,88273.65,410.42,218652688384
2022-06-15,1384.775949716568,86092.99,413.64,214411792384
2022-06-16,1536.2286376953125,96887.28,457.64,193843638272
2022-06-17,1837.4159336090088,121540.58,546.43,199617810432
2022-06-18,1653.1677584648132,106712.58,484.12,202862030848
2022-06-19,738.3596036434174,39353.14,188.55,196479606784
2022-06-20,1459.0154600143433,90554.19,398.21,230538481664
2022-06-21,1538.6449236869812,97664.1,436.14,209636839424
2022-06-22,1296.518893957138,78174.44,366.77,205285167104
2022-06-23,1082.2907121181488,62022.89,289.74,200777306112
2022-06-24,1222.2078561782837,73453.77,326.8,198951063552
2022-06-25,1336.0471770763397,80955.07,373.93,197235220480
2022-06-26,1525.8110737800598,94116.13,428.98,189065920512
2022-06-27,1807.1221985816956,120861.95,518.92,200333053952
2022-06-28,1809.2269155979156,120910.95,520.89,201628483584
2022-06-29,1367.656737089157,84734.43,377.58,187427889152
2022-06-30,1664.8574588298798,107788.22,470.03,178891067392
2022-07-01,2324.018389940262,155456.88,656.91,192143527936
2022-07-02,2043.0011212825775,137493.96,583.28,214035558400
2022-07-03,1743.9491765499115,116410.15,499.33,190375776256
2022-07-04,1567.2091307640076,99657.05,439.1,184000684032
2022-07-05,3485.965606212616,246111.64,998.41,193809268736
2022-07-06,2545.8243324756622,174350.9,711.96,215995535360
2022-07-07,2337.627759218216,158937.06,665.35,212343955456
2022-07-08,2817.1396639347076,193030.78,787.53,192381689856
2022-07-09,1861.9678320884705,123157.46,538.92,197797675008
2022-07-10,2439.806230068207,164103.7,711.9,207451475968
2022-07-11,2812.4287395477295,195140.9,830.07,185962020864
2022-07-12,1886.946032524109,124284.75,521.63,194799337472
2022-07-13,1543.3467967510223,98535.38,419.45,196200824832
2022-07-14,1728.245109796524,112318.31,459.8,190446858240
2022-07-15,2209.208299636841,147223.38,604.33,190925520896
2022-07-16,2812.314335346222,195349.77,797.59,206209773568
2022-07-17,2326.8929266929626,157223.56,655.9,191912333312
2022-07-18,3234.198445081711,225865.27,924.62,210896039936
2022-07-19,2169.324908733368,145712.56,603.09,208301785088
2022-07-20,1692.244035243988,109597.12,470.5,199595679744
2022-07-21,1704.1622924804688,108593.78,455.72,221403533312
2022-07-22,2657.577604532242,184528.96,739.04,196818956288
2022-07-23,1717.6525723934174,112686.87,467.86,192208830464
2022-07-24,1803.6636497974396,116864.04,474.61,195199930368
2022-07-25,3580.7180342674255,253130.66,1025.52,198096658432
2022-07-26,1998.4810514450073,132200.28,546.61,207443120128
2022-07-27,1801.4009528160095,119015.33,499.2,197087522816
2022-07-28,1583.1523125171661,100473.15,430.13,202150985728
2022-07-29,2155.0995955467224,145323.76,589.73,203685265408
2022-07-30,2039.9969160556793,133712.89,557.52,190694621184
2022-07-31,2221.038841485977,149146.08,608.28,210729058304
2022-08-01,4322.816641807556,305629.88,1201.81,213436403712
2022-08-02,2202.2310400009155,146519.9,596.44,202475991040
2022-08-03,1821.0468668937683,121098.11,479.36,213337833472
2022-08-04,1450.9315121173859,91067.94,380.21,200240615424
2022-08-05,1314.768313884735,78549.95,326.2,209805262848
2022-08-06,985.3544697761536,50702.79,222.77,178604290048
2022-08-07,1033.3615443706512,59293.35,274.96,195900399616
2022-08-08,1684.1307744979858,108490.79,463.73,217079177216
2022-08-09,1344.5059576034546,80671.27,345.69,193259880448
2022-08-10,915.0223100185394,50752.87,230.83,176720003072
2022-08-11,2017.855591058731,131872.18,529.85,210592677888
2022-08-12,2666.8524878025055,183464.83,732.15,216772501504
2022-08-13,2242.465430498123,150795.57,620.11,210600157184
2022-08-14,1916.9973847866058,126868.81,518.21,211589120000
2022-08-15,2554.218602180481,175975.13,689.4,213416468480
2022-08-16,1573.2068922519684,99022.57,401.9,213360615424
2022-08-17,1680.2303838729858,107416.33,444.38,212941438976
2022-08-18,1686.9755232334137,109389.61,447.68,210510344192
2022-08-19,2311.670052051544,155968.31,632.51,226082783232
2022-08-20,2063.4461884498596,134901.15,538.53,225258893312
2022-08-21,2120.274446249008,143536.04,575.99,217075916800
2022-08-22,3063.5179431438446,213654.99,834.61,208323706880
2022-08-23,1539.6185269355774,96032.18,400.92,206956068864
2022-08-24,1062.2985725402832,59236.16,261.65,200041648128
2022-08-25,1334.694079875946,81314.88,341.59,225345314816
2022-08-26,2369.8548307418823,157848.43,648.52,219631321088
2022-08-27,3079.865245819092,215396.01,847.45,218537709568
2022-08-28,2727.6241941452026,188412.77,725.67,214444294144
2022-08-29,2686.265959739685,182079.06,706.46,227093221376
2022-08-30,1766.9813060760498,115273.5,462.89,217057968128
2022-08-31,1023.9033062458038,58801.91,258.16,203079004160
2022-09-01,878.2110080718994,41996.67,185.41,215713587200
2022-09-02,1550.6265289783478,96913.56,394.51,231721140224
2022-09-03,2545.7567315101624,173228.23,673.68,237800923136
2022-09-04,3020.735210418701,209418.65,826.06,250222669824
2022-09-05,1153.127802848816,65876.26,269.1,212249001984
2022-09-06,3987.6841158866882,281948.0,1064.09,240555126784
2022-09-07,1305.4703674316406,75874.35,328.45,213575327744
2022-09-08,1001.3470885753632,54983.09,219.25,216430039040
2022-09-09,947.6192214488983,47522.36,206.61,199945076736
2022-09-10,2639.6797018051147,176889.57,676.05,229827072000
2022-09-11,2168.5228412151337,144672.19,560.45,210111795200
2022-09-12,3900.538101196289,279679.37,1049.39,232368738304
2022-09-13,3382.241188764572,237655.69,905.43,239663489024
2022-09-14,1755.963619709015,110922.54,454.95,240423780352
2022-09-15,1927.557532787323,123873.39,495.9,218164981760
2022-09-16,2535.661433696747,169749.44,676.07,236464459776
2022-09-17,2275.8572878837585,150059.76,589.43,226404208640
2022-09-18,1500.9115951061249,94537.2,357.09,221364776960
2022-09-19,2855.410980463028,196195.96,750.44,230599114752
2022-09-20,1957.831327199936,122216.94,484.15,236943241216
2022-09-21,2186.148345708847,144754.32,586.94,229751721984
2022-09-22,1857.6521468162537,118399.42,485.95,238948155392
2022-09-23,1789.192421913147,114131.38,470.7,229931110400
2022-09-24,1598.2764165401459,100893.37,401.64,245095813120
2022-09-25,1202.6231191158295,69356.1,289.74,242517897216
2022-09-26,2642.6128385066986,179749.0,726.49,225969557504
2022-09-27,1958.6127989292145,129611.42,504.91,243556261888
2022-09-28,1758.4020280838013,112612.17,480.67,229449916416
2022-09-29,1676.1330482959747,106823.25,435.3,232331325440
2022-09-30,1652.191608428955,106262.44,427.99,247555862528
2022-10-01,1449.124041557312,88003.84,363.53,212417679360
2022-10-02,1117.6103296279907,67537.07,292.73,206214041600
2022-10-03,1541.2309775352478,95775.04,387.89,214576181248
2022-10-04,1242.4768741130829,74820.3,320.9,221819891712
2022-10-05,1533.9050850868225,92807.5,373.22,217395265536
2022-10-06,1658.1361751556396,104504.29,425.12,230957965312
2022-10-07,1947.5733261108398,128335.48,507.07,256512090112
2022-10-08,1210.8480200767517,69772.01,293.02,218049478656
2022-10-09,1147.4978132247925,63686.46,267.65,224212099072
2022-10-10,2242.2882101535797,149587.43,576.97,241917681664
2022-10-11,1759.2106697559357,106853.53,418.21,221480448000
2022-10-12,1568.7290410995483,97517.17,383.52,217137426432
2022-10-13,1824.8774433135986,120416.08,472.83,246633312256
2022-10-14,2003.4687433242798,128284.42,501.96,227799465984
2022-10-15,1314.223133802414,79214.75,338.95,214071037952
2022-10-16,664.423401594162,28278.92,127.04,201580351488
2022-10-17,2232.7903163433075,148028.29,575.43,235535556608
2022-10-18,1173.1193578243256,66621.37,279.16,201062207488
2022-10-19,1637.5392651557922,101980.44,393.52,228109754368
2022-10-20,1426.3126232624054,88032.63,355.23,222694215680
2022-10-21,1505.556363105774,92493.62,369.74,223330840576
2022-10-22,1048.2856216430664,57325.36,243.17,210702745600
2022-10-23,1243.1569731235504,70082.94,286.77,237722996736
2022-10-24,1964.5358107089996,124714.76,484.26,249357574144
2022-10-25,883.4121251106262,40579.12,173.89,229867487232
2022-10-26,1416.928970336914,86498.24,362.2,229997498368
2022-10-27,1365.39453125,80970.03,331.8,219718615040
2022-10-28,1544.0064487457275,97505.63,401.68,208694149120
2022-10-29,1150.2496638298035,65824.4,274.99,186752454656
2022-10-30,1010.2427897453308,56627.11,248.77,205742563328
2022-10-31,1779.815307378769,111658.34,445.18,219470729216
2022-11-01,1350.7675001621246,80372.68,325.04,200335118336
2022-11-02,1114.8337457180023,59696.7,255.39,259350196224
2022-11-03,891.4311974048615,42603.94,173.21,201114218496
2022-11-04,762.6531929969788,37267.92,161.77,184955338752
2022-11-05,598.2517440319061,20232.03,101.2,166226604032
2022-11-06,611.1096408367157,14662.49,76.84,116043616256
2022-11-07,848.7699735164642,42165.62,176.71,183284928512
2022-11-08,783.0567626953125,34113.91,152.74,174376800256
2022-11-09,679.5164318084717,33611.96,139.01,186223058944
2022-11-10,629.0484354496002,29183.8,129.7,180150935552
2022-11-11,555.1648743152618,23881.21,111.46,145118699520
2022-11-12,578.1628587245941,14698.09,79.72,114637774848
2022-11-13,454.2243447303772,11621.2,67.89,99338907648
2022-11-14,848.586820602417,42519.15,175.65,189814726656
2022-11-15,771.0758471488953,38897.94,159.36,184971366400
2022-11-16,614.8811707496643,25681.49,114.89,170341916672
2022-11-17,781.8415880203247,36084.47,171.27,207326093312
2022-11-18,673.3267047405243,29230.44,131.14,171053596672
2022-11-19,570.5544767379761,21890.34,102.65,133888540672
2022-11-20,521.5550484657288,13375.59,72.31,89706614784
2022-11-21,834.4557633399963,39708.06,165.91,171396341760
2022-11-22,839.338338136673,38029.07,155.05,183278776320
2022-11-23,586.224404335022,22123.85,101.46,127453949952
2022-11-24,587.7117736339569,17678.75,87.15,131767308288
2022-11-25,607.8957345485687,22761.8,104.47,141483118592
2022-11-26,541.4821610450745,22256.58,99.63,153198878720
2022-11-27,622.285076379776,20213.52,93.93,112710569984
2022-11-28,1031.8733386993408,57930.95,223.5,174361866240
2022-11-29,819.4851207733154,40631.13,165.96,178509750272
2022-11-30,744.2059662342072,36272.56,149.72,190862708736
2022-12-01,645.0997927188873,26142.16,117.1,163944652800
2022-12-02,796.6151304244995,42232.61,162.52,158354882560
2022-12-03,536.0087571144104,18213.89,83.48,122104946688
2022-12-04,480.6466989517212,9783.09,60.03,80383889408
2022-12-05,876.7352230548859,45258.59,175.59,165275090944
2022-12-06,912.998274564743,45103.75,178.99,154319564800
2022-12-07,834.929943561554,43806.72,167.92,148876595200
2022-12-08,750.3461742401123,38358.26,153.54,155064156160
2022-12-09,799.7264931201935,43666.7,167.17,150350184448
2022-12-10,564.9369356632233,23558.35,106.93,143892099072
2022-12-11,607.5890951156616,19881.51,88.32,137766232064
2022-12-12,1236.3563783168793,73615.59,270.35,166575783936
2022-12-13,1027.2643911838531,59676.29,226.2,167485923328
2022-12-14,969.8901526927948,55894.08,205.16,191776395264
2022-12-15,901.181803226471,47647.9,176.11,170720288768
2022-12-16,973.3676373958588,52995.47,202.75,163078483968
2022-12-17,739.7612035274506,34362.4,130.54,141079912448
2022-12-18,638.7151968479156,27767.12,114.49,157015752704
2022-12-19,1439.4315326213837,90838.71,310.03,169374347264
2022-12-20,1346.7127113342285,82946.79,300.48,156728741888
2022-12-21,1016.4001898765564,58119.88,204.5,149627596800
2022-12-22,866.1816148757935,45376.92,172.64,179374096384
2022-12-23,670.7077832221985,31342.06,126.52,157176016896
2022-12-24,396.94896054267883,10128.76,54.97,81894764544
2022-12-25,333.9999825954437,5772.09,35.82,71148380160
2022-12-26,432.06773138046265,15499.77,75.97,112067162112
2022-12-27,710.8578932285309,36810.77,142.53,139676553216
2022-12-28,1163.9006206989288,70753.85,242.88,171081498624
2022-12-29,1118.1552035808563,64861.59,230.54,148465729536
2022-12-30,913.5790765285492,50455.65,196.39,151497801728
2022-12-31,492.01626992225647,16447.99,75.17,110798446592
2023-01-01,405.6187539100647,11469.37,59.33,79057281024
2023-01-02,787.8248181343079,35967.37,142.62,142125232128
2023-01-03,1035.1718020439148,57979.31,215.89,140753469440
2023-01-04,807.5697815418243,41644.43,149.5,155337277440
2023-01-05,869.8819012641907,43992.79,167.71,169128321024
2023-01-06,787.5334911346436,37056.24,140.25,159908495360
2023-01-07,531.1552183628082,19163.53,88.3,139157057536
2023-01-08,411.13424038887024,9346.98,53.07,79964073984
2023-01-09,710.5489873886108,31455.46,120.1,145195565056
2023-01-10,744.4086017608643,37871.3,151.54,165475287040
2023-01-11,741.5157947540283,25438.24,109.49,132228161536
2023-01-12,657.4867272377014,27630.13,113.06,146026725376
2023-01-13,533.4602398872375,16369.41,82.32,118285877248
2023-01-14,474.9052987098694,5480.7,37.57,56475598848
2023-01-15,395.84266352653503,5719.94,39.24,70500077568
2023-01-16,422.3260848522186,13824.86,66.74,117585244160
2023-01-17,529.5917882919312,22891.69,100.51,156194222080
2023-01-18,751.2744972705841,41420.18,168.44,204792250368
2023-01-19,512.5368871688843,22360.4,95.52,174355456000
2023-01-20,983.4534590244293,56571.39,227.21,213451026432
2023-01-21,1020.8349194526672,57689.77,221.27,224769261568
2023-01-22,873.0445971488953,48347.34,188.68,225158332416
2023-01-23,2276.6160142421722,150391.17,523.69,218107342848
2023-01-24,902.1265933513641,51464.85,197.35,183247863808
2023-01-25,584.3623697757721,19488.34,87.55,142917148672
2023-01-26,528.3844861984253,16326.16,76.03,121306882048
2023-01-27,557.8551836013794,20195.7,93.29,151547289600
2023-01-28,528.6765656471252,8723.5,48.87,88996175872
2023-01-29,321.41840744018555,5898.21,40.48,69396267008
2023-01-30,693.9070873260498,33287.69,138.19,154259197952
2023-01-31,588.3925158977509,29321.93,118.4,163321462784
2023-02-01,670.1223342418671,24120.83,101.61,148831604736
2023-02-02,565.0085673332214,25271.33,108.27,151554908160
2023-02-03,487.87753462791443,21536.92,95.33,144481550336
2023-02-04,473.6811819076538,9407.7,53.64,100053725184
2023-02-05,412.3922233581543,12377.92,63.39,105507033088
2023-02-06,777.61137342453,40768.38,152.56,187725570048
2023-02-07,1310.3721902370453,82068.34,287.45,202140352512
2023-02-08,1234.899344444275,77204.13,282.44,217705771008
2023-02-09,1089.5541985034943,65623.09,255.4,232143601664
2023-02-10,950.6199817657471,54854.61,205.93,207370973184
2023-02-11,610.84867811203,28056.93,121.68,188404555776
2023-02-12,353.98713397979736,7391.0,45.14,83939315712
2023-02-13,725.3438422679901,36600.53,143.22,189188755456
2023-02-14,514.900315284729,22897.84,104.77,176486375424
2023-02-15,462.40532898902893,14538.21,69.35,144653651968
2023-02-16,417.37725377082825,15233.05,70.1,111090552832
2023-02-17,374.88766050338745,9851.05,49.94,73610461184
2023-02-18,276.11299777030945,2794.96,21.41,32186015744
2023-02-19,148.19285607337952,373.21,7.95,15546343424
2023-02-20,241.07852435112,1551.5,15.07,34759606272
2023-02-21,23.96233034133911,20.23,3.54,14884753408
