P_name,Q_name,C_name,m,n,k,p,HS?,log10(p),DS(p),DS(p).1,min_rec_length,breakpoints,recombinant
1189455,1431955,1438470,4,57,57,9.581207e-06,0,-5.0186,2e-05,1.916232e-05,518,518-2468 & 29363-29903,1438470
1501317,1474192,1540083,2,14,14,0.025000002235,0,-1.6021,0.04938,0.049375,685,685-3230 & 29667-29903,1540083
444072,666039,752955,4,19,19,0.000564652844,0,-3.2482,0.00113,0.001128987,509,509-2830 & 29655-29903,752955
1501317,1797134,1798212,8,45,45,1.0154e-08,0,-7.9933,0.0,2.030863e-08,694,694-2149 & 29667-29903,1798212
973521,494658,1002412,4,38,38,4.4670785e-05,0,-4.35,9e-05,8.933958e-05,745,745-4179 & 28896-29903,1002412
1330,136423,144266,4,23,23,0.000284900336,0,-3.5453,0.00057,0.0005697195,222,222-2487 & 29228-29903,144266
446128,453048,497286,4,37,37,4.9372971e-05,0,-4.3065,0.0001,9.87435e-05,518,518-2163 & 28917-29903,497286
1189455,1183541,1210438,4,12,12,0.002747253049,0,-2.5611,0.00549,0.005486959,518,518-6277 & 27514-29903,1210438
981937,1117051,1151835,79,6,6,1.82918e-07,0,-6.7377,0.0,3.658367e-07,8,210-685 & 693-2667,1151835
1497090,1117051,1501318,47,7,7,2.71032e-07,0,-6.567,0.0,5.420649e-07,10,670-685 & 695-2789,1501318
1858620,1857807,1872434,4,78,78,2.858678e-06,0,-5.5438,1e-05,5.717349e-06,2334,2334-5718 & 28959-29903,1872434
1127454,1191030,1358369,5,42,42,3.911499e-06,0,-5.4077,1e-05,7.822982e-06,2832,2832-4182 & 27385-29903,1358369
446128,1005257,1012502,4,22,22,0.00033444821,0,-3.4757,0.00067,0.0006687846,518,518-3969 & 28074-29903,1012502
1806291,1860268,1890014,4,87,87,1.870789e-06,0,-5.728,0.0,3.741574e-06,3431,3431-6181 & 28776-29903,1890014
1769481,1755852,1793239,5,40,40,4.910953e-06,0,-5.3088,1e-05,9.821882e-06,3857,3857-4400 & 27916-29903,1793239
645325,654489,857687,5,15,15,0.000386996981,0,-3.4123,0.00077,0.0007738442,3401,3401-4235 & 22024-29903,857687
430359,422971,470812,5,29,29,2.1562882e-05,0,-4.6663,4e-05,4.31253e-05,1877,1877-5182 & 28008-29903,470812
749059,678816,978075,6,39,39,8.59417e-07,0,-6.0658,0.0,1.718833e-06,3122,3122-4508 & 29465-29903,978075
1274364,1130050,1280575,4,43,43,2.8032411e-05,0,-4.5523,6e-05,5.606404e-05,2832,2832-4319 & 29511-29903,1280575
1043969,1326519,1352577,5,43,43,3.504051e-06,0,-5.4554,1e-05,7.008091e-06,4009,4009-4319 & 27385-29903,1352577
1118277,1163853,1169203,5,40,40,4.910953e-06,0,-5.3088,1e-05,9.821882e-06,4184,4184-5384 & 29288-29903,1169203
1002916,1238993,1578059,6,40,39,2.893192e-05,0,-4.5386,6e-05,5.7863e-05,4184,4184-5384 & 28080-29903,1578059
1256237,1267706,1375030,4,40,40,3.6832149e-05,0,-4.4338,7e-05,7.366294e-05,2832,2832-5384 & 27385-29903,1375030
1700050,1782339,1818894,4,47,47,2.0008005e-05,0,-4.6988,4e-05,4.001561e-05,2954,2954-4913 & 28682-29903,1818894
985400,1124715,1183862,5,5,5,0.023809526116,0,-1.6232,0.04705,0.04705216,5,2470-4570 & 4575-4578,1183862
1541040,1683818,1702293,5,40,40,4.910953e-06,0,-5.3088,1e-05,9.821882e-06,4551,4551-5181 & 29135-29903,1702293
283901,344005,371402,5,16,16,0.000294854835,0,-3.5304,0.00059,0.0005896227,2872,2872-5582 & 27369-29903,371402
1069140,1050893,1076236,5,10,10,0.001998002175,0,-2.6994,0.00399,0.003992012,4579,4579-5626 & 26172-29903,1076236
1656821,1502609,1664424,7,7,7,0.002331002383,0,-2.6325,0.00466,0.004656571,9,518-683 & 692-5193,1664424
1043354,1220666,1412237,6,42,42,5.70427e-07,0,-6.2438,0.0,1.140854e-06,4321,4321-8391 & 29511-29903,1412237
1114864,965896,1251095,7,40,40,1.27203e-07,0,-6.8955,0.0,2.544064e-07,4321,4321-8391 & 29511-29903,1251095
871718,871713,1032970,5,26,26,3.5312609e-05,0,-4.4521,7e-05,7.062397e-05,4321,4321-7682 & 29168-29903,1032970
1117664,1164049,1312996,5,6,6,0.012987014838,0,-1.8865,0.02581,0.02580537,2046,0-2139 & 4185-5385,1312996
1101603,1158388,1317828,8,7,7,0.001398601453,0,-2.8543,0.0028,0.002795247,1900,5055-7967 & 9867-10446,1317828
1153468,1229766,1355989,4,41,41,3.3558179e-05,0,-4.4742,7e-05,6.711523e-05,4321,4321-6635 & 29511-29903,1355989
1104857,1303661,1358902,8,42,42,1.6764e-08,0,-7.7756,0.0,3.352714e-08,4582,4582-8391 & 28647-29903,1358902
458714,402436,562578,4,31,31,9.549276e-05,0,-4.02,0.00019,0.0001909764,5184,5184-6335 & 28917-29903,562578
1061096,1117051,1192752,4,6,6,0.023809526116,0,-1.6232,0.04705,0.04705216,8,0-685 & 693-5671,1192752
1877799,1866380,1878898,9,78,78,1.9e-11,0,-10.71,0.0,3.899268e-11,3565,3565-5833 & 29626-29903,1878898
1502609,1596326,1605162,7,13,13,0.0001031992,0,-3.9863,0.00021,0.0002063877,692,692-6718 & 27514-29903,1605162
1520320,1639400,1639830,5,9,9,0.002997003496,0,-2.5233,0.00599,0.005985025,2910,2910-10397 & 28331-29903,1639830
1103128,1277727,1314409,5,7,7,0.007575758267,0,-2.1206,0.01509,0.01509412,3873,3873-13680 & 23665-29903,1314409
1501317,1589199,1617903,2,18,18,0.015789475292,0,-1.8016,0.03133,0.03132964,685,685-7040 & 29667-29903,1617903
400402,540983,624513,7,14,14,6.8799462e-05,0,-4.1624,0.00014,0.0001375942,4504,4504-7849 & 28726-29903,624513
1532507,1749205,1764888,4,41,41,3.3558179e-05,0,-4.4742,7e-05,6.711523e-05,3583,3583-9864 & 28682-29903,1764888
573211,827312,1006374,4,19,19,0.000564652844,0,-3.2482,0.00113,0.001128987,3148,3148-7084 & 29510-29903,1006374
699117,1211855,1247289,8,76,76,2.06e-10,0,-9.6852,0.0,4.128901e-10,5584,5584-6400 & 29701-29903,1247289
1756457,1868147,1871605,6,73,73,2.5183e-08,0,-7.5989,0.0,5.036648e-08,5314,5314-6352 & 27916-29903,1871605
36094,61006,140807,8,22,22,1.537693e-06,0,-5.8131,0.0,3.075384e-06,4890,4890-6556 & 29646-29903,140807
268079,363312,425792,8,64,64,7.52e-10,0,-9.1238,0.0,1.503883e-09,5812,5812-6400 & 29510-29903,425792
871545,1042557,1242085,8,73,73,2.8e-10,0,-9.5531,0.0,5.596276e-10,5386,5386-7122 & 29403-29903,1242085
336020,1097163,1105581,7,68,68,4.031e-09,0,-8.3946,0.0,8.061146e-09,5386,5386-7122 & 29633-29903,1105581
485769,774162,915945,5,29,29,2.1562882e-05,0,-4.6663,4e-05,4.31253e-05,5184,5184-6614 & 29254-29903,915945
310722,415402,492136,6,22,22,1.8580458e-05,0,-4.7309,4e-05,3.716057e-05,5584,5584-7122 & 27875-29903,492136
363221,365300,412626,6,25,25,9.507242e-06,0,-5.0219,2e-05,1.901439e-05,5584,5584-7122 & 28292-29903,412626
1069685,982087,1132034,16,79,79,0.0,0,-16.5114,0.0,6.160798000000001e-17,5584,5584-8391 & 29403-29903,1132034
1274364,1246999,1308780,8,41,41,1.9957e-08,0,-7.6999,0.0,3.991326e-08,5386,5386-8391 & 29511-29903,1308780
1295012,1329555,1431253,6,10,10,0.000874125981,0,-3.0584,0.00175,0.001747488,5386,5386-11405 & 29633-29903,1431253
1872434,1855097,1876644,4,7,7,0.015151516534,0,-1.8195,0.03007,0.03007346,2334,2334-10321 & 27795-29903,1876644
36564,87053,90053,6,38,38,9.91635e-07,0,-6.0036,0.0,1.983269e-06,6528,6528-7290 & 28978-29903,90053
1538609,1495494,1621645,4,27,27,0.00015890674,0,-3.7989,0.00032,0.0003177882,5365,5365-9864 & 28403-29903,1621645
1635801,1694622,1706095,4,18,18,0.000683527091,0,-3.1652,0.00137,0.001366587,4906,4906-10114 & 28682-29903,1706095
1625449,1670405,1685198,5,28,28,2.5280619e-05,0,-4.5972,5e-05,5.05606e-05,3800,3809-8138 & 28725-29903,1685198
283901,347845,373965,6,25,25,9.507242e-06,0,-5.0219,2e-05,1.901439e-05,6402,6402-8984 & 29051-29903,373965
373451,387507,445255,5,26,26,3.5312609e-05,0,-4.4521,7e-05,7.062397e-05,6402,6402-7849 & 28707-29903,445255
1845920,1855161,1871976,9,71,71,4.3e-11,0,-10.3653,0.0,8.624398e-11,6541,6541-8291 & 28959-29903,1871976
544564,411095,739917,6,11,11,0.000565610942,0,-3.2475,0.00113,0.001130902,4081,4081-11448 & 29770-29903,739917
505378,598582,716613,5,14,14,0.000515995955,0,-3.2874,0.00103,0.001031726,5991,5991-8705 & 27742-29903,716613
728563,405423,758027,4,6,6,0.023809526116,0,-1.6232,0.04705,0.04705216,6310,6310-8324 & 17041-29903,758027
1702114,1694595,1706445,9,38,38,7.339e-09,0,-8.1344,0.0,1.46773e-08,5183,5183-9347 & 28682-29903,1706445
1313143,1432669,1456159,4,8,8,0.010101011023,0,-1.9956,0.0201,0.02009999,4111,4111-9808 & 28473-29903,1456159
1615995,1638006,1657704,5,10,10,0.001998002175,0,-2.6994,0.00399,0.003992012,6968,6968-15619 & 28682-29903,1657704
1201874,1094571,1350909,6,44,44,4.40509e-07,0,-6.356,0.0,8.810185e-07,5386,5386-8914 & 29511-29903,1350909
1274364,1104471,1295012,6,39,39,8.59417e-07,0,-6.0658,0.0,1.718833e-06,5386,5386-9342 & 29511-29903,1295012
1076559,965896,1218637,9,37,37,9.077e-09,0,-8.0421,0.0,1.81535e-08,5924,5924-9342 & 29421-29903,1218637
726976,748013,1048697,6,18,18,5.2007497e-05,0,-4.2839,0.0001,0.0001040123,7452,7452-11454 & 29180-29903,1048697
37964,36971,41914,4,16,16,0.001031991909,0,-2.9863,0.00206,0.002062919,4291,4291-9800 & 28170-29903,41914
1831743,1834599,1855485,5,24,24,5.0524199e-05,0,-4.2965,0.0001,0.0001010458,7564,7564-9691 & 29626-29903,1855485
391164,441636,547488,5,5,5,0.023809526116,0,-1.6232,0.04705,0.04705216,5887,3644-10028 & 18116-27653,547488
283901,354392,455856,9,20,20,9.98502e-07,0,-6.0007,0.0,1.997003e-06,7124,7124-9051 & 27875-29903,455856
305430,421503,560455,8,20,20,2.895656e-06,0,-5.5383,1e-05,5.791303e-06,7124,7124-9051 & 28327-29903,560455
151338,463373,571190,9,39,39,5.963e-09,0,-8.2246,0.0,1.19253e-08,7798,7798-9051 & 29743-29903,571190
297582,344431,528500,10,49,49,1.75e-10,0,-9.7568,0.0,3.501604e-10,7124,7124-10027 & 29403-29903,528500
1731256,1447599,1787791,35,6,6,8.006427e-06,0,-5.0966,2e-05,1.601279e-05,7,405-4570 & 4577-9202,1787791
1438798,1670121,1748208,6,27,27,6.320155e-06,0,-5.1993,1e-05,1.264027e-05,3040,3040-9864 & 29421-29903,1748208
1340791,1601887,1616563,5,22,22,7.4321826e-05,0,-4.1289,0.00015,0.0001486381,6979,6979-9864 & 28331-29903,1616563
1066244,1039997,1251239,9,37,37,9.077e-09,0,-8.0421,0.0,1.81535e-08,8390,8393-9422 & 27385-29903,1251239
1227431,1314256,1391384,11,36,36,6.89e-10,0,-9.1618,0.0,1.377954e-09,8390,8393-9422 & 27385-29903,1391384
1111459,1010501,1162778,7,39,38,5.90382e-06,0,-5.2289,1e-05,1.180761e-05,5386,5386-8500 & 29228-29903,1162778
970585,990865,1093814,7,38,38,1.76291e-07,0,-6.7538,0.0,3.525812e-07,8390,8393-9449 & 27385-29903,1093814
30783,30132,31804,5,19,19,0.000141163211,0,-3.8503,0.00028,0.0002823065,6541,6541-10941 & 29467-29903,31804
1101640,1533855,1565729,4,22,22,0.00033444821,0,-3.4757,0.00067,0.0006687846,4886,4886-9864 & 29312-29903,1565729
494753,483494,514006,6,20,20,3.0404384e-05,0,-4.5171,6e-05,6.080784e-05,7712,7712-9855 & 28300-29903,514006
1826496,1805404,1827030,7,10,10,0.000411353394,0,-3.3858,0.00082,0.0008225376,6026,6026-10967 & 27508-29903,1827030
1831743,1835355,1856285,6,22,22,1.8580458e-05,0,-4.7309,4e-05,3.716057e-05,8737,8737-12465 & 29626-29903,1856285
1507370,1500524,1511159,5,12,12,0.000969618734,0,-3.0134,0.00194,0.001938297,4993,4993-11672 & 28721-29903,1511159
1540750,1682446,1705711,8,31,31,1.46285e-07,0,-6.8348,0.0,2.9257e-07,5183,5183-12158 & 28331-29903,1705711
1572986,1751244,1782627,5,45,45,2.831845e-06,0,-5.5479,1e-05,5.663683e-06,6886,6886-10202 & 28682-29903,1782627
1728933,1778016,1783943,4,47,47,2.0008005e-05,0,-4.6988,4e-05,4.001561e-05,2954,2954-11748 & 28682-29903,1783943
1412919,1476858,1485232,4,14,14,0.00163398718,0,-2.7868,0.00327,0.003265304,3358,3358-12158 & 27385-29903,1485232
1375030,1407126,1415652,4,8,8,0.010101011023,0,-1.9956,0.0201,0.02009999,2832,2832-10505 & 27385-29903,1415652
1014511,1068804,1427466,11,34,34,1.182e-09,0,-8.9273,0.0,2.364394e-09,9531,9534-9998 & 27385-29903,1427466
1720585,1750023,1752088,7,42,41,3.923141e-06,0,-5.4064,1e-05,7.846266e-06,7564,7564-11748 & 28682-29903,1752088
1335547,1535147,1698302,4,20,20,0.000470544008,0,-3.3274,0.00094,0.0009408666,4485,4485-12158 & 29667-29903,1698302
1474589,1557110,1593848,6,30,29,0.000108327818,0,-3.9653,0.00022,0.0002166439,6976,6979-11520 & 28331-29903,1593848
887249,573113,1032506,25,11,11,4.3275e-08,0,-7.3638,0.0,8.65505e-08,3805,3971-5182 & 8987-9890,1032506
573323,928923,968340,16,27,27,6.4e-11,0,-10.1931,0.0,1.282138e-10,9274,9274-10027 & 29701-29903,968340
360698,344071,422661,11,23,23,4.1944e-08,0,-7.3773,0.0,8.388742e-08,9678,9678-10397 & 28917-29903,422661
1503294,1645729,1701501,5,16,16,0.000294854835,0,-3.5304,0.00059,0.0005896227,6691,6700-11023 & 28725-29903,1701501
1002765,1139588,1247224,13,75,75,0.0,0,-13.9333,0.0,2.332097e-14,9050,9053-10447 & 29687-29903,1247224
1041703,1133051,1301067,12,25,25,7.018e-09,0,-8.1538,0.0,1.403522e-08,9863,9866-10445 & 24504-29903,1301067
1013492,1227448,1462198,13,33,33,1.38e-10,0,-9.8615,0.0,2.751405e-10,9863,9866-10445 & 29511-29903,1462198
1603979,1662842,1701632,5,13,13,0.000700280245,0,-3.1547,0.0014,0.00140007,3549,3549-10505 & 28331-29903,1701632
145245,175279,179122,9,20,20,9.98502e-07,0,-6.0007,0.0,1.997003e-06,8083,8083-10872 & 28893-29903,179122
1783647,1782651,1808050,4,8,8,0.010101011023,0,-1.9956,0.0201,0.02009999,8763,8772-13816 & 28100-29903,1808050
1111289,1239337,1396639,14,33,33,4.4e-11,0,-10.3575,0.0,8.781079e-11,9863,9866-11535 & 27872-29903,1396639
1013175,1145409,1169967,13,76,76,0.0,0,-14.0019,0.0,1.991452e-14,9050,9053-11199 & 29542-29903,1169967
654147,508413,673127,7,11,11,0.000251382648,0,-3.5997,0.0005,0.0005027021,7007,4516-10868 & 23040-27405,673127
1536947,1474886,1542386,5,15,15,0.000386996981,0,-3.4123,0.00077,0.0007738442,9889,8991-11672 & 25811-29005,1542386
1530715,1529548,1709677,6,25,25,9.507242e-06,0,-5.0219,2e-05,1.901439e-05,10323,10323-12158 & 29360-29903,1709677
594071,634357,739656,9,10,10,0.00010825089,0,-3.9656,0.00022,0.0002164901,9802,9802-13103 & 26721-29903,739656
68520,79397,114056,12,35,35,2.49e-10,0,-9.6042,0.0,4.975945e-10,7728,7728-13174 & 29219-29903,114056
652750,595276,655653,7,12,11,0.002520441776,0,-2.5985,0.00503,0.005034531,9123,8728-11454 & 29045-29508,655653
293640,297999,475290,11,15,15,1.553165e-06,0,-5.8088,0.0,3.106328e-06,10029,10029-11330 & 27875-29903,475290
334650,435148,566375,13,18,18,6.7878e-08,0,-7.1683,0.0,1.357556e-07,10029,10029-11330 & 28529-29903,566375
1171751,1363612,1444447,15,36,36,5e-12,0,-11.2995,0.0,1.003552e-11,10444,10447-11672 & 27385-29903,1444447
1096732,1261550,1379624,15,34,34,1e-11,0,-10.9933,0.0,2.030998e-11,10444,10447-12878 & 28854-29903,1379624
1187589,1127464,1446971,15,32,32,2.1e-11,0,-10.6719,0.0,4.257492e-11,10444,10447-12878 & 28879-29903,1446971
1041192,1052199,1073548,13,33,33,1.38e-10,0,-9.8615,0.0,2.751405e-10,10444,10447-12878 & 29511-29903,1073548
1223320,1145317,1237768,15,35,35,7e-12,0,-11.1482,0.0,1.421698e-11,10444,10447-11672 & 29021-29903,1237768
232174,213411,277190,14,38,38,8e-12,0,-11.0716,0.0,1.695906e-11,9867,9867-14118 & 28976-29903,277190
360481,357485,411566,13,22,22,9.483e-09,0,-8.0231,0.0,1.896585e-08,11201,11201-11416 & 28917-29903,411566
3003,36086,49914,4,12,12,0.002747253049,0,-2.5611,0.00549,0.005486959,6286,6286-21253 & 28933-29903,49914
609108,542394,617504,4,18,18,0.000683527091,0,-3.1652,0.00137,0.001366587,10752,10752-12511 & 29688-29903,617504
342179,362929,374005,5,9,9,0.002997003496,0,-2.5233,0.00599,0.005985025,11115,11115-15574 & 29051-29903,374005
627375,360756,660847,5,14,13,0.007825938985,0,-2.1065,0.01559,0.01559063,10279,10279-12511 & 29510-29903,660847
1290583,1256310,1416322,16,36,36,2e-12,0,-11.785,0.0,3.280842e-12,10444,10447-12878 & 28016-29903,1416322
355912,720698,851713,7,7,7,0.002331002383,0,-2.6325,0.00466,0.004656571,8299,8299-14053 & 24781-29903,851713
1769340,1826858,1833118,5,12,12,0.000969618734,0,-3.0134,0.00194,0.001938297,6536,6536-16240 & 27916-29903,1833118
1880961,1877957,1883456,5,14,14,0.000515995955,0,-3.2874,0.00103,0.001031726,8972,0-895 & 9867-11726,1883456
1510915,1501106,1588680,6,6,6,0.007575758733,0,-2.1206,0.01509,0.01509413,6979,6979-16933 & 28331-29903,1588680
1850314,1854449,1863701,10,27,27,3.1579e-08,0,-7.5006,0.0,6.315849e-08,9693,9693-11756 & 29626-29903,1863701
1583292,1571892,1685059,6,8,8,0.002331002615,0,-2.6325,0.00466,0.004656572,7528,7528-16933 & 28372-29903,1685059
1594857,1656812,1675705,4,13,13,0.002100840677,0,-2.6776,0.0042,0.004197268,5031,5031-14255 & 28381-29903,1675705
1824355,1831586,1837055,9,19,19,1.447828e-06,0,-5.8393,0.0,2.895654e-06,10861,10861-11954 & 29387-29903,1837055
1823621,1829658,1829885,7,15,15,4.6908728e-05,0,-4.3287,9e-05,9.381526e-05,9693,9693-12437 & 27508-29903,1829885
1422000,1826910,1829094,4,41,41,3.3558179e-05,0,-4.4742,7e-05,6.711523e-05,10228,10228-12602 & 29172-29903,1829094
1527768,1539065,1560770,6,9,9,0.001398601686,0,-2.8543,0.0028,0.002795247,6979,6979-12069 & 28331-29903,1560770
1711735,1710590,1752129,14,32,32,6.3e-11,0,-10.2039,0.0,1.250638e-10,11741,11750-12442 & 28682-29903,1752129
1467463,1479198,1566143,5,20,20,0.000112930567,0,-3.9472,0.00023,0.0002258484,11665,11674-15007 & 28604-29903,1566143
1624851,1564414,1670800,5,9,9,0.002997003496,0,-2.5233,0.00599,0.005985025,8984,8984-15124 & 27514-29903,1670800
1537601,1697149,1701008,5,7,7,0.007575758267,0,-2.1206,0.01509,0.01509412,6979,6979-14881 & 28372-29903,1701008
1786392,1831245,1837855,7,19,19,1.2161754e-05,0,-4.915,2e-05,2.432336e-05,9693,9693-12787 & 29626-29903,1837855
1253088,1571715,1591342,5,15,15,0.000386996981,0,-3.4123,0.00077,0.0007738442,5183,5183-15449 & 25417-29903,1591342
1221659,1638245,1642345,6,18,18,5.2007497e-05,0,-4.2839,0.0001,0.0001040123,5183,5183-14169 & 25417-29903,1642345
1831742,1833241,1837694,10,17,17,1.303892e-06,0,-5.8848,0.0,2.607782e-06,8737,8737-12787 & 28298-29903,1837694
1812053,1828822,1830784,6,16,16,9.3817449e-05,0,-4.0277,0.00019,0.0001876261,11947,11956-12787 & 28917-29903,1830784
1832291,1826262,1834463,14,17,17,5.6565e-08,0,-7.2475,0.0,1.131296e-07,9693,9693-13625 & 29375-29903,1834463
1714715,1750770,1766388,9,30,30,4.7189e-08,0,-7.3262,0.0,9.437742e-08,12168,12444-15736 & 27916-29903,1766388
1839669,1830670,1849150,6,22,22,1.8580458e-05,0,-4.7309,4e-05,3.716057e-05,9693,9693-13625 & 28298-29903,1849150
1831262,1834476,1864431,8,32,32,1.17028e-07,0,-6.9317,0.0,2.34056e-07,9693,9693-13625 & 28658-29903,1864431
1781147,1858393,1877958,14,61,61,0.0,0,-13.5726,0.0,5.350852e-14,11738,11747-12813 & 27916-29903,1877958
689226,637846,897554,4,9,9,0.006993007846,0,-2.1553,0.01394,0.01393711,8379,8379-17234 & 26108-29903,897554
1859233,1876436,1885118,18,66,66,0.0,0,-16.6994,0.0,3.995903e-17,11718,11727-13337 & 29626-29903,1885118
1026053,1359227,1413955,19,31,31,1e-12,0,-12.1819,0.0,1.315533e-12,11520,11537-13193 & 27385-29903,1413955
1504562,1491947,1535156,5,15,15,0.000386996981,0,-3.4123,0.00077,0.0007738442,6970,6979-13719 & 28725-29903,1535156
1441620,1615578,1660891,8,19,19,4.053918e-06,0,-5.3921,1e-05,8.10782e-06,12772,12781-14591 & 29615-29903,1660891
1251698,1064285,1253523,16,32,32,8e-12,0,-11.1227,0.0,1.507862e-11,12863,12880-15238 & 28706-29903,1253523
1254835,1309054,1330097,18,32,32,1e-12,0,-11.9778,0.0,2.104852e-12,12863,12880-13858 & 27385-29903,1330097
1586032,1548159,1616510,7,11,11,0.000251382648,0,-3.5997,0.0005,0.0005027021,9026,0-1374 & 10400-13341,1616510
1661855,1546627,1663129,9,9,9,0.000205676712,0,-3.6868,0.00041,0.0004113111,10399,10399-16374 & 28372-29903,1663129
304268,449122,497334,5,5,5,0.023809526116,0,-1.6232,0.04705,0.04705216,645,11483-15235 & 15880-29903,497334
1565581,1573054,1590455,5,7,7,0.007575758267,0,-2.1206,0.01509,0.01509412,10416,12747-17290 & 27721-29903,1590455
1403,1067,1894,6,6,6,0.007575758733,0,-2.1206,0.01509,0.01509413,9792,8782-14406 & 24198-28143,1894
1829631,1833841,1834754,7,9,9,0.000699300843,0,-3.1553,0.0014,0.001398113,9516,0-1346 & 10862-13832,1834754
289155,231517,303636,5,13,13,0.000700280245,0,-3.1547,0.0014,0.00140007,12153,12162-14051 & 28096-29903,303636
330988,356332,410524,4,9,9,0.006993007846,0,-2.1553,0.01394,0.01393711,7926,7926-16724 & 29594-29903,410524
375959,750426,815559,5,14,14,0.000515995955,0,-3.2874,0.00103,0.001031726,7926,7926-16724 & 29667-29903,815559
1690508,1711383,1742329,9,15,15,7.648162e-06,0,-5.1164,2e-05,1.529627e-05,11412,11750-16933 & 28372-29903,1742329
1672086,1630674,1699897,4,9,9,0.006993007846,0,-2.1553,0.01394,0.01393711,10885,12310-16614 & 27514-29903,1699897
162878,206599,288225,9,39,39,5.963e-09,0,-8.2246,0.0,1.19253e-08,12153,12162-14674 & 28976-29903,288225
1599859,1614871,1649496,6,6,6,0.007575758733,0,-2.1206,0.01509,0.01509413,7988,12769-14597 & 22600-29903,1649496
275832,598937,658701,4,8,8,0.010101011023,0,-1.9956,0.0201,0.02009999,8113,9803-19007 & 27132-29903,658701
1619093,1532962,1682178,5,16,16,0.000294854835,0,-3.5304,0.00059,0.0005896227,5690,10654-23533 & 29232-29903,1682178
1642796,1640465,1694390,5,20,20,0.000112930567,0,-3.9472,0.00023,0.0002258484,10278,10287-16933 & 28725-29903,1694390
1513351,1421540,1526808,7,19,19,1.2161754e-05,0,-4.915,2e-05,2.432336e-05,12142,12160-15007 & 27946-29903,1526808
1823286,1830670,1833066,9,17,17,3.200461e-06,0,-5.4948,1e-05,6.400913e-06,11410,14189-16876 & 28298-29903,1833066
1236620,1269538,1288119,5,6,6,0.012987014838,0,-1.8865,0.02581,0.02580537,10886,0-1344 & 12242-14804,1288119
959611,764718,963867,8,18,18,5.76083e-06,0,-5.2395,1e-05,1.152163e-05,13899,14014-15538 & 29450-29903,963867
1812053,1845107,1847492,12,19,19,9.212e-08,0,-7.0356,0.0,1.842397e-07,12544,13627-16876 & 29441-29903,1847492
1831680,1833293,1833588,12,16,16,4.27326e-07,0,-6.3692,0.0,8.546516e-07,12490,12789-16876 & 29387-29903,1833588
1812572,1839894,1846478,9,19,19,1.447828e-06,0,-5.8393,0.0,2.895654e-06,12490,12789-16876 & 29387-29903,1846478
1826414,1820818,1831189,13,18,18,6.7878e-08,0,-7.1683,0.0,1.357556e-07,12490,13627-16876 & 29387-29903,1831189
1475831,1475584,1500723,8,15,15,1.8355589e-05,0,-4.7362,4e-05,3.671084e-05,11741,11750-15007 & 27946-29903,1500723
1640966,1606462,1652170,5,9,9,0.002997003496,0,-2.5233,0.00599,0.005985025,5829,5829-17400 & 28331-29903,1652170
849457,495140,1120936,9,12,11,0.000615792989,0,-3.2106,0.00123,0.001231207,7305,13971-20232 & 27543-29903,1120936
1092891,1013355,1128205,6,6,6,0.007575758733,0,-2.1206,0.01509,0.01509413,6706,14117-22597 & 29312-29903,1128205
1491194,1410313,1507761,4,12,12,0.002747253049,0,-2.5611,0.00549,0.005486959,10633,11986-18058 & 28709-29903,1507761
575335,729323,746723,5,9,9,0.002997003496,0,-2.5233,0.00599,0.005985025,6799,8208-15197 & 21996-29903,746723
1054960,963496,1123059,16,28,28,4.1e-11,0,-10.3894,0.0,8.15906e-11,11646,12880-15712 & 27385-29903,1123059
1074206,932307,1133210,18,28,28,7e-12,0,-11.1713,0.0,1.348018e-11,12207,13195-15712 & 27946-29903,1133210
1057495,1160372,1300637,18,27,27,1.1e-11,0,-10.9557,0.0,2.214602e-11,11646,13195-15712 & 27385-29903,1300637
1073685,1063023,1190390,29,16,16,4.6e-11,0,-10.3335,0.0,9.27893e-11,10076,670-2788 & 12881-15239,1190390
1101994,1290362,1420832,18,30,30,3e-12,0,-11.5852,0.0,5.198476e-12,13178,13195-15712 & 29511-29903,1420832
874134,480474,933156,7,11,11,0.000251382648,0,-3.5997,0.0005,0.0005027021,10969,10969-15910 & 28200-29903,933156
1714654,1711075,1733440,11,40,40,2.52e-10,0,-9.5987,0.0,5.039263e-10,13808,14257-15736 & 29571-29903,1733440
380524,447711,473026,18,23,23,9.4e-11,0,-10.0268,0.0,1.88014e-10,13133,0-882 & 14015-15450,473026
1831625,1871289,1882541,20,63,63,0.0,0,-17.5905,0.0,5.134596e-18,13330,13339-15736 & 29626-29903,1882541
1602641,1569896,1710519,5,12,12,0.000969618734,0,-3.0134,0.00194,0.001938297,11734,12310-16614 & 28372-29903,1710519
329826,625472,914410,4,8,8,0.010101011023,0,-1.9956,0.0201,0.02009999,7121,7121-17038 & 27527-29903,914410
1212512,1162904,1246922,16,28,28,4.1e-11,0,-10.3894,0.0,8.15906e-11,10616,13195-16742 & 27385-29903,1246922
1158988,1238757,1244358,17,26,26,4.3e-11,0,-10.3692,0.0,8.547586e-11,11567,13195-17408 & 29011-29903,1244358
1530397,1673437,1740122,6,32,32,2.535607e-06,0,-5.5959,1e-05,5.071207e-06,12151,12160-15937 & 28682-29903,1740122
1781409,1834555,1836320,8,11,11,0.000119075994,0,-3.9242,0.00024,0.0002381378,7955,12467-19093 & 27060-29903,1836320
317104,189897,360588,4,6,6,0.023809526116,0,-1.6232,0.04705,0.04705216,7768,7768-18742 & 28087-29903,360588
397268,274294,407879,5,5,5,0.023809526116,0,-1.6232,0.04705,0.04705216,3079,16049-21844 & 24929-29903,407879
323379,541781,588359,5,5,5,0.023809526116,0,-1.6232,0.04705,0.04705216,6414,10317-18393 & 24813-29903,588359
1848286,1823559,1876790,4,6,6,0.023809526116,0,-1.6232,0.04705,0.04705216,3577,13627-21996 & 25573-29903,1876790
390348,478938,547381,16,20,20,2.326e-09,0,-8.6333,0.0,4.652517e-09,10049,0-2971 & 13020-16220,547381
1566076,1547375,1584329,4,10,10,0.004995005671,0,-2.3015,0.00997,0.009965061,12301,12310-16614 & 29584-29903,1584329
1688769,1796067,1804167,12,41,41,4.9e-11,0,-10.3122,0.0,9.745746e-11,12668,15939-16933 & 29628-29903,1804167
1660222,1666466,1689733,8,10,10,0.000205676697,0,-3.6868,0.00041,0.0004113111,11369,15002-17748 & 29141-29903,1689733
1113912,1231551,1288320,6,7,7,0.004079254344,0,-2.3894,0.00814,0.008141868,13334,0-895 & 14941-16542,1288320
1816590,1832753,1848091,6,15,15,0.000128999003,0,-3.8894,0.00026,0.0002579814,11303,11312-18173 & 29626-29903,1848091
1692287,1685759,1705050,5,10,10,0.001998002175,0,-2.6994,0.00399,0.003992012,10923,15957-16952 & 27893-29903,1705050
1537468,1530580,1657582,4,8,8,0.010101011023,0,-1.9956,0.0201,0.02009999,10162,12325-17337 & 27514-29903,1657582
1520396,1523574,1528971,7,6,6,0.004662005231,0,-2.3314,0.0093,0.009302276,6918,196-2507 & 9425-16615,1528971
1414795,1530868,1551695,6,16,16,9.3817449e-05,0,-4.0277,0.00019,0.0001876261,6743,12792-22915 & 29667-29903,1551695
1561564,1525199,1626676,7,25,25,2.37681e-06,0,-5.624,0.0,4.753615e-06,12151,12160-16724 & 29755-29903,1626676
371238,679575,853352,4,7,7,0.015151516534,0,-1.8195,0.03007,0.03007346,8233,0-2200 & 10433-16661,853352
1891255,1856865,1891563,5,16,16,0.000294854835,0,-3.5304,0.00059,0.0005896227,1986,11300-21608 & 23615-29903,1891563
1492445,1502591,1522963,5,6,6,0.012987014838,0,-1.8865,0.02581,0.02580537,6970,6979-18301 & 28331-29903,1522963
1838100,1836952,1844729,18,17,16,1.35094e-07,0,-6.8694,0.0,2.701888e-07,11287,393-2332 & 13628-16877,1844729
1849705,1862502,1864584,27,59,59,0.0,0,-20.7581,0.0,3.490544e-21,11072,16342-17857 & 28959-29903,1864584
1816590,1831491,1836985,13,17,17,1.16901e-07,0,-6.9322,0.0,2.338013e-07,10876,14856-18490 & 29387-29903,1836985
1537121,1570584,1588420,8,9,9,0.000370218098,0,-3.4315,0.00074,0.0007402991,5844,12068-22790 & 28643-29903,1588420
1529009,1527941,1542517,5,7,7,0.007575758267,0,-2.1206,0.01509,0.01509412,6500,11750-22324 & 28833-29903,1542517
1856937,1825887,1870307,8,8,7,0.009401709773,0,-2.0268,0.01872,0.01871503,2908,14835-20008 & 22928-27740,1870307
1728458,1719442,1741937,12,34,34,3.34e-10,0,-9.4761,0.0,6.681983e-10,7600,16935-21055 & 28682-29903,1741937
400402,464507,543990,8,8,8,0.000699300785,0,-3.1553,0.0014,0.001398113,7978,7978-19522 & 28726-29903,543990
417335,497400,557241,5,8,8,0.004662005231,0,-2.3314,0.0093,0.009302276,11441,15596-17914 & 29368-29903,557241
528913,488588,533749,5,11,11,0.001373626525,0,-2.8621,0.00275,0.002745366,6743,14395-22478 & 29228-29903,533749
20058,131,25956,6,7,7,0.004079254344,0,-2.3894,0.00814,0.008141868,12657,0-1340 & 14409-17246,25956
1512443,1486748,1649029,4,9,9,0.006993007846,0,-2.1553,0.01394,0.01393711,8417,11962-20592 & 29033-29903,1649029
1595240,1606931,1624497,7,8,8,0.001243201434,0,-2.9055,0.00248,0.002484857,6576,14184-21787 & 28372-29903,1624497
1549480,1503402,1658807,4,19,19,0.000564652844,0,-3.2482,0.00113,0.001128987,6929,15960-21787 & 28725-29903,1658807
1576463,1549833,1590895,4,8,8,0.010101011023,0,-1.9956,0.0201,0.02009999,8727,9922-18955 & 27697-29903,1590895
1597142,1593612,1608426,9,5,5,0.004995005205,0,-2.3015,0.00997,0.00996506,827,1627-4904 & 5731-17401,1608426
1174296,1070059,1254575,6,6,6,0.007575758733,0,-2.1206,0.01509,0.01509413,1179,6726-21006 & 22203-29903,1254575
749585,595076,774237,18,28,27,2.88e-10,0,-9.5411,0.0,5.75391e-10,12481,0-3138 & 16727-17409,774237
1522767,1479759,1557568,8,20,20,2.895656e-06,0,-5.5383,1e-05,5.791303e-06,6606,16616-21719 & 28331-29903,1557568
1856641,1862791,1879198,5,6,6,0.012987014838,0,-1.8865,0.02581,0.02580537,4577,14692-22309 & 26886-29903,1879198
1724585,1738949,1753496,4,7,7,0.015151516534,0,-1.8195,0.03007,0.03007346,9819,0-1383 & 11202-17675,1753496
1527853,1697760,1701187,7,8,7,0.01538461633,0,-1.8129,0.03053,0.03053255,5046,12310-21993 & 27039-28867,1701187
1537275,1523158,1559471,6,9,9,0.001398601686,0,-2.8543,0.0028,0.002795247,8265,10183-21230 & 29519-29903,1559471
1514064,1539622,1548927,5,6,6,0.012987014838,0,-1.8865,0.02581,0.02580537,9559,11671-18757 & 28331-29903,1548927
1554584,1620020,1657401,7,16,16,3.2632157e-05,0,-4.4864,7e-05,6.526325e-05,11482,14396-18161 & 29667-29903,1657401
304048,412148,436123,5,9,9,0.002997003496,0,-2.5233,0.00599,0.005985025,11414,0-5627 & 17041-18114,436123
1826100,1820818,1832044,6,11,11,0.000565610942,0,-3.2475,0.00113,0.001130902,5107,13627-21449 & 26568-29903,1832044
547211,533097,769290,7,9,9,0.000699300843,0,-3.1553,0.0014,0.001398113,7609,0-6406 & 14015-18500,769290
1564161,1594210,1664114,6,8,8,0.002331002615,0,-2.6325,0.00466,0.004656572,7914,16616-20402 & 28331-29903,1664114
390493,366508,488207,8,10,10,0.000205676697,0,-3.6868,0.00041,0.0004113111,6150,17236-21844 & 28000-29903,488207
323246,483494,633729,5,9,9,0.002997003496,0,-2.5233,0.00599,0.005985025,9545,17040-18742 & 28300-29903,633729
1815454,1846852,1878601,14,16,16,1.03148e-07,0,-6.9865,0.0,2.062952e-07,11180,0-3573 & 16879-18702,1878601
1280248,1328452,1340913,5,6,6,0.012987014838,0,-1.8865,0.02581,0.02580537,8708,0-1966 & 10677-18815,1340913
339353,356853,358773,5,10,9,0.023643024266,0,-1.6263,0.04673,0.04672706,6179,0-2256 & 15599-18904,358773
1529415,1514859,1589275,9,19,19,1.447828e-06,0,-5.8393,0.0,2.895654e-06,7709,17402-21075 & 28808-29903,1589275
279018,376473,410803,8,14,14,2.8145234e-05,0,-4.5506,6e-05,5.628968e-05,10731,0-1265 & 13020-19159,410803
387116,384493,415019,8,21,20,5.242135e-05,0,-4.2805,0.0001,0.00010484,9140,0-3880 & 13020-19219,415019
731694,645905,763622,14,27,27,4.26e-10,0,-9.3709,0.0,8.513018e-10,10671,0-2244 & 14221-19219,763622
381475,568973,705144,13,17,17,1.16901e-07,0,-6.9322,0.0,2.338013e-07,9206,0-3814 & 13020-19219,705144
430267,432769,488368,9,23,23,3.56522e-07,0,-6.4479,0.0,7.13043e-07,10671,0-1265 & 17497-19219,488368
1726669,1762644,1796621,17,33,33,2e-12,0,-11.738,0.0,3.655796e-12,7887,17859-21808 & 29707-29903,1796621
1827932,1828605,1840333,26,38,38,0.0,0,-16.3479,0.0,8.976696000000001e-17,9642,18583-19884 & 29547-29903,1840333
1762555,1782258,1798617,6,10,10,0.000874125981,0,-3.0584,0.00175,0.001747488,10371,0-5219 & 16742-19511,1798617
1535857,1605432,1609023,8,8,8,0.000699300785,0,-3.1553,0.0014,0.001398113,3776,17285-24618 & 28403-29903,1609023
336579,303336,540054,4,6,6,0.023809526116,0,-1.6232,0.04705,0.04705216,5437,5437-22312 & 28709-29903,540054
7422,72950,128944,4,10,10,0.004995005671,0,-2.3015,0.00997,0.009965061,5129,19017-23754 & 28883-29903,128944
1415798,1495573,1500071,5,19,19,0.000141163211,0,-3.8503,0.00028,0.0002823065,6868,17822-22790 & 29667-29903,1500071
932307,1040934,1175823,25,20,19,3.47e-10,0,-9.4593,0.0,6.946657e-10,11379,2832-4319 & 15715-19954,1175823
1193875,1184439,1299794,6,11,11,0.000565610942,0,-3.2475,0.00113,0.001130902,491,17856-22195 & 22687-29903,1299794
1081856,1239228,1426105,23,23,23,3e-12,0,-11.5354,0.0,5.829892e-12,8410,17410-20053 & 28499-29903,1426105
1133493,1155793,1178294,25,28,28,0.0,0,-13.5412,0.0,5.752625e-14,8338,17410-20053 & 28427-29903,1178294
1554530,1540240,1569226,10,22,22,1.7051e-07,0,-6.7682,0.0,3.410206e-07,7933,15597-21719 & 29667-29903,1569226
36092,78052,86926,17,25,24,2.741e-09,0,-8.5621,0.0,5.481779e-09,7715,16176-21253 & 28978-29903,86926
1561445,1613196,1702508,10,29,29,1.7303e-08,0,-7.7619,0.0,3.460505e-08,6578,12444-21999 & 28586-29903,1702508
1851151,1833588,1870680,10,16,16,2.070887e-06,0,-5.6838,0.0,4.14177e-06,7319,1397-5718 & 13046-20242,1870680
1765159,1764456,1772901,4,9,9,0.006993007846,0,-2.1553,0.01394,0.01393711,8548,0-4010 & 12567-20315,1772901
1665429,1743091,1750864,20,31,31,0.0,0,-12.5673,0.0,5.4169e-13,6862,19326-21808 & 28682-29903,1750864
1603152,1570092,1629130,7,9,9,0.000699300843,0,-3.1553,0.0014,0.001398113,5483,16616-22880 & 28372-29903,1629130
361730,709164,804898,11,21,20,2.65066e-06,0,-5.5766,1e-05,5.301313e-06,9458,0-2507 & 18751-20432,804898
657183,563860,905911,10,12,12,1.7010856e-05,0,-4.7693,3e-05,3.402142e-05,7894,16726-21844 & 29751-29903,905911
1875100,1876742,1880465,4,15,15,0.001289989916,0,-2.8894,0.00258,0.002578316,20,17122-21608 & 21628-29903,1880465
27071,34752,36153,6,14,14,0.000180598596,0,-3.7433,0.00036,0.0003611646,8134,15324-21253 & 29387-29903,36153
1673437,1740190,1751642,17,19,19,2.094e-09,0,-8.6791,0.0,4.187266e-09,2400,19326-21808 & 24211-29903,1751642
1554616,1527853,1641250,4,8,8,0.010101011023,0,-1.9956,0.0201,0.02009999,6019,12030-22344 & 28372-29903,1641250
1517639,871725,1556223,5,12,12,0.000969618734,0,-3.0134,0.00194,0.001938297,2189,16935-26527 & 28725-29903,1556223
1491456,1510668,1538349,6,16,16,9.3817449e-05,0,-4.0277,0.00019,0.0001876261,7356,13712-22302 & 29667-29903,1538349
1705274,1661806,1712935,12,15,15,7.4782e-07,0,-6.1262,0.0,1.49564e-06,8823,0-1625 & 16617-21056,1712935
1485600,1528875,1558242,13,14,14,6.97966e-07,0,-6.1562,0.0,1.395931e-06,5587,18984-22303 & 27890-29903,1558242
1205368,1116623,1273727,6,5,5,0.015151516534,0,-1.8195,0.03007,0.03007346,7,15451-22195 & 22203-26110,1273727
1473881,1599184,1679227,5,8,8,0.004662005231,0,-2.3314,0.0093,0.009302276,8586,0-1929 & 18985-21293,1679227
1219562,1163121,1288109,4,7,7,0.015151516534,0,-1.8195,0.03007,0.03007346,883,17749-21302 & 22203-29903,1288109
1079988,1124508,1132622,7,8,7,0.01538461633,0,-1.8129,0.03053,0.03053255,8573,0-1183 & 18184-21303,1132622
1755555,1873770,1891345,28,47,46,0.0,0,-17.1812,0.0,1.3177290000000002e-17,6657,19326-21620 & 28298-29903,1891345
633996,680634,770359,6,8,8,0.002331002615,0,-2.6325,0.00466,0.004656572,8730,355-4718 & 17041-21515,770359
1442355,1337921,1616282,4,15,15,0.001289989916,0,-2.8894,0.00258,0.002578316,7133,11837-21568 & 28725-29903,1616282
1297532,1297947,1393392,5,5,5,0.023809526116,0,-1.6232,0.04705,0.04705216,224,16762-21967 & 22203-29903,1393392
1250435,1116826,1292884,27,30,30,0.0,0,-14.6999,0.0,3.991057e-15,5745,20178-21616 & 27385-29903,1292884
1179630,1092102,1288721,5,5,5,0.023809526116,0,-1.6232,0.04705,0.04705216,5124,11794-22597 & 27721-29903,1288721
1888753,1888942,1890738,4,14,14,0.00163398718,0,-2.7868,0.00327,0.003265304,18,14724-21610 & 21628-29903,1890738
1879633,1873277,1880087,5,14,14,0.000515995955,0,-3.2874,0.00103,0.001031726,18,20847-21610 & 21628-29903,1880087
1877932,1867859,1880734,11,14,14,2.692153e-06,0,-5.5699,1e-05,5.384299e-06,18,21141-21610 & 21628-29903,1880734
1881087,1867859,1882041,12,15,15,7.4782e-07,0,-6.1262,0.0,1.49564e-06,22,21141-21610 & 21633-29903,1882041
1879025,1882283,1884338,8,15,14,0.000360993232,0,-3.4425,0.00072,0.0007218561,18,15237-21610 & 21628-21951,1884338
1883147,1882255,1884643,9,14,14,1.2237058e-05,0,-4.9123,2e-05,2.447397e-05,18,18453-21610 & 21628-29903,1884643
1871949,1858915,1877057,9,15,15,7.648162e-06,0,-5.1164,2e-05,1.529627e-05,22,20178-21610 & 21633-29903,1877057
1875105,1858133,1875925,6,15,14,0.002229839563,0,-2.6517,0.00445,0.004454707,18,20500-21610 & 21628-29772,1875925
1866110,1858133,1873573,5,15,14,0.006191951223,0,-2.2082,0.01235,0.01234556,18,21219-21610 & 21628-24440,1873573
1865775,1858133,1874981,5,14,14,0.000515995955,0,-3.2874,0.00103,0.001031726,18,11075-21610 & 21628-29903,1874981
1861684,1859539,1869900,4,14,14,0.00163398718,0,-2.7868,0.00327,0.003265304,18,10771-21610 & 21628-29903,1869900
1876691,1875596,1879714,9,14,14,1.2237058e-05,0,-4.9123,2e-05,2.447397e-05,18,18756-21610 & 21628-27046,1879714
1878707,1877038,1880065,10,14,14,5.608652e-06,0,-5.2511,1e-05,1.121727e-05,18,20178-21610 & 21628-29903,1880065
1878018,1858920,1879726,5,14,14,0.000515995955,0,-3.2874,0.00103,0.001031726,18,16329-21610 & 21628-24733,1879726
1874972,1867859,1880004,9,15,14,0.00015908177,0,-3.7984,0.00032,0.0003181382,18,21141-21610 & 21628-29903,1880004
1883159,1880323,1884311,14,15,15,1.93402e-07,0,-6.7135,0.0,3.868036e-07,22,20640-21610 & 21633-27475,1884311
1873111,1867872,1881763,9,15,15,7.648162e-06,0,-5.1164,2e-05,1.529627e-05,22,14178-21610 & 21633-29903,1881763
1882114,1888559,1890397,10,15,14,7.3728283e-05,0,-4.1324,0.00015,0.0001474511,18,21480-21610 & 21628-22663,1890397
1876401,1861958,1880717,11,15,14,3.5722802e-05,0,-4.4471,7e-05,7.144433e-05,18,13720-21610 & 21628-22413,1880717
1867288,1879280,1880428,9,15,15,7.648162e-06,0,-5.1164,2e-05,1.529627e-05,22,19269-21610 & 21633-27370,1880428
1875229,1863733,1881295,6,14,14,0.000180598596,0,-3.7433,0.00036,0.0003611646,18,13193-21610 & 21628-29903,1881295
1883456,1858133,1885096,13,16,16,2.06295e-07,0,-6.6855,0.0,4.125905e-07,1140,11747-21610 & 22771-29903,1885096
1875595,1858390,1884854,4,14,14,0.00163398718,0,-2.7868,0.00327,0.003265304,18,14137-21610 & 21628-29903,1884854
1880046,1858133,1882636,7,14,14,6.8799462e-05,0,-4.1624,0.00014,0.0001375942,18,13721-21610 & 21628-29133,1882636
1857185,1858915,1860522,6,15,15,0.000128999003,0,-3.8894,0.00026,0.0002579814,22,12815-21610 & 21633-29903,1860522
1868087,1858915,1870902,5,14,14,0.000515995955,0,-3.2874,0.00103,0.001031726,18,14347-21610 & 21628-29903,1870902
1869009,1858133,1869280,4,16,16,0.001031991909,0,-2.9863,0.00206,0.002062919,1140,12928-21610 & 22771-29903,1869280
1855098,1858133,1858234,5,15,15,0.000386996981,0,-3.4123,0.00077,0.0007738442,22,18894-21610 & 21633-27809,1858234
1881828,1860492,1885293,4,14,14,0.00163398718,0,-2.7868,0.00327,0.003265304,18,19808-21610 & 21628-29903,1885293
1887783,1874018,1888026,7,14,14,6.8799462e-05,0,-4.1624,0.00014,0.0001375942,18,21123-21610 & 21628-29903,1888026
1881316,1877166,1887628,6,15,14,0.002229839563,0,-2.6517,0.00445,0.004454707,18,20629-21610 & 21628-22598,1887628
1883857,1864482,1885141,8,15,15,1.8355589e-05,0,-4.7362,4e-05,3.671084e-05,22,5869-21610 & 21633-29903,1885141
1880987,1858133,1888982,5,14,14,0.000515995955,0,-3.2874,0.00103,0.001031726,18,19806-21610 & 21628-29903,1888982
1874773,1888448,1889289,5,16,16,0.000294854835,0,-3.5304,0.00059,0.0005896227,1647,17104-21610 & 23278-25915,1889289
1888994,1880154,1889354,9,14,14,1.2237058e-05,0,-4.9123,2e-05,2.447397e-05,18,21142-21610 & 21628-29903,1889354
1886482,1867859,1888578,11,14,14,2.692153e-06,0,-5.5699,1e-05,5.384299e-06,18,21141-21610 & 21628-29903,1888578
1888494,1858133,1889453,7,14,14,6.8799462e-05,0,-4.1624,0.00014,0.0001375942,18,18756-21610 & 21628-27738,1889453
1876423,1858133,1889527,5,14,14,0.000515995955,0,-3.2874,0.00103,0.001031726,18,8305-21610 & 21628-29903,1889527
1885174,1883842,1886236,6,14,14,0.000180598596,0,-3.7433,0.00036,0.0003611646,18,18453-21610 & 21628-29903,1886236
1889539,1880154,1890319,8,13,13,4.4228229e-05,0,-4.3543,9e-05,8.84545e-05,17,21610-21611 & 21628-28376,1890319
314899,296597,354522,9,9,8,0.003167421324,0,-2.4993,0.00632,0.00632481,2699,17057-25612 & 28311-29903,354522
1090431,871726,1178986,22,22,22,1.1e-11,0,-10.9613,0.0,2.186209e-11,6588,20055-21760 & 28375-29903,1178986
1303249,1158945,1329297,14,16,16,1.03148e-07,0,-6.9865,0.0,2.062952e-07,6168,20055-21760 & 27946-29903,1329297
954419,1086165,1237406,24,20,20,1.4e-11,0,-10.8478,0.0,2.839232e-11,5606,20055-21760 & 27384-29509,1237406
1258383,1264164,1369139,27,24,24,0.0,0,-12.9138,0.0,2.439111e-13,5732,20055-21760 & 27510-29509,1369139
1206977,1274364,1358449,24,25,25,0.0,0,-12.4028,0.0,7.91073e-13,8250,0-2468 & 19956-21617,1358449
1067272,1316476,1414769,23,23,23,3e-12,0,-11.5354,0.0,5.829892e-12,6649,20055-21760 & 28436-29903,1414769
1874013,1870914,1876313,7,11,11,0.000251382648,0,-3.5997,0.0005,0.0005027021,195,0-21423 & 21618-21619,1876313
1066001,1093897,1101825,5,15,15,0.000386996981,0,-3.4123,0.00077,0.0007738442,164,20418-22036 & 22203-29903,1101825
1864255,1869744,1888974,7,13,13,0.0001031992,0,-3.9863,0.00021,0.0002063877,8249,0-8245 & 21622-21624,1888974
1856325,1860376,1884610,6,11,11,0.000565610942,0,-3.2475,0.00113,0.001130902,8249,0-8150 & 21622-21624,1884610
1132683,1099120,1171397,5,6,6,0.012987014838,0,-1.8865,0.02581,0.02580537,9,21595-22195 & 22205-29903,1171397
1507571,1510488,1540827,4,8,8,0.010101011023,0,-1.9956,0.0201,0.02009999,8243,0-3612 & 16701-21645,1540827
243808,241945,283854,11,15,15,1.553165e-06,0,-5.8088,0.0,3.106328e-06,8196,0-1586 & 21615-21706,283854
660997,463007,681814,5,6,6,0.012987014838,0,-1.8865,0.02581,0.02580537,8177,0-6611 & 17468-21713,681814
1820818,1831720,1834477,13,18,18,6.7878e-08,0,-7.1683,0.0,1.357556e-07,6171,18492-22478 & 28658-29903,1834477
1834088,1831111,1835228,20,13,13,3.6639e-08,0,-7.4361,0.0,7.327716e-08,6104,20544-22106 & 28210-29624,1835228
1749050,1763721,1766147,5,8,8,0.004662005231,0,-2.3314,0.0093,0.009302276,6765,20275-22597 & 29371-29903,1766147
1493597,1527728,1672735,7,18,18,1.6642398e-05,0,-4.7788,3e-05,3.328452e-05,7643,15684-22015 & 29667-29903,1672735
1419320,1522145,1550839,11,20,20,1.41723e-07,0,-6.8486,0.0,2.834457e-07,6743,16092-22915 & 29667-29903,1550839
1552437,1525045,1589707,5,19,19,0.000141163211,0,-3.8503,0.00028,0.0002823065,7233,15009-22425 & 29667-29903,1589707
1397581,1367248,1510202,4,6,6,0.023809526116,0,-1.6232,0.04705,0.04705216,3959,15009-22915 & 26874-29903,1510202
1463181,1473406,1522660,9,16,16,4.894824e-06,0,-5.3103,1e-05,9.789623e-06,5758,18788-22915 & 28682-29903,1522660
1376294,1416689,1428241,4,9,9,0.006993007846,0,-2.1553,0.01394,0.01393711,5955,15009-22915 & 28879-29903,1428241
1413175,1528242,1560119,6,16,16,9.3817449e-05,0,-4.0277,0.00019,0.0001876261,6743,17634-22915 & 29667-29903,1560119
1319942,1379477,1508253,5,7,7,0.007575758267,0,-2.1206,0.01509,0.01509412,8174,0-4891 & 14098-21720,1508253
976253,1034725,1124270,25,54,54,0.0,0,-18.9827,0.0,2.0812749999999998e-19,7737,21618-21896 & 29667-29903,1124270
1195904,1050087,1357484,21,25,25,3e-12,0,-11.4992,0.0,6.336839e-12,8115,0-2468 & 21596-21761,1357484
1658164,1689257,1698566,18,29,29,4e-12,0,-11.381,0.0,8.317561e-12,6659,20235-22014 & 28682-29903,1698566
1701519,1739087,1758224,25,26,26,0.0,0,-12.9794,0.0,2.097119e-13,6748,20741-22014 & 28771-29903,1758224
1497104,1596994,1631461,9,14,13,0.000243517483,0,-3.6135,0.00049,0.0004869757,6642,18555-23016 & 29667-29903,1631461
120557,108722,132996,19,27,27,5e-12,0,-11.3175,0.0,9.628703e-12,5916,21255-23061 & 28978-29903,132996
1471036,1461988,1521441,6,17,17,6.9343332e-05,0,-4.159,0.00014,0.0001386819,5768,13859-22905 & 28682-29903,1521441
1708094,1675918,1719442,14,30,30,1.3e-10,0,-9.8844,0.0,2.609699e-10,7550,19326-22107 & 29666-29903,1719442
1732037,1685723,1759556,22,25,25,2e-12,0,-11.8095,0.0,3.101006e-12,7558,18583-22014 & 29581-29903,1759556
1541254,1446727,1556477,6,8,8,0.002331002615,0,-2.6325,0.00466,0.004656572,6643,0-6105 & 12757-22916,1556477
1215708,1225489,1241565,4,7,7,0.015151516534,0,-1.8195,0.03007,0.03007346,7698,0-201 & 14185-22196,1241565
1469291,1480768,1585668,6,14,14,0.000180598596,0,-3.7433,0.00036,0.0003611646,6510,20604-22206 & 28725-29903,1585668
1499047,1509478,1533504,5,6,6,0.012987014838,0,-1.8865,0.02581,0.02580537,6023,11782-22308 & 28331-29903,1533504
1099845,1175134,1194579,5,7,7,0.007575758267,0,-2.1206,0.01509,0.01509412,6481,20730-22195 & 28686-29903,1194579
529860,440688,563041,8,23,23,1.140869e-06,0,-5.9428,0.0,2.281737e-06,8045,0-5182 & 19221-21845,563041
417425,454150,464981,7,9,9,0.000699300843,0,-3.1553,0.0014,0.001398113,5479,13501-22049 & 27528-29903,464981
410761,350866,414734,7,11,11,0.000251382648,0,-3.5997,0.0005,0.0005027021,7265,15237-21985 & 29263-29903,414734
750148,529955,790868,7,7,7,0.002331002383,0,-2.6325,0.00466,0.004656571,6647,21668-22225 & 28879-29903,790868
392479,402030,599710,6,6,6,0.007575758733,0,-2.1206,0.01509,0.01509413,6647,21668-22225 & 28879-29903,599710
1836448,1828725,1852912,5,7,7,0.007575758267,0,-2.1206,0.01509,0.01509412,7080,0-6539 & 13628-21997,1852912
1848594,1844712,1857458,5,5,5,0.023809526116,0,-1.6232,0.04705,0.04705216,3005,18066-22568 & 25573-29903,1857458
1334268,1311761,1453119,5,6,6,0.012987014838,0,-1.8865,0.02581,0.02580537,7895,0-8989 & 18745-21999,1453119
1399182,1612589,1668622,7,13,13,0.0001031992,0,-3.9863,0.00021,0.0002063877,3386,15451-22031 & 25417-29903,1668622
430342,688887,719277,4,7,7,0.015151516534,0,-1.8195,0.03007,0.03007346,7865,0-3302 & 16645-22025,719277
295610,642402,650727,3,8,8,0.024242425337,0,-1.6154,0.0479,0.04789716,7864,0-7849 & 17428-22026,650727
1144993,1039037,1166977,5,11,10,0.017399270087,0,-1.7595,0.0345,0.03449581,172,17064-17321 & 22203-29903,1166977
719418,455502,739416,8,6,6,0.002997003263,0,-2.5233,0.00599,0.005985024,7,21987-27570 & 27577-28902,739416
455378,491780,543340,2,14,14,0.025000002235,0,-1.6021,0.04938,0.049375,7864,0-2229 & 15655-22026,543340
1104410,1052377,1152112,6,8,8,0.002331002615,0,-2.6325,0.00466,0.004656572,217,21595-22597 & 22814-28775,1152112
1084379,1049375,1092024,7,5,5,0.010101011023,0,-1.9956,0.0201,0.02009999,5,20418-22030 & 22035-23663,1092024
1857546,1854614,1863039,8,10,10,0.000205676697,0,-3.6868,0.00041,0.0004113111,7862,0-4020 & 18466-22032,1863039
1091941,1101723,1104752,9,10,10,0.00010825089,0,-3.9656,0.00022,0.0002164901,104,22088-22096 & 22203-29903,1104752
1644749,1555757,1672486,7,10,10,0.000411353394,0,-3.3858,0.00082,0.0008225376,4639,20759-22908 & 27547-29903,1672486
1816408,1826809,1846224,10,15,15,3.365191e-06,0,-5.473,1e-05,6.730371e-06,7794,0-5718 & 21719-22100,1846224
568446,342131,647465,8,6,6,0.002997003263,0,-2.5233,0.00599,0.005985024,4752,2647-12799 & 17551-22102,647465
1493562,1510528,1530697,4,8,8,0.010101011023,0,-1.9956,0.0201,0.02009999,1913,18084-27036 & 28958-29903,1530697
1525119,1510528,1551057,7,9,9,0.000699300843,0,-3.1553,0.0014,0.001398113,5883,18084-22790 & 28682-29903,1551057
1834156,1827919,1844193,12,20,20,5.7575e-08,0,-7.2398,0.0,1.151498e-07,7774,0-830 & 21138-22120,1844193
1676346,1690345,1729101,24,28,28,0.0,0,-13.2319,0.0,1.172649e-13,6344,22033-22329 & 28682-29903,1729101
1723534,1717303,1728703,20,24,24,1.2e-11,0,-10.9235,0.0,2.384956e-11,6344,22033-22329 & 28682-29903,1728703
1275925,1284265,1319285,4,7,7,0.015151516534,0,-1.8195,0.03007,0.03007346,7698,0-4584 & 21306-22196,1319285
1319857,1131067,1323050,7,4,4,0.024242425337,0,-1.6154,0.0479,0.04789716,7,21595-22196 & 22203-29299,1323050
1233251,1245986,1296634,5,7,7,0.007575758267,0,-2.1206,0.01509,0.01509412,7698,0-1413 & 10199-22196,1296634
1086744,1283762,1296589,4,6,6,0.023809526116,0,-1.6232,0.04705,0.04705216,5543,0-12787 & 18330-22196,1296589
1280467,1096073,1292091,5,5,5,0.023809526116,0,-1.6232,0.04705,0.04705216,9,21595-22196 & 22205-29903,1292091
1172499,1210433,1302782,8,4,4,0.018181819469,0,-1.7404,0.03603,0.03603306,7,21595-22196 & 22203-28474,1302782
1231410,1241611,1302519,4,8,8,0.010101011023,0,-1.9956,0.0201,0.02009999,7698,0-2258 & 18085-22196,1302519
1290941,1210433,1302780,9,4,4,0.013986014761,0,-1.8543,0.02778,0.02777642,7,21595-22196 & 22203-28474,1302780
1021430,1276769,1306793,4,8,8,0.010101011023,0,-1.9956,0.0201,0.02009999,7698,0-5463 & 19489-22196,1306793
1126400,1292733,1306799,5,6,6,0.012987014838,0,-1.8865,0.02581,0.02580537,7698,0-2483 & 11535-22196,1306799
1297115,1250517,1306874,10,5,5,0.00366300391,0,-2.4362,0.00731,0.00731259,9,21639-22196 & 22205-27383,1306874
1292733,1069455,1306988,8,5,5,0.006993007381,0,-2.1553,0.01394,0.01393711,9,19999-22196 & 22205-29166,1306988
1231410,1394383,1418614,4,8,8,0.010101011023,0,-1.9956,0.0201,0.02009999,7698,0-3181 & 21589-22196,1418614
1032931,1419488,1422927,4,6,6,0.023809526116,0,-1.6232,0.04705,0.04705216,7698,0-3424 & 12787-22196,1422927
1231410,1256100,1443769,4,9,9,0.006993007846,0,-2.1553,0.01394,0.01393711,7698,0-4204 & 21306-22196,1443769
1091209,1413888,1446711,4,6,6,0.023809526116,0,-1.6232,0.04705,0.04705216,4451,0-4891 & 9345-22196,1446711
1059570,1225214,1287910,4,7,7,0.015151516534,0,-1.8195,0.03007,0.03007346,7698,0-1436 & 14941-22196,1287910
1022608,1379510,1436962,4,6,6,0.023809526116,0,-1.6232,0.04705,0.04705216,7698,0-7040 & 18886-22196,1436962
1319952,1068680,1404812,5,5,5,0.023809526116,0,-1.6232,0.04705,0.04705216,9,17019-22196 & 22205-29903,1404812
1046630,1268983,1283721,7,8,8,0.001243201434,0,-2.9055,0.00248,0.002484857,7698,0-3239 & 19867-22196,1283721
1231547,1265135,1283712,5,10,10,0.001998002175,0,-2.6994,0.00399,0.003992012,7698,0-775 & 20630-22196,1283712
1231410,1234981,1276732,4,7,7,0.015151516534,0,-1.8195,0.03007,0.03007346,7698,0-6724 & 17281-22196,1276732
1069008,1357218,1412008,4,8,8,0.010101011023,0,-1.9956,0.0201,0.02009999,7698,0-1390 & 21142-22196,1412008
1104071,1065583,1259930,6,7,7,0.004079254344,0,-2.3894,0.00814,0.008141868,618,19073-22196 & 22814-29699,1259930
1073915,1199002,1237075,5,9,9,0.002997003496,0,-2.5233,0.00599,0.005985025,7698,0-841 & 19945-22196,1237075
1086158,1150211,1233218,4,7,7,0.015151516534,0,-1.8195,0.03007,0.03007346,7698,0-3865 & 19555-22196,1233218
1190292,1064967,1265146,5,5,5,0.023809526116,0,-1.6232,0.04705,0.04705216,1743,13019-22196 & 23939-29903,1265146
1231410,1219979,1265102,4,8,8,0.010101011023,0,-1.9956,0.0201,0.02009999,7698,0-2225 & 17268-22196,1265102
1231410,1178223,1260176,4,6,6,0.023809526116,0,-1.6232,0.04705,0.04705216,7698,0-6724 & 15943-22196,1260176
1200477,1079877,1245760,5,5,5,0.023809526116,0,-1.6232,0.04705,0.04705216,9,12786-22196 & 22205-29903,1245760
1175156,1250649,1254667,5,6,6,0.012987014838,0,-1.8865,0.02581,0.02580537,7698,0-4283 & 20630-22196,1254667
1215708,1356868,1364157,4,7,7,0.015151516534,0,-1.8195,0.03007,0.03007346,7698,0-1621 & 20118-22196,1364157
1165408,1302469,1364246,5,10,10,0.001998002175,0,-2.6994,0.00399,0.003992012,7698,0-2781 & 21596-22196,1364246
1231410,1333732,1357217,4,7,7,0.015151516534,0,-1.8195,0.03007,0.03007346,4547,0-4584 & 9134-22196,1357217
1319465,1287152,1373820,9,7,7,0.000874125923,0,-3.0584,0.00175,0.001747488,4297,21595-22196 & 26493-27392,1373820
1196622,1210433,1302784,9,4,4,0.013986014761,0,-1.8543,0.02778,0.02777642,7,21595-22196 & 22203-28474,1302784
991159,1295674,1305036,4,6,6,0.023809526116,0,-1.6232,0.04705,0.04705216,5361,0-5006 & 10370-22196,1305036
1297121,1186862,1344305,5,7,7,0.007575758267,0,-2.1206,0.01509,0.01509412,6674,13273-22196 & 28879-29903,1344305
1276784,1294750,1309793,4,8,8,0.010101011023,0,-1.9956,0.0201,0.02009999,7698,0-2693 & 21596-22196,1309793
624621,990718,1061131,27,46,46,0.0,0,-18.4256,0.0,7.506229999999999e-19,6811,21762-22576 & 29403-29903,1061131
1200320,1262968,1309791,4,6,6,0.023809526116,0,-1.6232,0.04705,0.04705216,7698,0-4808 & 14108-22196,1309791
1086234,1052375,1097925,5,7,7,0.007575758267,0,-2.1206,0.01509,0.01509412,687,14107-22196 & 22883-29903,1097925
1086158,1073218,1125893,4,8,8,0.010101011023,0,-1.9956,0.0201,0.02009999,7698,0-2548 & 19555-22196,1125893
900210,1101089,1125891,4,6,6,0.023809526116,0,-1.6232,0.04705,0.04705216,7698,0-2468 & 18352-22196,1125891
1170066,1121207,1204439,4,6,6,0.023809526116,0,-1.6232,0.04705,0.04705216,687,20946-22196 & 22883-29903,1204439
1116822,1189864,1216129,4,8,8,0.010101011023,0,-1.9956,0.0201,0.02009999,7211,0-1875 & 9089-22196,1216129
1205664,1209184,1215374,5,9,9,0.002997003496,0,-2.5233,0.00599,0.005985025,7698,0-6988 & 19525-22196,1215374
1070239,1169967,1193652,5,14,14,0.000515995955,0,-3.2874,0.00103,0.001031726,7698,0-2468 & 14941-22196,1193652
1302018,1091304,1312702,5,5,5,0.023809526116,0,-1.6232,0.04705,0.04705216,9,18171-22196 & 22205-29903,1312702
1088702,1319234,1386220,4,7,7,0.015151516534,0,-1.8195,0.03007,0.03007346,6720,0-2195 & 8918-22196,1386220
1231410,1363731,1396656,4,9,9,0.006993007846,0,-2.1553,0.01394,0.01393711,7698,0-2156 & 21596-22196,1396656
1240704,1009288,1400001,4,6,6,0.023809526116,0,-1.6232,0.04705,0.04705216,617,8621-22196 & 22813-29903,1400001
1086158,1302208,1373836,4,8,8,0.010101011023,0,-1.9956,0.0201,0.02009999,7698,0-1866 & 12784-22196,1373836
1356867,1054946,1379291,6,5,5,0.015151516534,0,-1.8195,0.03007,0.03007346,9,21644-22196 & 22205-25784,1379291
1042787,1302333,1382790,4,6,6,0.023809526116,0,-1.6232,0.04705,0.04705216,3887,0-4037 & 7927-22196,1382790
1152067,1300387,1382942,5,8,8,0.004662005231,0,-2.3314,0.0093,0.009302276,7698,0-3937 & 19689-22196,1382942
1070172,1268983,1333471,4,7,7,0.015151516534,0,-1.8195,0.03007,0.03007346,7698,0-2468 & 19867-22196,1333471
1231410,1273690,1337052,4,9,9,0.006993007846,0,-2.1553,0.01394,0.01393711,7698,0-3249 & 13967-22196,1337052
1231410,1291939,1333059,4,8,8,0.010101011023,0,-1.9956,0.0201,0.02009999,7698,0-6614 & 16966-22196,1333059
1030941,1230616,1237915,5,6,6,0.012987014838,0,-1.8865,0.02581,0.02580537,7698,0-8346 & 21975-22196,1237915
1201358,1056882,1209176,6,9,9,0.001398601686,0,-2.8543,0.0028,0.002795247,9,21595-22196 & 22205-25711,1209176
1215708,1272757,1280365,5,6,6,0.012987014838,0,-1.8865,0.02581,0.02580537,6300,0-2888 & 9191-22196,1280365
1254438,1241457,1283655,4,7,7,0.015151516534,0,-1.8195,0.03007,0.03007346,7698,0-4397 & 21103-22196,1283655
1028200,1075053,1113927,4,9,9,0.006993007846,0,-2.1553,0.01394,0.01393711,6011,10135-22201 & 28212-29903,1113927
417501,503805,511511,9,22,22,4.9603e-07,0,-6.3045,0.0,9.920597e-07,7670,0-4179 & 19221-22226,511511
374684,850019,855733,6,13,13,0.000257998006,0,-3.5884,0.00052,0.0005159294,7583,0-2467 & 20533-22313,855733
1827009,1834691,1838999,19,21,21,1.52e-10,0,-9.8172,0.0,3.046867e-10,7578,0-1065 & 22102-22316,1838999
1726587,1677115,1730438,6,7,7,0.004079254344,0,-2.3894,0.00814,0.008141868,1537,22001-27808 & 29354-29903,1730438
1809241,1811074,1815660,11,15,14,3.5722802e-05,0,-4.4471,7e-05,7.144433e-05,7415,0-5150 & 18704-22479,1815660
1833829,1847328,1857842,11,21,21,9.3006e-08,0,-7.0315,0.0,1.860113e-07,7415,0-3872 & 22034-22479,1857842
1831704,1816590,1848677,13,15,15,3.7391e-07,0,-6.4272,0.0,7.478202e-07,7415,0-1971 & 18493-22479,1848677
1628320,1303535,1673437,10,13,13,9.614832e-06,0,-5.0171,2e-05,1.922957e-05,7318,0-403 & 22201-22576,1673437
907206,1050113,1251516,28,51,51,0.0,0,-19.8145,0.0,3.066029e-20,6790,21762-22597 & 29403-29903,1251516
1888645,1883596,1888703,6,14,14,0.000180598596,0,-3.7433,0.00036,0.0003611646,18,13273-21610 & 21628-22591,1888703
1032992,1055346,1101849,4,6,6,0.023809526116,0,-1.6232,0.04705,0.04705216,116,19999-22671 & 22787-29903,1101849
1532962,1703004,1715773,10,12,12,1.7010856e-05,0,-4.7693,3e-05,3.402142e-05,7296,0-1424 & 16936-22598,1715773
1681810,1609287,1716623,10,11,11,3.118657e-05,0,-4.506,6e-05,6.237217e-05,7296,0-1929 & 16936-22598,1716623
1695145,1696361,1718848,12,13,13,2.499856e-06,0,-5.6021,0.0,4.999707e-06,7296,0-1929 & 17040-22598,1718848
871726,937969,1095085,17,30,30,7e-12,0,-11.1827,0.0,1.313299e-11,7296,0-2468 & 22203-22598,1095085
1485600,1480768,1621555,7,12,12,0.000158767987,0,-3.7992,0.00032,0.0003175108,5183,21077-23533 & 28725-29903,1621555
1532152,1612482,1639120,6,9,9,0.001398601686,0,-2.8543,0.0028,0.002795247,3714,16616-23800 & 27514-29903,1639120
1585778,1705222,1707413,7,13,13,0.0001031992,0,-3.9863,0.00021,0.0002063877,7296,0-818 & 16390-22598,1707413
1577937,1537337,1669034,6,16,16,9.3817449e-05,0,-4.0277,0.00019,0.0001876261,5198,14599-23533 & 28740-29903,1669034
1621105,1604771,1670820,4,18,18,0.000683527091,0,-3.1652,0.00137,0.001366587,6125,16323-23533 & 29667-29903,1670820
1890523,1892380,1892436,4,6,6,0.023809526116,0,-1.6232,0.04705,0.04705216,7296,0-6443 & 22112-22598,1892436
1713874,1537965,1732755,7,9,9,0.000699300843,0,-3.1553,0.0014,0.001398113,7296,0-1625 & 16936-22598,1732755
970408,1055346,1078052,6,5,5,0.015151516534,0,-1.8195,0.03007,0.03007346,101,21742-22686 & 22787-23663,1078052
1052227,1055346,1062771,5,5,5,0.023809526116,0,-1.6232,0.04705,0.04705216,101,20418-22686 & 22787-29903,1062771
1075732,1078051,1190644,4,7,7,0.015151516534,0,-1.8195,0.03007,0.03007346,1096,21742-22686 & 23782-29903,1190644
984103,924217,988511,5,8,8,0.004662005231,0,-2.3314,0.0093,0.009302276,3602,0-18583 & 22203-22672,988511
1387433,1190823,1477049,6,5,5,0.015151516534,0,-1.8195,0.03007,0.03007346,101,22599-22686 & 22787-25915,1477049
468985,427525,495726,5,9,9,0.002997003496,0,-2.5233,0.00599,0.005985025,7184,0-5390 & 17722-22712,495726
1329475,1229221,1339348,19,35,35,0.0,0,-12.963,0.0,2.178058e-13,7120,0-2788 & 22674-22774,1339348
342536,353323,476037,5,6,6,0.012987014838,0,-1.8865,0.02581,0.02580537,3336,11562-25708 & 29051-29903,476037
1462008,1434678,1528413,5,7,7,0.007575758267,0,-2.1206,0.01509,0.01509412,7109,0-3600 & 21722-22785,1528413
1468864,1482711,1535596,7,15,14,0.000867811381,0,-3.0616,0.00173,0.00173487,4975,21789-22915 & 27890-29903,1535596
1522053,1490129,1541824,7,9,9,0.000699300843,0,-3.1553,0.0014,0.001398113,5549,17278-23321 & 28879-29903,1541824
1499111,1126944,1543949,4,6,6,0.023809526116,0,-1.6232,0.04705,0.04705216,5574,8618-22810 & 28393-29903,1543949
1509468,1490129,1612730,7,8,8,0.001243201434,0,-2.9055,0.00248,0.002484857,6285,18160-23321 & 29615-29903,1612730
1571924,1532465,1591747,5,8,8,0.004662005231,0,-2.3314,0.0093,0.009302276,5352,16935-23321 & 28682-29903,1591747
368178,189903,468495,5,20,20,0.000112930567,0,-3.9472,0.00023,0.0002258484,7105,0-4179 & 19221-22791,468495
589907,716199,1032520,5,7,7,0.007575758267,0,-2.1206,0.01509,0.01509412,4157,18804-23591 & 27748-29903,1032520
1058249,1147313,1165539,5,5,5,0.023809526116,0,-1.6232,0.04705,0.04705216,4105,21901-22880 & 26985-29903,1165539
1054261,1107366,1171412,4,8,8,0.010101011023,0,-1.9956,0.0201,0.02009999,7082,0-4682 & 17575-22812,1171412
1234949,1302066,1333075,4,9,9,0.006993007846,0,-2.1553,0.01394,0.01393711,7082,0-2468 & 21797-22812,1333075
1003527,1013156,1031698,4,9,9,0.006993007846,0,-2.1553,0.01394,0.01393711,3698,6698-22880 & 26578-29903,1031698
991344,1031697,1034984,4,12,12,0.002747253049,0,-2.5611,0.00549,0.005486959,3830,12309-22880 & 26710-29903,1034984
1240775,1219153,1254317,5,10,10,0.001998002175,0,-2.6994,0.00399,0.003992012,7082,0-2468 & 21596-22812,1254317
1435295,1451337,1499601,7,7,7,0.002331002383,0,-2.6325,0.00466,0.004656571,5031,21721-22915 & 27946-29903,1499601
1622615,1515860,1629518,8,19,19,4.053918e-06,0,-5.3921,1e-05,8.10782e-06,5416,22786-22915 & 28331-29903,1629518
1527816,1717463,1727399,13,16,16,2.06295e-07,0,-6.6855,0.0,4.125905e-07,5776,22017-22940 & 28725-29903,1727399
1557448,1523262,1643831,6,7,7,0.004079254344,0,-2.3894,0.00814,0.008141868,7001,0-1929 & 13343-22893,1643831
1748063,1763934,1775461,9,11,11,5.9537997e-05,0,-4.2252,0.00012,0.0001190724,5733,18457-22940 & 28682-29903,1775461
1446204,1447922,1483963,5,16,16,0.000294854835,0,-3.5304,0.00059,0.0005896227,6743,22792-22915 & 29667-29903,1483963
1477629,1467858,1523091,7,19,19,1.2161754e-05,0,-4.915,2e-05,2.432336e-05,5696,21721-23016 & 28721-29903,1523091
1358136,1422172,1482382,4,6,6,0.023809526116,0,-1.6232,0.04705,0.04705216,6978,0-8819 & 16294-22916,1482382
1337921,1358136,1489719,4,7,7,0.015151516534,0,-1.8195,0.03007,0.03007346,4773,21570-23016 & 27789-29903,1489719
1476965,1435295,1499606,7,9,9,0.000699300843,0,-3.1553,0.0014,0.001398113,6978,0-11573 & 21722-22916,1499606
1505492,1475502,1543421,8,8,8,0.000699300785,0,-3.1553,0.0014,0.001398113,4773,21721-23016 & 27789-29903,1543421
1530357,1570715,1700564,10,17,17,1.303892e-06,0,-5.8848,0.0,2.607782e-06,4930,21789-23016 & 27946-29903,1700564
1518395,1510742,1554790,10,17,17,1.303892e-06,0,-5.8848,0.0,2.607782e-06,5315,22599-23016 & 28331-29903,1554790
1840682,1797200,1863208,7,12,12,0.000158767987,0,-3.7992,0.00032,0.0003175108,6967,0-3240 & 21138-22927,1863208
1859971,1862132,1867663,15,5,5,0.001031991909,0,-2.9863,0.00206,0.002062919,5,22926-23008 & 23013-27809,1867663
1045383,1016234,1048297,7,17,16,0.000468067476,0,-3.3297,0.00094,0.0009359159,6882,0-9164 & 22814-23012,1048297
1061821,1022079,1162085,7,12,12,0.000158767987,0,-3.7992,0.00032,0.0003175108,1301,0-21593 & 22918-23039,1162085
1045383,1004806,1048223,4,12,12,0.002747253049,0,-2.5611,0.00549,0.005486959,6847,0-7924 & 23014-23047,1048223
76697,84836,136674,19,23,23,4.5e-11,0,-10.3491,0.0,8.953048e-11,6286,22444-23269 & 29556-29903,136674
378360,881653,1042123,7,15,14,0.000867811381,0,-3.0616,0.00173,0.00173487,6777,0-1076 & 21302-21986,1042123
1762644,1797200,1819853,8,12,12,7.1445596e-05,0,-4.146,0.00014,0.0001428861,6772,0-6469 & 22321-23122,1819853
1154247,1095085,1224495,11,15,15,1.553165e-06,0,-5.8088,0.0,3.106328e-06,6693,0-2468 & 22899-23201,1224495
512051,517835,1037384,7,8,8,0.001243201434,0,-2.9055,0.00248,0.002484857,6613,0-10352 & 18464-23283,1037384
296174,517958,631971,5,6,6,0.012987014838,0,-1.8865,0.02581,0.02580537,6613,0-10277 & 19007-23283,631971
1585829,1488809,1652396,8,9,9,0.000370218098,0,-3.4315,0.00074,0.0007402991,6572,0-3873 & 22787-23322,1652396
936196,919985,957191,10,19,19,5.49176e-07,0,-6.2603,0.0,1.098352e-06,6471,0-5181 & 21847-23425,957191
425954,427100,487422,5,9,9,0.002997003496,0,-2.5233,0.00599,0.005985025,6416,0-3249 & 18293-23480,487422
1519067,1523262,1681396,7,13,13,0.0001031992,0,-3.9863,0.00021,0.0002063877,2189,22599-26527 & 28725-29903,1681396
1539731,1604209,1634051,6,14,14,0.000180598596,0,-3.7433,0.00036,0.0003611646,3131,22599-26527 & 29667-29903,1634051
453336,422992,797174,7,8,8,0.001243201434,0,-2.9055,0.00248,0.002484857,6346,0-3549 & 16727-23550,797174
1146490,1158746,1185151,5,9,9,0.002997003496,0,-2.5233,0.00599,0.005985025,6231,0-2227 & 10136-23663,1185151
1774106,1810080,1818668,6,11,11,0.000565610942,0,-3.2475,0.00113,0.001130902,6221,0-11748 & 22996-23673,1818668
1558525,1553788,1575595,7,9,9,0.000699300843,0,-3.1553,0.0014,0.001398113,6188,0-1929 & 16617-23706,1575595
1584484,1501228,1595800,5,7,7,0.007575758267,0,-2.1206,0.01509,0.01509412,1321,18568-27010 & 28331-29903,1595800
1762693,1822334,1825916,4,10,10,0.004995005671,0,-2.3015,0.00997,0.009965061,6138,0-6534 & 22389-23756,1825916
419111,369344,468453,8,25,25,6.48221e-07,0,-6.1883,0.0,1.296442e-06,6139,0-2972 & 21988-23757,468453
1883432,1861120,1887292,5,15,15,0.000386996981,0,-3.4123,0.00077,0.0007738442,20,0-21608 & 21628-23764,1887292
1506651,1464491,1508499,5,7,7,0.007575758267,0,-2.1206,0.01509,0.01509412,6128,0-298 & 21584-23766,1508499
1031697,1028115,1047849,7,14,14,6.8799462e-05,0,-4.1624,0.00014,0.0001375942,6041,0-3651 & 23600-23853,1047849
1507571,1444574,1549911,5,12,12,0.000969618734,0,-3.0134,0.00194,0.001938297,2189,21646-26527 & 28725-29903,1549911
1215507,1237095,1328694,5,6,6,0.012987014838,0,-1.8865,0.02581,0.02580537,5947,0-4055 & 21596-23947,1328694
810324,912114,1024107,6,16,16,9.3817449e-05,0,-4.0277,0.00019,0.0001876261,5910,0-4800 & 21847-23986,1024107
1149197,1158862,1362101,9,33,33,2.2427e-08,0,-7.6492,0.0,4.485394e-08,5765,0-2788 & 23049-24129,1362101
1083596,1092502,1323162,12,36,36,1.87e-10,0,-9.7291,0.0,3.731958e-10,5765,0-668 & 23049-24129,1323162
748753,743819,820151,4,11,11,0.00366300391,0,-2.4362,0.00731,0.00731259,5689,0-4595 & 17517-24207,820151
282372,417558,485108,20,11,9,9.7753335e-05,0,-4.0099,0.0002,0.0001954971,4524,22801-24365 & 28896-29737,485108
716134,734907,756874,5,14,14,0.000515995955,0,-3.2874,0.00103,0.001031726,5689,0-692 & 19860-24207,756874
529206,371965,585895,6,13,13,0.000257998006,0,-3.5884,0.00052,0.0005159294,5689,0-2516 & 21526-24207,585895
479824,483052,533351,6,9,8,0.016983019188,0,-1.77,0.03368,0.03367762,5689,0-6194 & 17739-24207,533351
356332,679255,709750,8,11,11,0.000119075994,0,-3.9242,0.00024,0.0002381378,5689,0-2145 & 17237-24207,709750
374716,532104,573306,5,5,5,0.023809526116,0,-1.6232,0.04705,0.04705216,1931,17236-26105 & 28036-29903,573306
501344,447697,655432,9,25,25,1.90653e-07,0,-6.7198,0.0,3.813064e-07,5578,0-3946 & 22206-24318,655432
36780,37985,46908,6,6,6,0.007575758733,0,-2.1206,0.01509,0.01509413,2418,21614-26949 & 29367-29903,46908
1833858,1857777,1875330,17,64,64,0.0,0,-15.8535,0.0,2.802691e-16,5517,0-772 & 23424-24377,1875330
1879209,1881864,1883276,4,8,8,0.010101011023,0,-1.9956,0.0201,0.02009999,5453,0-1818 & 13064-24441,1883276
1846600,1858684,1859647,10,18,16,0.000242168244,0,-3.6159,0.00048,0.0004842778,10130,6896-12787 & 22929-24603,1859647
1509877,1490108,1597949,4,9,9,0.006993007846,0,-2.1553,0.01394,0.01393711,3936,11138-25670 & 29615-29903,1597949
1462005,1619113,1667113,14,23,23,2.456e-09,0,-8.6097,0.0,4.912327e-09,5275,0-3794 & 23019-24619,1667113
1490108,1514960,1553956,6,7,7,0.004079254344,0,-2.3894,0.00814,0.008141868,5275,0-3041 & 12785-24619,1553956
1600086,1563436,1619628,5,10,10,0.001998002175,0,-2.6994,0.00399,0.003992012,1418,19524-27036 & 28463-29903,1619628
1644318,1509875,1699023,4,6,6,0.023809526116,0,-1.6232,0.04705,0.04705216,4686,0-5282 & 9968-24619,1699023
234933,340065,360883,5,19,19,0.000141163211,0,-3.8503,0.00028,0.0002823065,5197,0-1189 & 19221-24699,360883
1666035,1620338,1672310,12,7,7,0.000257997948,0,-3.5884,0.00052,0.0005159293,1929,23683-25585 & 27514-29665,1672310
409439,422277,684355,10,24,24,8.3887e-08,0,-7.0763,0.0,1.677749e-07,5034,0-1818 & 22185-24862,684355
710371,613678,731301,9,17,17,3.200461e-06,0,-5.4948,1e-05,6.400913e-06,5025,0-2059 & 21988-24871,731301
617768,578978,733976,5,17,17,0.000227842378,0,-3.6424,0.00046,0.0004556328,5025,0-1010 & 18584-24871,733976
1549812,1555157,1671609,7,8,8,0.001243201434,0,-2.9055,0.00248,0.002484857,4976,0-1929 & 20149-24918,1671609
332889,304630,343835,4,6,6,0.023809526116,0,-1.6232,0.04705,0.04705216,4969,0-7849 & 18256-24927,343835
1763625,1756179,1784320,17,40,40,0.0,0,-12.8898,0.0,2.577939e-13,4876,0-995 & 23020-25018,1784320
1820065,1831720,1833719,11,19,19,2.1967e-07,0,-6.6582,0.0,4.393408e-07,4850,0-3800 & 23281-25044,1833719
1831721,1838060,1841603,20,6,6,9.1213144e-05,0,-4.0399,0.00018,0.000182418,2350,23673-25656 & 28006-28656,1841603
1831743,1838536,1856182,7,20,20,9.008706e-06,0,-5.0453,2e-05,1.801733e-05,4850,0-1887 & 22929-25044,1856182
1713375,1711074,1718944,11,14,14,2.692153e-06,0,-5.5699,1e-05,5.384299e-06,4849,0-1006 & 22894-25045,1718944
360693,689373,958297,11,13,13,4.807416e-06,0,-5.3181,1e-05,9.614809e-06,4825,0-1166 & 19007-25071,958297
1776614,1756369,1798274,11,40,40,2.52e-10,0,-9.5987,0.0,5.039263e-10,4733,0-3794 & 23596-25161,1798274
337650,504481,607938,5,8,8,0.004662005231,0,-2.3314,0.0093,0.009302276,4581,0-10842 & 20177-25315,607938
1696437,1550441,1706405,7,7,7,0.002331002383,0,-2.6325,0.00466,0.004656571,2123,20793-26149 & 28272-29903,1706405
1543181,1662743,1703928,8,9,9,0.000370218098,0,-3.4315,0.00074,0.0007402991,4545,0-3857 & 24843-25349,1703928
1527853,1508717,1710494,4,7,7,0.015151516534,0,-1.8195,0.03007,0.03007346,1466,22599-27036 & 28511-29903,1710494
1625025,1516229,1700904,5,12,12,0.000969618734,0,-3.0134,0.00194,0.001938297,2710,22599-27036 & 29755-29903,1700904
1836020,1833719,1850441,8,23,23,1.140869e-06,0,-5.9428,0.0,2.281737e-06,4536,0-2332 & 24035-25358,1850441
1233890,1531063,1625491,10,15,15,3.365191e-06,0,-5.473,1e-05,6.730371e-06,4479,0-821 & 23019-25415,1625491
1529129,1524352,1537647,9,11,11,5.9537997e-05,0,-4.2252,0.00012,0.0001190724,4479,0-6591 & 23041-25415,1537647
1457376,1467858,1565504,14,16,16,1.03148e-07,0,-6.9865,0.0,2.062952e-07,2896,23673-25467 & 28372-29903,1565504
1386580,1552631,1587899,11,13,13,4.807416e-06,0,-5.3181,1e-05,9.614809e-06,3131,23673-26527 & 29667-29903,1587899
1477046,1221316,1566126,8,10,10,0.000205676697,0,-3.6868,0.00041,0.0004113111,2068,23040-26527 & 28604-29903,1566126
1441088,1470350,1528119,12,10,10,2.0103736e-05,0,-4.6967,4e-05,4.020707e-05,6106,1627-6105 & 23041-25415,1528119
1537887,1683065,1685654,15,29,29,7e-11,0,-10.1574,0.0,1.39184e-10,4479,0-1591 & 23032-25415,1685654
1501275,963496,1517547,12,12,12,4.807416e-06,0,-5.3181,1e-05,9.614809e-06,3141,23323-25532 & 28682-29903,1517547
1552498,1562391,1594771,6,7,7,0.004079254344,0,-2.3894,0.00814,0.008141868,2564,22377-26109 & 28682-29903,1594771
1512458,1603763,1680480,11,14,14,2.692153e-06,0,-5.5699,1e-05,5.384299e-06,3131,23535-26527 & 29667-29903,1680480
1744574,1824426,1828107,5,14,14,0.000515995955,0,-3.2874,0.00103,0.001031726,4424,0-4232 & 22321-25470,1828107
1098229,1535033,1606050,12,14,14,1.346076e-06,0,-5.8709,0.0,2.692151e-06,4408,0-1625 & 23019-25486,1606050
1829302,1837411,1841633,12,23,23,1.5579e-08,0,-7.8075,0.0,3.115819e-08,4399,0-4925 & 22996-25495,1841633
310706,564476,791788,6,8,8,0.002331002615,0,-2.6325,0.00466,0.004656572,8208,3811-6627 & 20887-25499,791788
28647,39288,47531,12,18,18,1.50301e-07,0,-6.823,0.0,3.006016e-07,4399,0-4440 & 21856-25504,47531
791638,819343,863887,7,19,19,1.2161754e-05,0,-4.915,2e-05,2.432336e-05,4379,0-1418 & 21058-25517,863887
550608,530412,729324,5,12,12,0.000969618734,0,-3.0134,0.00194,0.001938297,4348,0-6707 & 21996-25548,729324
1579089,1522369,1582960,10,14,14,5.608652e-06,0,-5.2511,1e-05,1.121727e-05,2189,21789-26527 & 28725-29903,1582960
1592388,1588446,1612095,6,8,8,0.002331002615,0,-2.6325,0.00466,0.004656572,4342,0-5282 & 16294-25552,1612095
262002,167126,270324,5,21,21,9.1213158e-05,0,-4.0399,0.00018,0.000182418,4335,0-1265 & 20263-25561,270324
28437,28647,30443,12,14,14,1.346076e-06,0,-5.8709,0.0,2.692151e-06,4341,0-5627 & 19719-25562,30443
1836952,1833222,1842342,12,27,27,3.324e-09,0,-8.4783,0.0,6.648262e-09,4323,0-2332 & 22996-25571,1842342
1815488,1835907,1837898,4,14,14,0.00163398718,0,-2.7868,0.00327,0.003265304,4323,0-1971 & 22929-25571,1837898
356549,373862,376079,8,28,28,2.97419e-07,0,-6.5266,0.0,5.94838e-07,4325,0-1265 & 23203-25571,376079
548699,612218,955399,6,10,10,0.000874125981,0,-3.0584,0.00175,0.001747488,4283,0-10163 & 22028-25613,955399
369082,469329,999109,5,13,13,0.000700280245,0,-3.1547,0.0014,0.00140007,4283,0-6038 & 21996-25613,999109
772267,580118,1079765,4,11,11,0.00366300391,0,-2.4362,0.00731,0.00731259,4283,0-1249 & 21847-25613,1079765
1466019,1458524,1529091,10,15,15,3.365191e-06,0,-5.473,1e-05,6.730371e-06,3131,23040-26527 & 29667-29903,1529091
394370,380389,488034,5,11,11,0.001373626525,0,-2.8621,0.00275,0.002745366,4209,0-4022 & 21365-25687,488034
1590060,1628290,1683254,5,10,9,0.023643024266,0,-1.6263,0.04673,0.04672706,4185,0-1625 & 21078-25709,1683254
1537778,1543094,1657701,5,9,9,0.002997003496,0,-2.5233,0.00599,0.005985025,3992,0-2037 & 21790-25902,1657701
326840,317498,328088,5,5,5,0.023809526116,0,-1.6232,0.04705,0.04705216,10,23856-27873 & 27883-29903,328088
1829886,1843807,1849732,6,34,34,1.823687e-06,0,-5.739,0.0,3.64737e-06,3936,0-1543 & 22850-25958,1849732
1583346,1694551,1739239,5,17,17,0.000227842378,0,-3.6424,0.00046,0.0004556328,3873,0-1929 & 22943-26021,1739239
1266421,998284,1448913,40,7,7,6.51916e-07,0,-6.1858,0.0,1.303833e-06,1326,25810-26058 & 27384-29509,1448913
621614,383356,748874,5,10,10,0.001998002175,0,-2.6994,0.00399,0.003992012,3863,0-3946 & 16727-26033,748874
138277,229202,258069,4,10,10,0.004995005671,0,-2.3015,0.00997,0.009965061,3845,0-7301 & 20234-26057,258069
1247473,1270643,1322988,10,37,37,2.124e-09,0,-8.6728,0.0,4.248691e-09,3835,0-2788 & 24131-26059,1322988
1145777,1229035,1253766,10,40,39,4.7799e-08,0,-7.3206,0.0,9.559713e-08,3835,0-2468 & 25097-26059,1253766
1116959,871726,1133051,7,37,37,2.08765e-07,0,-6.6803,0.0,4.175304e-07,3835,0-2451 & 24131-26059,1133051
410243,417896,462022,5,9,9,0.002997003496,0,-2.5233,0.00599,0.005985025,3790,0-1416 & 14015-26106,462022
768622,730597,1028759,7,20,20,9.008706e-06,0,-5.0453,2e-05,1.801733e-05,3790,0-2266 & 25615-26106,1028759
510968,534915,581743,7,29,29,9.5835e-07,0,-6.0185,0.0,1.9167e-06,3790,0-2443 & 22428-26106,581743
1541625,1527633,1594332,4,10,10,0.004995005671,0,-2.3015,0.00997,0.009965061,2596,16993-27036 & 29641-29903,1594332
1536304,1731174,1737336,7,8,8,0.001243201434,0,-2.9055,0.00248,0.002484857,3686,0-6149 & 20354-26208,1737336
864621,779997,944943,7,19,19,1.2161754e-05,0,-4.915,2e-05,2.432336e-05,3670,0-6038 & 21787-26226,944943
1625728,1631151,1648887,6,7,7,0.004079254344,0,-2.3894,0.00814,0.008141868,3643,0-4620 & 21790-26251,1648887
1699962,1727220,1728903,13,33,33,1.38e-10,0,-9.8615,0.0,2.751405e-10,3620,0-1929 & 23032-26274,1728903
1753451,1718552,1788178,13,34,34,1e-10,0,-10.0021,0.0,1.990378e-10,3620,0-1929 & 24131-26274,1788178
1846635,1871976,1872109,11,65,65,2e-12,0,-11.6788,0.0,4.190559e-12,3620,0-7193 & 25573-26274,1872109
1489966,1361139,1515581,6,6,6,0.007575758733,0,-2.1206,0.01509,0.01509413,7,25624-26488 & 26495-28234,1515581
938500,1079576,1140792,4,7,7,0.015151516534,0,-1.8195,0.03007,0.03007346,3407,0-3039 & 23665-26487,1140792
347040,642938,787257,7,8,8,0.001243201434,0,-2.9055,0.00248,0.002484857,3409,0-6406 & 25004-26487,787257
347040,518762,594269,4,10,10,0.004995005671,0,-2.3015,0.00997,0.009965061,3409,0-6406 & 17428-26487,594269
347040,648445,751633,4,14,14,0.00163398718,0,-2.7868,0.00327,0.003265304,3409,0-3872 & 25190-26487,751633
1559437,1590454,1613876,5,7,7,0.007575758267,0,-2.1206,0.01509,0.01509412,3404,0-4593 & 16457-26490,1613876
1154012,1210400,1309755,5,5,5,0.023809526116,0,-1.6232,0.04705,0.04705216,2254,22204-27363 & 29626-29903,1309755
1545324,1529248,1619701,10,14,14,5.608652e-06,0,-5.2511,1e-05,1.121727e-05,1928,23535-26856 & 28793-29903,1619701
1610445,1618632,1631860,9,15,15,7.648162e-06,0,-5.1164,2e-05,1.529627e-05,1860,22910-26856 & 28725-29903,1631860
1495494,1107709,1609884,12,13,13,2.499856e-06,0,-5.6021,0.0,4.999707e-06,1538,24620-26856 & 28403-29903,1609884
1604564,1569745,1658954,8,14,14,2.8145234e-05,0,-4.5506,6e-05,5.628968e-05,2802,23535-26856 & 29667-29903,1658954
1657215,1534816,1670316,11,12,12,8.875229e-06,0,-5.0518,2e-05,1.775038e-05,2822,23535-26856 & 29687-29903,1670316
1519067,1441088,1614871,6,12,12,0.000377073971,0,-3.4236,0.00075,0.0007540058,1860,23535-26856 & 28725-29903,1614871
1527787,1441088,1567768,9,11,11,5.9537997e-05,0,-4.2252,0.00012,0.0001190724,1475,23248-26856 & 28331-29903,1567768
1546240,1540982,1561971,8,13,13,4.4228229e-05,0,-4.3543,9e-05,8.84545e-05,2802,23535-26856 & 29667-29903,1561971
1484562,1557160,1562885,10,10,10,5.953799e-05,0,-4.2252,0.00012,0.0001190724,1860,24378-26856 & 28725-29903,1562885
1388721,1521516,1539736,9,11,11,5.9537997e-05,0,-4.2252,0.00012,0.0001190724,3366,0-1929 & 23019-26528,1539736
1858216,1860426,1870231,12,72,72,0.0,0,-12.9391,0.0,2.30103e-13,3366,0-772 & 25417-26528,1870231
1510686,1510528,1526256,7,13,13,0.0001031992,0,-3.9863,0.00021,0.0002063877,2093,24106-26856 & 28958-29903,1526256
1504007,1428139,1535267,10,11,11,3.118657e-05,0,-4.506,6e-05,6.237217e-05,3366,0-12158 & 23768-26528,1535267
1627202,1562456,1646431,11,28,28,7.16e-09,0,-8.1451,0.0,1.431933e-08,3366,0-2324 & 25417-26528,1646431
1287131,1109239,1311512,8,40,40,2.3851e-08,0,-7.6225,0.0,4.770121e-08,3365,0-668 & 24504-26529,1311512
24075,85163,160838,8,15,15,1.8355589e-05,0,-4.7362,4e-05,3.671084e-05,3240,0-1344 & 25845-26663,160838
1116672,1098280,1374550,4,8,8,0.010101011023,0,-1.9956,0.0201,0.02009999,3214,0-8681 & 23665-26680,1374550
461674,842072,931529,4,8,8,0.010101011023,0,-1.9956,0.0201,0.02009999,3216,0-8243 & 17978-26680,931529
1502463,1477824,1533487,5,10,9,0.023643024266,0,-1.6263,0.04673,0.04672706,1034,26621-26856 & 27890-29903,1533487
156664,154200,166252,4,7,7,0.015151516534,0,-1.8195,0.03007,0.03007346,3189,0-3325 & 21856-26713,166252
1811821,1854731,1872524,8,75,75,2.28e-10,0,-9.6417,0.0,4.563522e-10,3145,0-895 & 26611-26749,1872524
1546573,1602623,1646115,4,15,15,0.001289989916,0,-2.8894,0.00258,0.002578316,3142,0-3683 & 21078-26752,1646115
10596,347893,399636,11,26,24,7.40007e-06,0,-5.1308,1e-05,1.480008e-05,3130,0-4179 & 23605-26766,399636
265107,396233,618695,6,20,20,3.0404384e-05,0,-4.5171,6e-05,6.080784e-05,3111,0-5182 & 25655-26785,618695
1310366,1310486,1360191,7,47,47,4.5172e-08,0,-7.3451,0.0,9.034417e-08,3037,0-1583 & 26061-26857,1360191
1489122,1611182,1697530,11,25,25,1.9973e-08,0,-7.6996,0.0,3.99464e-08,3037,0-3794 & 26276-26857,1697530
871725,1312303,1428716,6,7,7,0.004079254344,0,-2.3894,0.00814,0.008141868,1459,23040-27257 & 28725-29903,1428716
1663037,1493655,1728249,7,12,12,0.000158767987,0,-3.7992,0.00032,0.0003175108,1459,26529-27257 & 28725-29903,1728249
1849229,1855173,1868714,6,75,75,2.1569e-08,0,-7.6662,0.0,4.313796e-08,3013,0-772 & 26682-26881,1868714
1822084,1871766,1872252,9,32,31,1.030417e-06,0,-5.987,0.0,2.060834e-06,2995,0-681 & 25661-26899,1872252
1615560,1634202,1706441,6,8,8,0.002331002615,0,-2.6325,0.00466,0.004656572,2929,0-7526 & 22600-26965,1706441
448120,776402,828928,5,15,15,0.000386996981,0,-3.4123,0.00077,0.0007738442,2892,0-918 & 25793-27004,828928
1556203,1683793,1706132,5,10,10,0.001998002175,0,-2.6994,0.00399,0.003992012,2883,0-6977 & 20405-27011,1706132
1556203,1636865,1647273,6,13,13,0.000257998006,0,-3.5884,0.00052,0.0005159294,2883,0-3857 & 20893-27011,1647273
1556203,1573804,1671685,5,9,9,0.002997003496,0,-2.5233,0.00599,0.005985025,2883,0-3857 & 18085-27011,1671685
1529618,1564091,1683417,5,7,7,0.007575758267,0,-2.1206,0.01509,0.01509412,2170,17615-27436 & 29615-29903,1683417
1523262,1566700,1623858,5,7,7,0.007575758267,0,-2.1206,0.01509,0.01509412,2883,0-1929 & 16617-27011,1623858
1542127,1459523,1630344,6,7,7,0.004079254344,0,-2.3894,0.00814,0.008141868,2883,0-1625 & 19175-27011,1630344
1542697,1557482,1627218,6,7,7,0.004079254344,0,-2.3894,0.00814,0.008141868,2883,0-1929 & 17208-27011,1627218
1643125,1627306,1731575,6,12,12,0.000377073971,0,-3.4236,0.00075,0.0007540058,2883,0-1929 & 22894-27011,1731575
1592682,1527316,1614375,7,8,8,0.001243201434,0,-2.9055,0.00248,0.002484857,2883,0-6977 & 16860-27011,1614375
1556203,1533005,1613302,5,9,9,0.002997003496,0,-2.5233,0.00599,0.005985025,2883,0-3094 & 15452-27011,1613302
1556203,1723524,1733018,5,15,15,0.000386996981,0,-3.4123,0.00077,0.0007738442,2883,0-1929 & 22894-27011,1733018
1479759,1488446,1532312,4,7,7,0.015151516534,0,-1.8195,0.03007,0.03007346,2883,0-1929 & 16617-27011,1532312
961188,995387,1040116,4,7,7,0.015151516534,0,-1.8195,0.03007,0.03007346,9,22599-27032 & 27041-29903,1040116
1545217,1650825,1685093,4,9,9,0.006993007846,0,-2.1553,0.01394,0.01393711,2857,0-1625 & 16706-27037,1685093
1647260,1647072,1650860,3,10,10,0.013986015692,0,-1.8543,0.02778,0.02777642,2857,0-5282 & 23570-27037,1650860
1647260,1650419,1662304,6,9,9,0.001398601686,0,-2.8543,0.0028,0.002795247,2857,0-5282 & 17286-27037,1662304
1547931,1560507,1575222,4,21,21,0.000395256997,0,-3.4031,0.00079,0.0007903578,2857,0-1623 & 22880-27037,1575222
1490108,1542971,1558525,5,9,9,0.002997003496,0,-2.5233,0.00599,0.005985025,2857,0-1929 & 16936-27037,1558525
1527565,1523304,1576616,11,32,32,2.086e-09,0,-8.6806,0.0,4.172459e-09,2636,0-1625 & 26859-27258,1576616
1288932,1761375,1762526,6,20,20,3.0404384e-05,0,-4.5171,6e-05,6.080784e-05,2636,0-1910 & 26530-27258,1762526
1300797,1523285,1583143,9,13,13,2.010374e-05,0,-4.6967,4e-05,4.020708e-05,2636,0-3900 & 26859-27258,1583143
1597792,1584235,1626552,6,13,13,0.000257998006,0,-3.5884,0.00052,0.0005159294,2636,0-8138 & 26530-27258,1626552
1227159,1560983,1620855,7,15,15,4.6908728e-05,0,-4.3287,9e-05,9.381526e-05,2636,0-6977 & 26859-27258,1620855
1756602,1722098,1767168,9,38,38,7.339e-09,0,-8.1344,0.0,1.46773e-08,2636,0-1929 & 26530-27258,1767168
1471770,1501126,1532057,6,16,16,9.3817449e-05,0,-4.0277,0.00019,0.0001876261,2636,0-4556 & 26859-27258,1532057
1479885,1477824,1588857,5,7,7,0.007575758267,0,-2.1206,0.01509,0.01509412,510,26858-27380 & 27890-29903,1588857
1428716,1357002,1522483,8,11,9,0.014328810386,0,-1.8438,0.02845,0.02845231,2636,0-11672 & 26530-27258,1522483
539579,820105,1065974,5,17,17,0.000227842378,0,-3.6424,0.00046,0.0004556328,2635,0-1823 & 26108-27261,1065974
317893,419635,433825,6,9,9,0.001398601686,0,-2.8543,0.0028,0.002795247,2606,0-6038 & 17237-27290,433825
1107703,1679253,1705459,5,14,14,0.000515995955,0,-3.2874,0.00103,0.001031726,2601,0-9864 & 26967-27293,1705459
1050850,1137707,1152381,6,12,12,0.000377073971,0,-3.4236,0.00075,0.0007540058,2518,0-2468 & 23665-27376,1152381
1050850,985400,1072961,6,8,8,0.002331002615,0,-2.6325,0.00466,0.004656572,2518,0-3239 & 23665-27376,1072961
1133684,1039997,1213517,5,40,40,4.910953e-06,0,-5.3088,1e-05,9.821882e-06,2513,0-2468 & 26531-27381,1213517
1171662,1440558,1536406,6,10,10,0.000874125981,0,-3.0584,0.00175,0.001747488,2513,0-4265 & 26859-27381,1536406
324460,450733,618522,4,7,7,0.015151516534,0,-1.8195,0.03007,0.03007346,2515,0-7849 & 26108-27381,618522
1085869,1176761,1324014,6,45,45,3.88685e-07,0,-6.4104,0.0,7.773692e-07,2513,0-960 & 26531-27381,1324014
1171662,1577429,1670702,6,13,13,0.000257998006,0,-3.5884,0.00052,0.0005159294,2513,0-3857 & 27039-27381,1670702
245018,904314,948385,6,12,11,0.005548373796,0,-2.2558,0.01107,0.01106596,2515,0-7849 & 25587-27381,948385
1171662,1439020,1482330,5,10,10,0.001998002175,0,-2.6994,0.00399,0.003992012,2513,0-12158 & 26859-27381,1482330
1125352,1142353,1311517,6,13,13,0.000257998006,0,-3.5884,0.00052,0.0005159294,2511,0-3239 & 26523-27383,1311517
62910,294595,463545,18,36,36,0.0,0,-12.7077,0.0,3.920503e-13,2507,0-911 & 25470-27389,463545
1788384,1791401,1816264,6,9,9,0.001398601686,0,-2.8543,0.0028,0.002795247,2470,0-4232 & 22996-27424,1816264
1827219,1830094,1837591,8,27,27,3.82396e-07,0,-6.4175,0.0,7.647917e-07,2464,0-1928 & 23803-27430,1837591
1665429,1670211,1730944,16,5,5,0.000835422019,0,-3.0781,0.00167,0.001670146,363,25855-28310 & 28682-29665,1730944
1431386,1700027,1714965,6,9,9,0.001398601686,0,-2.8543,0.0028,0.002795247,2457,0-2708 & 22943-27437,1714965
1493606,1596805,1682081,7,13,13,0.0001031992,0,-3.9863,0.00021,0.0002063877,2457,0-5831 & 27384-27437,1682081
1356841,1540000,1581998,6,18,18,5.2007497e-05,0,-4.2839,0.0001,0.0001040123,2457,0-3476 & 27384-27437,1581998
1515430,1491473,1548714,5,5,5,0.023809526116,0,-1.6232,0.04705,0.04705216,291,17304-28434 & 28725-29903,1548714
1611797,1618326,1630020,7,14,14,6.8799462e-05,0,-4.1624,0.00014,0.0001375942,2457,0-1727 & 25050-27437,1630020
1464556,1641689,1642257,10,12,11,0.000326299138,0,-3.4864,0.00065,0.0006524918,2401,0-5282 & 27384-27493,1642257
1829659,1840332,1842923,6,37,37,1.148209e-06,0,-5.94,0.0,2.296416e-06,2388,0-2332 & 25960-27506,1842923
406234,361417,428960,6,29,29,4.312576e-06,0,-5.3653,1e-05,8.625134e-06,2390,0-3946 & 26108-27506,428960
1837973,1855098,1874872,5,73,73,2.84211e-07,0,-6.5464,0.0,5.684216e-07,2388,0-540 & 26834-27506,1874872
1839940,1827485,1843038,7,23,23,3.92966e-06,0,-5.4056,1e-05,7.859304e-06,2388,0-5718 & 22931-27506,1843038
1408207,1543837,1567632,7,14,14,6.8799462e-05,0,-4.1624,0.00014,0.0001375942,2382,0-1625 & 27384-27512,1567632
1162938,1489781,1593285,6,18,18,5.2007497e-05,0,-4.2839,0.0001,0.0001040123,2363,0-2175 & 27384-27531,1593285
1278183,1489781,1594211,5,19,19,0.000141163211,0,-3.8503,0.00028,0.0002823065,2363,0-2175 & 27384-27531,1594211
364717,1048330,1054069,5,18,18,0.000178311413,0,-3.7488,0.00036,0.000356591,2325,0-7301 & 26607-27571,1054069
425608,364717,579003,5,5,5,0.023809526116,0,-1.6232,0.04705,0.04705216,6,25734-27571 & 27577-29699,579003
613275,364717,982314,15,5,5,0.001031991909,0,-2.9863,0.00206,0.002062919,6,25956-27571 & 27577-29202,982314
644688,364717,987771,5,5,5,0.023809526116,0,-1.6232,0.04705,0.04705216,6,25452-27571 & 27577-29903,987771
364717,399482,458680,5,11,11,0.001373626525,0,-2.8621,0.00275,0.002745366,2325,0-6406 & 26108-27571,458680
346407,273858,443207,7,21,20,0.000160467578,0,-3.7946,0.00032,0.0003209094,2293,0-1818 & 21373-21986,443207
283376,733978,975080,4,11,11,0.00366300391,0,-2.4362,0.00731,0.00731259,2248,0-2142 & 23665-27648,975080
404030,423702,472261,6,6,6,0.007575758733,0,-2.1206,0.01509,0.01509413,1166,17041-28082 & 29255-29903,472261
331293,342107,527948,5,25,25,4.2103497e-05,0,-4.3757,8e-05,8.420522e-05,2158,0-1265 & 20263-27738,527948
1604717,1664565,1704366,8,20,20,2.895656e-06,0,-5.5383,1e-05,5.791303e-06,2107,0-7526 & 27384-27787,1704366
1780121,1869744,1874983,6,82,82,1.2917e-08,0,-7.8888,0.0,2.583354e-08,2085,0-772 & 26682-27809,1874983
1812087,1855159,1881530,7,80,80,1.369e-09,0,-8.8636,0.0,2.738153e-09,2085,0-895 & 26682-27809,1881530
1026112,1047243,1190249,10,6,5,0.018856145442,0,-1.7245,0.03736,0.03735674,10,23664-25706 & 27883-29300,1190249
1111624,1047243,1257863,48,5,5,1.7075046e-05,0,-4.7676,3e-05,3.41498e-05,10,27384-27873 & 27883-29509,1257863
1766527,1257862,1767510,28,5,5,0.000122189653,0,-3.913,0.00024,0.0002443644,10,26275-27873 & 27883-27914,1767510
1047243,1103549,1303819,5,6,6,0.012987014838,0,-1.8865,0.02581,0.02580537,2021,0-887 & 19719-27873,1303819
1257862,1319942,1383291,5,8,8,0.004662005231,0,-2.3314,0.0093,0.009302276,2021,0-11672 & 23674-27873,1383291
235062,104127,274195,8,5,5,0.006993007381,0,-2.1553,0.01394,0.01393711,10,26787-27873 & 27883-29465,274195
34699,13055,49406,7,5,5,0.010101011023,0,-1.9956,0.0201,0.02009999,10,25617-27873 & 27883-28381,49406
1047243,1009302,1091508,5,9,9,0.002997003496,0,-2.5233,0.00599,0.005985025,2021,0-3239 & 22600-27873,1091508
317498,354141,398193,4,7,7,0.015151516534,0,-1.8195,0.03007,0.03007346,2022,0-5989 & 21847-27874,398193
317498,662320,979454,4,10,10,0.004995005671,0,-2.3015,0.00997,0.009965061,2022,0-4574 & 23997-27874,979454
338703,848548,1005926,4,15,15,0.001289989916,0,-2.8894,0.00258,0.002578316,2022,0-524 & 24063-27874,1005926
317498,873672,1028807,4,12,12,0.002747253049,0,-2.5611,0.00549,0.005486959,2022,0-524 & 25538-27874,1028807
317498,568938,757786,4,9,9,0.006993007846,0,-2.1553,0.01394,0.01393711,2022,0-5390 & 21847-27874,757786
377420,716745,838162,6,11,11,0.000565610942,0,-3.2475,0.00113,0.001130902,2022,0-3074 & 26841-27874,838162
655766,637529,1005525,4,6,6,0.023809526116,0,-1.6232,0.04705,0.04705216,2022,0-12691 & 18805-27874,1005525
317498,423926,835721,4,7,7,0.015151516534,0,-1.8195,0.03007,0.03007346,2022,0-7849 & 23531-27874,835721
317498,294705,449105,4,7,7,0.015151516534,0,-1.8195,0.03007,0.03007346,2022,0-7849 & 19525-27874,449105
317498,335693,474894,4,7,7,0.015151516534,0,-1.8195,0.03007,0.03007346,2022,0-6894 & 19984-27874,474894
317498,556523,936985,4,9,9,0.006993007846,0,-2.1553,0.01394,0.01393711,2022,0-524 & 19525-27874,936985
317498,786592,929417,4,12,12,0.002747253049,0,-2.5611,0.00549,0.005486959,2022,0-524 & 21072-27874,929417
317498,333236,361106,4,9,9,0.006993007846,0,-2.1553,0.01394,0.01393711,2022,0-524 & 22052-27874,361106
317498,792342,855276,4,11,11,0.00366300391,0,-2.4362,0.00731,0.00731259,2022,0-597 & 25856-27874,855276
317498,419629,901125,4,8,8,0.010101011023,0,-1.9956,0.0201,0.02009999,2022,0-3963 & 21847-27874,901125
317498,473289,494794,4,15,15,0.001289989916,0,-2.8894,0.00258,0.002578316,2022,0-1385 & 22073-27874,494794
317498,686734,939147,4,10,10,0.004995005671,0,-2.3015,0.00997,0.009965061,2022,0-4235 & 21847-27874,939147
317498,741572,938163,4,9,9,0.006993007846,0,-2.1553,0.01394,0.01393711,2022,0-524 & 21847-27874,938163
317498,387969,535776,4,9,9,0.006993007846,0,-2.1553,0.01394,0.01393711,2022,0-1389 & 22228-27874,535776
317498,495730,667880,4,9,9,0.006993007846,0,-2.1553,0.01394,0.01393711,2022,0-1097 & 24906-27874,667880
317498,663248,677327,4,15,15,0.001289989916,0,-2.8894,0.00258,0.002578316,2022,0-7849 & 26728-27874,677327
317498,541046,663938,4,13,13,0.002100840677,0,-2.6776,0.0042,0.004197268,2022,0-2704 & 22900-27874,663938
317498,472568,643799,4,13,13,0.002100840677,0,-2.6776,0.0042,0.004197268,2022,0-7040 & 26112-27874,643799
1125352,1131270,1236577,6,15,15,0.000128999003,0,-3.8894,0.00026,0.0002579814,2016,0-3239 & 26751-27878,1236577
1089656,1125352,1277567,51,5,5,1.3613222e-05,0,-4.866,3e-05,2.722626e-05,5,27383-27878 & 27883-29509,1277567
1053988,1195338,1300077,4,6,6,0.023809526116,0,-1.6232,0.04705,0.04705216,6,24054-27878 & 27884-29903,1300077
1172629,1125352,1192036,5,6,6,0.012987014838,0,-1.8865,0.02581,0.02580537,6,27384-27878 & 27884-29903,1192036
177888,240841,259308,6,14,14,0.000180598596,0,-3.7433,0.00036,0.0003611646,2024,0-3389 & 23430-27878,259308
202585,94258,217046,4,10,10,0.004995005671,0,-2.3015,0.00997,0.009965061,2023,0-2451 & 12810-27879,217046
1228147,1328751,1423597,4,11,11,0.00366300391,0,-2.4362,0.00731,0.00731259,2015,0-3239 & 25731-27879,1423597
1266874,1206537,1400699,4,6,6,0.023809526116,0,-1.6232,0.04705,0.04705216,2015,0-8477 & 22883-27879,1400699
1689472,1713497,1790907,6,43,43,5.00579e-07,0,-6.3005,0.0,1.001157e-06,2006,0-1929 & 27384-27888,1790907
1476696,1509505,1516229,6,24,24,1.178898e-05,0,-4.9285,2e-05,2.357782e-05,2006,0-3608 & 27385-27888,1516229
1633037,1556174,1645356,6,15,15,0.000128999003,0,-3.8894,0.00026,0.0002579814,2006,0-6065 & 27507-27888,1645356
34752,38405,43742,5,19,19,0.000141163211,0,-3.8503,0.00028,0.0002823065,1960,0-443 & 26802-27943,43742
65127,76594,115377,13,30,30,3.83e-10,0,-9.4171,0.0,7.655118e-10,1931,0-918 & 25907-27971,115377
94150,70465,107777,15,22,22,1.709e-09,0,-8.7674,0.0,3.417271e-09,1931,0-911 & 25971-27971,107777
1547176,1509875,1676486,5,12,12,0.000969618734,0,-3.0134,0.00194,0.001938297,1897,0-1746 & 27439-27997,1676486
1800652,1873271,1873770,4,77,77,3.005278e-06,0,-5.5221,1e-05,6.010546e-06,1774,0-895 & 27811-28120,1873770
1521325,1672706,1678792,5,14,14,0.000515995955,0,-3.2874,0.00103,0.001031726,1742,0-910 & 25856-28152,1678792
150469,232083,356165,6,10,10,0.000874125981,0,-3.0584,0.00175,0.001747488,1694,0-1439 & 24416-28208,356165
141715,88691,208392,5,5,5,0.023809526116,0,-1.6232,0.04705,0.04705216,5,26416-28236 & 28241-29903,208392
182045,88691,185301,11,8,8,0.000158767973,0,-3.7992,0.00032,0.0003175107,16,28095-28236 & 28252-28289,185301
471860,376324,522251,16,6,6,0.000227842349,0,-3.6424,0.00046,0.0004556328,8,27629-28239 & 28248-28844,522251
770360,376324,894576,18,6,6,0.000141163197,0,-3.8503,0.00028,0.0002823065,8,27629-28239 & 28248-28298,894576
376324,789971,870473,6,15,15,0.000128999003,0,-3.8894,0.00026,0.0002579814,1660,0-1818 & 27567-28236,870473
376324,625190,751954,6,15,15,0.000128999003,0,-3.8894,0.00026,0.0002579814,1660,0-1818 & 27630-28236,751954
88691,286902,293024,5,10,10,0.001998002175,0,-2.6994,0.00399,0.003992012,1665,0-4580 & 28133-28237,293024
354700,338898,376325,13,5,5,0.00163398718,0,-2.7868,0.00327,0.003265304,6,27999-28241 & 28248-29246,376325
438438,896043,988750,4,16,16,0.001031991909,0,-2.9863,0.00206,0.002062919,1656,0-3092 & 26162-28240,988750
376325,738088,928453,5,24,24,5.0524199e-05,0,-4.2965,0.0001,0.0001010458,1656,0-2942 & 27630-28240,928453
595557,820873,1028593,5,22,22,7.4321826e-05,0,-4.1289,0.00015,0.0001486381,1656,0-172 & 26162-28240,1028593
376325,558180,592986,5,17,17,0.000227842378,0,-3.6424,0.00046,0.0004556328,1656,0-2244 & 27630-28240,592986
376325,955369,1007153,6,19,18,0.00081874663,0,-3.0869,0.00164,0.001636823,1656,0-2942 & 27630-28240,1007153
179619,110720,250177,5,5,5,0.023809526116,0,-1.6232,0.04705,0.04705216,6,25690-28244 & 28250-29903,250177
632137,859327,878939,4,13,13,0.002100840677,0,-2.6776,0.0042,0.004197268,1654,0-1225 & 28001-28244,878939
218091,230948,279263,5,10,10,0.001998002175,0,-2.6994,0.00399,0.003992012,1653,0-5246 & 25160-28250,279263
1059007,1127546,1263449,5,11,11,0.001373626525,0,-2.8621,0.00275,0.002745366,1644,0-2468 & 23783-28250,1263449
270678,318637,376386,5,11,11,0.001373626525,0,-2.8621,0.00275,0.002745366,1649,0-2448 & 25160-28254,376386
251184,283733,284626,8,6,6,0.002997003263,0,-2.5233,0.00599,0.005985024,6,25572-28253 & 28259-28707,284626
270678,261093,295567,5,11,11,0.001373626525,0,-2.8621,0.00275,0.002745366,1649,0-2594 & 25160-28254,295567
1530598,1682287,1690394,5,14,14,0.000515995955,0,-3.2874,0.00103,0.001031726,1624,0-627 & 27039-28270,1690394
253904,292233,322200,7,6,6,0.004662005231,0,-2.3314,0.0093,0.009302276,10,27903-28272 & 28282-29357,322200
350866,387469,445228,4,10,10,0.004995005671,0,-2.3015,0.00997,0.009965061,1613,0-6440 & 25655-28290,445228
164334,214000,217375,4,28,28,0.000139043404,0,-3.8568,0.00028,0.0002780675,1593,0-3409 & 27930-28310,217375
1508717,1675955,1704281,4,13,13,0.002100840677,0,-2.6776,0.0042,0.004197268,1583,0-2952 & 25351-28311,1704281
1326159,1654462,1677891,5,22,22,7.4321826e-05,0,-4.1289,0.00015,0.0001486381,1565,0-1625 & 27385-28329,1677891
1564567,1623132,1645177,4,10,10,0.004995005671,0,-2.3015,0.00997,0.009965061,1565,0-1625 & 27219-28329,1645177
1467858,1475279,1559491,4,6,6,0.023809526116,0,-1.6232,0.04705,0.04705216,1565,0-7491 & 27039-28329,1559491
1848077,1848011,1855611,4,14,14,0.00163398718,0,-2.7868,0.00327,0.003265304,1457,0-6030 & 27759-28446,1855611
1558745,1526285,1602821,4,9,9,0.006993007846,0,-2.1553,0.01394,0.01393711,1223,0-1929 & 27295-28680,1602821
316176,351050,366701,6,20,20,3.0404384e-05,0,-4.5171,6e-05,6.080784e-05,1207,0-3175 & 27662-28696,366701
8165,59586,258053,5,27,27,2.9795014e-05,0,-4.5259,6e-05,5.958914e-05,1023,0-911 & 28282-28880,258053
6690,303154,316176,4,30,30,0.000107814405,0,-3.9673,0.00022,0.0002156172,1023,0-3175 & 28283-28880,316176
87366,108788,112685,6,38,38,9.91635e-07,0,-6.0036,0.0,1.983269e-06,1023,0-443 & 28698-28880,112685
1080954,1678812,1680627,5,20,20,0.000112930567,0,-3.9472,0.00023,0.0002258484,651,0-9864 & 27439-29252,1680627
855415,337867,978558,4,11,11,0.00366300391,0,-2.4362,0.00731,0.00731259,333,0-2729 & 27528-29570,978558
855415,1788384,1790973,5,109,109,4.0871e-08,0,-7.3886,0.0,8.174206e-08,333,0-403 & 29403-29570,1790973
1471596,1855161,1867921,4,59,59,8.393981e-06,0,-5.076,2e-05,1.678789e-05,178,0-2780 & 27811-29725,1867921
1263705,1606249,1689146,6,21,20,0.000530387566,0,-3.2754,0.00106,0.001060494,176,0-9864 & 28682-29727,1689146
1263705,1679736,1691303,5,25,25,4.2103497e-05,0,-4.3757,8e-05,8.420522e-05,176,0-7526 & 28331-29727,1691303
1263705,1470322,1484637,4,6,6,0.023809526116,0,-1.6232,0.04705,0.04705216,176,0-12597 & 23249-29727,1484637
1263705,1347757,1435483,4,9,9,0.006993007846,0,-2.1553,0.01394,0.01393711,176,0-13943 & 29193-29727,1435483
1263705,1823722,1833115,4,41,41,3.3558179e-05,0,-4.4742,7e-05,6.711523e-05,176,0-2126 & 27916-29727,1833115
1263705,1868063,1884050,4,62,62,6.937507e-06,0,-5.1588,1e-05,1.387497e-05,176,0-3429 & 28959-29727,1884050
1263705,1499470,1558219,5,17,17,0.000227842378,0,-3.6424,0.00046,0.0004556328,176,0-12158 & 27890-29727,1558219
1263705,1519310,1585369,5,19,19,0.000141163211,0,-3.8503,0.00028,0.0002823065,176,0-1625 & 27917-29727,1585369
1243956,1619113,1663572,4,23,23,0.000284900336,0,-3.5453,0.00057,0.0005697195,175,0-3925 & 25158-29728,1663572
1243956,1520882,1642870,5,20,20,0.000112930567,0,-3.9472,0.00023,0.0002258484,175,0-9298 & 27890-29728,1642870
1243956,1556108,1647778,5,25,25,4.2103497e-05,0,-4.3757,8e-05,8.420522e-05,175,0-2552 & 29615-29728,1647778
1243956,1441088,1594013,5,19,19,0.000141163211,0,-3.8503,0.00028,0.0002823065,175,0-6546 & 27890-29728,1594013
1243956,1705425,1745732,4,29,29,0.000122189667,0,-3.913,0.00024,0.0002443644,175,0-2786 & 26276-29728,1745732
1243956,1648425,1661324,5,26,26,3.5312609e-05,0,-4.4521,7e-05,7.062397e-05,175,0-1625 & 28088-29728,1661324
1243956,1760512,1767081,4,31,31,9.549276e-05,0,-4.02,0.00019,0.0001909764,175,0-6546 & 26276-29728,1767081
1243956,1319942,1465084,4,8,8,0.010101011023,0,-1.9956,0.0201,0.02009999,175,0-9298 & 22918-29728,1465084
1243956,1521518,1606764,5,23,23,6.1050072e-05,0,-4.2143,0.00012,0.0001220964,175,0-3873 & 27890-29728,1606764
1243956,1613656,1726434,5,24,24,5.0524199e-05,0,-4.2965,0.0001,0.0001010458,175,0-2952 & 28313-29728,1726434
1243956,1572263,1589729,5,24,24,5.0524199e-05,0,-4.2965,0.0001,0.0001010458,175,0-5282 & 28331-29728,1589729
1585461,1812967,1818009,9,50,50,7.96e-10,0,-9.0992,0.0,1.591638e-09,171,0-1625 & 28298-29732,1818009
1137350,1056222,1232639,5,6,6,0.012987014838,0,-1.8865,0.02581,0.02580537,170,0-5728 & 24816-29733,1232639
1456229,1441088,1556595,5,26,26,3.5312609e-05,0,-4.4521,7e-05,7.062397e-05,165,0-1625 & 28473-29738,1556595
1456229,1742444,1750096,5,36,36,8.006427e-06,0,-5.0966,2e-05,1.601279e-05,165,0-1228 & 28682-29738,1750096
1456229,1715301,1756387,5,37,37,7.053282e-06,0,-5.1516,1e-05,1.410651e-05,165,0-1929 & 28682-29738,1756387
22143,935829,1179983,4,65,65,5.783684e-06,0,-5.2378,1e-05,1.156733e-05,153,0-333 & 28884-29750,1179983
1658761,1770177,1771516,4,51,51,1.4660392e-05,0,-4.8339,3e-05,2.932057e-05,150,0-2162 & 28298-29753,1771516
