P_name,Q_name,C_name,m,n,k,p,HS?,log10(p),DS(p),DS(p).1,min_rec_length,breakpoints,recombinant
parent_left,parent_right,sample,4,16,16.0,0.001031991909,0.0,-2.9863,0.00618,0.006175998,509,509-2830 & 28300-29903,663484
parent_left,parent_right,sample,7,8,8.0,0.001243201434,0.0,-2.9055,0.00744,0.007436064,694,694-5824 & 28331-29903,1279026
parent_left,parent_right,sample,4,37,37.0,4.9372971e-05,0.0,-4.3065,0.0003,0.0002962013,518,518-2163 & 28917-29903,440320
parent_left,parent_right,sample,4,11,11.0,0.00366300391,0.0,-2.4362,0.02178,0.02177774,518,518-6277 & 27514-29903,1028159
parent_right,parent_left,sample,80,6,6.0,1.72284e-07,0.0,-6.7638,0.0,1.033701e-06,8,210-685 & 693-2667,982641
parent_left,parent_right,sample,4,9,9.0,0.006993007846,0.0,-2.1553,0.04123,0.04123132,509,509-3635 & 25811-29903,1221979
parent_left,parent_right,sample,6,43,43.0,5.00579e-07,0.0,-6.3005,0.0,3.003469e-06,2832,2832-4182 & 27385-29903,1145912
parent_left,parent_right,sample,4,22,22.0,0.00033444821,0.0,-3.4757,0.00201,0.002005012,518,518-3969 & 28074-29903,881676
parent_left,parent_right,sample,5,15,15.0,0.000386996951,0.0,-3.4123,0.00232,0.002319736,3401,3401-4235 & 22024-29903,752005
parent_left,parent_right,sample,5,29,29.0,2.1562881e-05,0.0,-4.6663,0.00013,0.0001293703,1877,1877-5182 & 28008-29903,417645
parent_left,parent_right,sample,6,39,39.0,8.59417e-07,0.0,-6.0658,1e-05,5.15649e-06,3122,3122-4508 & 29465-29903,854204
parent_left,parent_right,sample,5,44,44.0,3.146495e-06,0.0,-5.5022,2e-05,1.887882e-05,2832,2832-5384 & 29745-29903,1159411
parent_left,parent_right,sample,6,40,40.0,7.47319e-07,0.0,-6.1265,0.0,4.483906e-06,4184,4184-5384 & 29288-29903,995727
parent_left,parent_right,sample,5,40,40.0,4.910953e-06,0.0,-5.3088,3e-05,2.946536e-05,4551,4551-5181 & 29135-29903,1404808
parent_left,parent_right,sample,5,16,16.0,0.000294854835,0.0,-3.5304,0.00177,0.001767825,2872,2872-5582 & 27369-29903,334514
parent_left,parent_right,sample,11,42,39.0,2.621362e-06,0.0,-5.5815,2e-05,1.572807e-05,4321,4321-5461 & 29511-29903,1058654
parent_left,parent_right,sample,4,31,31.0,9.549276e-05,0.0,-4.02,0.00057,0.0005728198,5184,5184-6335 & 28917-29903,496620
parent_left,parent_right,sample,6,13,13.0,0.000257998006,0.0,-3.5884,0.00155,0.00154699,692,692-6718 & 27514-29903,1330349
parent_left,parent_right,sample,5,7,7.0,0.007575758267,0.0,-2.1206,0.0446,0.04460231,3873,3873-13680 & 23665-29903,1110637
parent_left,parent_right,sample,7,14,14.0,6.8799462e-05,0.0,-4.1624,0.00041,0.0004127258,4504,4504-7849 & 28726-29903,550957
parent_left,parent_right,sample,4,19,19.0,0.000564652844,0.0,-3.2482,0.00338,0.003383138,3148,3148-7084 & 29510-29903,876195
parent_left,parent_right,sample,8,77,77.0,1.87e-10,0.0,-9.7281,0.0,1.12209e-09,5584,5584-6400 & 29701-29903,1057278
parent_left,parent_right,sample,8,22,22.0,1.537693e-06,0.0,-5.8131,1e-05,9.226123e-06,4890,4890-6556 & 29646-29903,130133
parent_left,parent_right,sample,7,59,59.0,1.0272e-08,0.0,-7.9883,0.0,6.163413e-08,5648,5648-6400 & 29510-29903,380339
parent_left,sample,parent_right,2,59,59.0,0.001639344147,0.0,-2.7853,0.0098,0.009795841,5812,5812-6400 & 29510-29903,380339
parent_left,parent_right,sample,5,17,17.0,0.000227842349,0.0,-3.6424,0.00137,0.001366276,3787,3787-10787 & 29075-29903,1410844
parent_left,parent_right,sample,8,73,73.0,2.8e-10,0.0,-9.5531,0.0,1.678883e-09,5386,5386-7122 & 29403-29903,1053479
parent_left,parent_right,sample,6,69,69.0,3.4764e-08,0.0,-7.4589,0.0,2.085821e-07,5386,5386-7122 & 29633-29903,946761
parent_left,parent_right,sample,6,26,26.0,7.724633e-06,0.0,-5.1121,5e-05,4.63469e-05,5584,5584-7122 & 28292-29903,369130
parent_left,parent_right,sample,5,27,27.0,2.9795014e-05,0.0,-4.5259,0.00018,0.0001787568,5184,5184-6614 & 28327-29903,803762
parent_left,parent_right,sample,9,40,40.0,4.867e-09,0.0,-8.3127,0.0,2.920482e-08,5386,5386-8391 & 29511-29903,1106336
parent_left,parent_right,sample,9,40,40.0,4.867e-09,0.0,-8.3127,0.0,2.920482e-08,5924,5924-9342 & 28604-29903,1083412
parent_right,sample,parent_left,5,9,9.0,0.002997003496,0.0,-2.5233,0.01785,0.01784783,2885,0-2788 & 5673-15276,1083412
parent_left,parent_right,sample,16,80,80.0,0.0,0.0,-16.5906,0.0,1.540199e-16,5584,5584-8391 & 29403-29903,967112
parent_left,parent_right,sample,8,10,9.0,0.003130856436,0.0,-2.5043,0.01864,0.01863872,5386,5386-11405 & 29633-29903,1200360
parent_left,parent_right,sample,6,38,38.0,9.91635e-07,0.0,-6.0036,1e-05,5.949794e-06,6528,6528-7290 & 28978-29903,82697
parent_left,parent_right,sample,4,18,18.0,0.000683527091,0.0,-3.1652,0.00409,0.004094161,4906,4906-10114 & 28682-29903,1407172
parent_left,parent_right,sample,6,23,23.0,1.4736224e-05,0.0,-4.8316,9e-05,8.841409e-05,6943,6943-7849 & 28707-29903,396951
parent_left,parent_right,sample,9,35,35.0,1.4106e-08,0.0,-7.8506,0.0,8.463454e-08,5183,5183-9347 & 28682-29903,1407336
parent_left,parent_right,sample,5,10,10.0,0.001998002408,0.0,-2.6994,0.01193,0.01192829,6968,6968-15619 & 28682-29903,1370930
parent_left,parent_right,sample,7,38,38.0,1.76291e-07,0.0,-6.7538,0.0,1.057743e-06,5386,5386-9342 & 29511-29903,1095230
parent_left,parent_right,sample,9,37,37.0,9.077e-09,0.0,-8.0421,0.0,5.446049e-08,5924,5924-9342 & 29421-29903,1034619
parent_left,parent_right,sample,4,16,16.0,0.001031991909,0.0,-2.9863,0.00618,0.006175998,4291,4291-9800 & 28170-29903,37970
parent_left,parent_right,sample,9,20,20.0,9.98502e-07,0.0,-6.0007,1e-05,5.990997e-06,7124,7124-9051 & 27875-29903,405949
parent_left,parent_right,sample,10,48,48.0,2.11e-10,0.0,-9.6761,0.0,1.264865e-09,7124,7124-9051 & 29403-29903,465910
parent_left,parent_right,sample,9,41,41.0,3.991e-09,0.0,-8.3989,0.0,2.394796e-08,7798,7798-9051 & 29743-29903,503891
parent_left,parent_right,sample,7,23,23.0,3.92966e-06,0.0,-5.4056,2e-05,2.357773e-05,7124,7124-9889 & 28736-29903,499869
parent_left,parent_right,sample,6,22,22.0,1.8580457e-05,0.0,-4.7309,0.00011,0.0001114776,6979,6979-9864 & 28331-29903,1338501
parent_left,parent_right,sample,11,36,35.0,2.9109e-08,0.0,-7.536,0.0,1.746556e-07,8390,8393-9422 & 27385-29903,1172823
parent_left,parent_right,sample,10,37,37.0,2.124e-09,0.0,-8.6728,0.0,1.274607e-08,8390,8393-9422 & 27385-29903,1059681
parent_left,parent_right,sample,10,38,38.0,1.682e-09,0.0,-8.7742,0.0,1.009064e-08,9206,9209-9422 & 28904-29903,1128440
parent_left,parent_right,sample,5,19,19.0,0.000141163226,0.0,-3.8503,0.00085,0.0008466805,6541,6541-10941 & 29467-29903,28379
parent_left,parent_right,sample,7,12,12.0,0.000158768002,0.0,-3.7992,0.00095,0.00095223,7005,4516-10454 & 23040-27405,594260
parent_left,parent_right,sample,6,20,20.0,3.0404386e-05,0.0,-4.5171,0.00018,0.0001824125,7712,7712-9855 & 28300-29903,454594
parent_left,parent_right,sample,6,12,12.0,0.000377074,0.0,-3.4236,0.00226,0.002260312,4993,4993-11672 & 28721-29903,1259749
parent_left,parent_right,sample,8,31,31.0,1.46285e-07,0.0,-6.8348,0.0,8.777098e-07,5183,5183-12158 & 28331-29903,1420385
parent_left,sample,parent_right,4,31,31.0,9.549276e-05,0.0,-4.02,0.00057,0.0005728198,8692,8692-12158 & 28331-29903,1420385
parent_left,parent_right,sample,11,33,33.0,1.565e-09,0.0,-8.8056,0.0,9.388034e-09,9531,9534-9998 & 29511-29903,1197273
parent_left,parent_right,sample,5,21,21.0,9.1213151e-05,0.0,-4.0399,0.00055,0.0005471541,6573,6573-12158 & 28331-29903,1337115
parent_left,parent_right,sample,16,27,27.0,6.4e-11,0.0,-10.1931,0.0,3.846414e-10,9274,9274-10027 & 29701-29903,875387
parent_right,parent_left,sample,25,11,11.0,4.3275e-08,0.0,-7.3638,0.0,2.596515e-07,3805,3971-5182 & 8987-9890,897177
parent_left,parent_right,sample,11,23,23.0,4.1944e-08,0.0,-7.3773,0.0,2.516623e-07,9678,9678-10397 & 28917-29903,376921
parent_left,parent_right,sample,12,76,76.0,0.0,0.0,-13.1986,0.0,3.797991e-13,9050,9053-10447 & 29687-29903,1057084
parent_left,parent_right,sample,12,25,25.0,7.018e-09,0.0,-8.1538,0.0,4.210566e-08,9863,9866-10445 & 24131-29903,1099995
parent_left,parent_right,sample,9,20,20.0,9.98502e-07,0.0,-6.0007,1e-05,5.990997e-06,8083,8083-10872 & 28893-29903,165974
parent_left,parent_right,sample,5,9,9.0,0.002997003496,0.0,-2.5233,0.01785,0.01784783,2910,2910-10397 & 28331-29903,1356780
parent_left,parent_right,sample,10,32,31.0,2.79318e-07,0.0,-6.5539,0.0,1.675905e-06,10195,10198-11535 & 27872-29903,1177107
parent_left,parent_right,sample,15,76,76.0,0.0,0.0,-15.5349,0.0,1.75073e-15,9050,9053-11199 & 29542-29903,1000242
parent_left,sample,parent_right,3,76,75.0,0.002971711801,0.0,-2.527,0.0177,0.01769833,6852,6855-11199 & 29542-29903,1000242
parent_left,parent_right,sample,6,16,16.0,9.3817449e-05,0.0,-4.0277,0.00056,0.0005627727,9889,8991-11672 & 25811-29005,1281893
parent_left,parent_right,sample,5,20,20.0,0.000112930575,0.0,-3.9472,0.00068,0.0006773922,9866,9866-12158 & 29360-29903,1409074
parent_left,parent_right,sample,7,12,11.0,0.002520441543,0.0,-2.5985,0.01503,0.01502768,9117,8728-11454 & 29045-29508,579097
parent_left,parent_right,sample,12,35,35.0,2.49e-10,0.0,-9.6042,0.0,1.492783e-09,7728,7728-13174 & 29219-29903,104754
parent_left,parent_right,sample,8,10,10.0,0.000205676712,0.0,-3.6868,0.00123,0.001233426,9800,9802-13103 & 26721-29903,649306
parent_left,parent_right,sample,13,18,18.0,6.7878e-08,0.0,-7.1683,0.0,4.072666e-07,10029,10029-11330 & 28529-29903,499847
parent_left,parent_right,sample,11,15,15.0,1.553165e-06,0.0,-5.8088,1e-05,9.318955e-06,10029,10029-11330 & 27875-29903,421696
parent_left,parent_right,sample,16,39,39.0,1e-12,0.0,-12.243,0.0,3.428659e-12,10444,10447-11672 & 27385-29903,1210797
parent_left,parent_right,sample,15,35,35.0,7e-12,0.0,-11.1482,0.0,4.265096e-11,10444,10447-11672 & 29021-29903,1048126
parent_left,parent_right,sample,15,32,32.0,2.1e-11,0.0,-10.6719,0.0,1.277248e-10,10444,10447-12878 & 28854-29903,1162485
parent_left,parent_right,sample,14,30,30.0,1.3e-10,0.0,-9.8844,0.0,7.829098e-10,10444,10447-12878 & 27385-29903,965353
parent_left,parent_right,sample,14,38,38.0,8e-12,0.0,-11.0716,0.0,5.087718e-11,9867,9867-14118 & 28976-29903,254203
parent_left,parent_right,sample,13,22,22.0,9.483e-09,0.0,-8.0231,0.0,5.689756e-08,11201,11201-11416 & 28917-29903,368048
parent_left,parent_right,sample,4,12,12.0,0.002747253049,0.0,-2.5611,0.01637,0.01637072,6286,6286-21253 & 28933-29903,45340
parent_left,parent_right,sample,4,14,14.0,0.00163398718,0.0,-2.7868,0.00976,0.009763962,10279,10279-12511 & 29510-29903,583782
parent_left,parent_right,sample,5,9,9.0,0.002997003496,0.0,-2.5233,0.01785,0.01784783,11115,11115-15574 & 29051-29903,336516
parent_left,parent_right,sample,17,36,36.0,1e-12,0.0,-12.254,0.0,3.342745e-12,10444,10447-12878 & 28016-29903,1189559
parent_left,parent_right,sample,7,7,7.0,0.002331002383,0.0,-2.6325,0.0139,0.01390476,8299,8299-14053 & 24781-29903,746901
parent_left,parent_right,sample,13,32,32.0,1.92e-10,0.0,-9.7172,0.0,1.150587e-09,11741,11750-12442 & 28682-29903,1430452
parent_left,sample,parent_right,2,32,32.0,0.005347594153,0.0,-2.2718,0.03166,0.03165966,10323,10323-12442 & 28682-29903,1430452
parent_left,parent_right,sample,5,20,20.0,0.000112930575,0.0,-3.9472,0.00068,0.0006773922,11665,11674-15007 & 28604-29903,1301051
parent_left,parent_right,sample,5,9,9.0,0.002997003496,0.0,-2.5233,0.01785,0.01784783,8984,8984-15124 & 27514-29903,1381343
parent_right,parent_left,sample,18,5,5.0,0.000564652786,0.0,-3.2482,0.00338,0.003383138,793,335-3794 & 4587-12443,1320033
parent_left,parent_right,sample,7,18,18.0,1.66424e-05,0.0,-4.7788,0.0001,9.985024e-05,5183,5183-14169 & 25417-29903,1357912
parent_left,sample,parent_right,3,18,18.0,0.003007519059,0.0,-2.5218,0.01791,0.01790998,11239,11399-14169 & 25417-29903,1357912
parent_left,parent_right,sample,5,9,9.0,0.002997003496,0.0,-2.5233,0.01785,0.01784783,8379,8379-17234 & 26108-29903,786190
parent_left,parent_right,sample,19,31,31.0,1e-12,0.0,-12.1819,0.0,3.946599e-12,11520,11537-13193 & 27385-29903,1187989
parent_left,parent_right,sample,15,15,15.0,1.03148e-07,0.0,-6.9865,0.0,6.188856e-07,11418,11418-13860 & 28917-29903,456614
parent_left,parent_right,sample,5,15,15.0,0.000386996951,0.0,-3.4123,0.00232,0.002319736,6970,6979-13719 & 28725-29903,1276533
parent_left,parent_right,sample,7,18,18.0,1.66424e-05,0.0,-4.7788,0.0001,9.985024e-05,12151,12160-14591 & 29615-29903,1373146
parent_left,parent_right,sample,18,32,32.0,1e-12,0.0,-11.9778,0.0,6.314556e-12,12863,12880-13858 & 27385-29903,1123300
parent_right,parent_left,sample,7,9,9.0,0.000699300843,0.0,-3.1553,0.00419,0.004188477,4496,0-1374 & 5870-13341,1375130
parent_right,parent_left,sample,7,10,10.0,0.000411353423,0.0,-3.3858,0.00247,0.002465584,4496,0-1374 & 5870-13341,1338277
parent_left,parent_right,sample,6,6,6.0,0.007575758267,0.0,-2.1206,0.0446,0.04460231,9792,8782-14406 & 24198-28143,1530
parent_left,parent_right,sample,5,13,13.0,0.000700280245,0.0,-3.1547,0.00419,0.004194332,12153,12162-14051 & 28096-29903,277217
parent_left,parent_right,sample,4,9,9.0,0.006993007846,0.0,-2.1553,0.04123,0.04123132,7926,7926-16724 & 29594-29903,367440
parent_left,parent_right,sample,9,15,15.0,7.648162e-06,0.0,-5.1164,5e-05,4.588809e-05,11412,11750-16933 & 28372-29903,1428039
parent_left,parent_right,sample,9,33,33.0,2.2427e-08,0.0,-7.6492,0.0,1.345618e-07,12153,12162-14674 & 28976-29903,263782
parent_left,sample,parent_right,2,33,33.0,0.005042017438,0.0,-2.2974,0.02987,0.02987333,12348,12357-14674 & 28976-29903,263782
parent_right,sample,10,11,9,0.004882115405,0.0,-2.3114,0.02894,0.02893749,6558.0,6354-13719 & 27132-29699,13721-14509 & 27132-29699,757547
parent_left,parent_right,sample,5,20,20.0,0.000112930575,0.0,-3.9472,0.00068,0.0006773922,10278,10287-16933 & 28725-29903,1398473
parent_left,parent_right,sample,8,17,17.0,8.3212e-06,0.0,-5.0798,5e-05,4.992616e-05,13260,14014-15538 & 28811-29903,843595
parent_left,parent_right,sample,9,15,15.0,7.648162e-06,0.0,-5.1164,5e-05,4.588809e-05,11741,11750-15007 & 27946-29903,1251638
parent_left,parent_right,sample,5,9,9.0,0.002997003496,0.0,-2.5233,0.01785,0.01784783,5829,5829-17400 & 28331-29903,1366397
parent_left,parent_right,sample,5,12,12.0,0.000969618792,0.0,-3.0134,0.0058,0.005803629,10633,11986-18058 & 28709-29903,1257069
parent_left,parent_right,sample,7,11,11.0,0.000251382648,0.0,-3.5997,0.00151,0.001507348,10969,10969-15910 & 28200-29903,816844
parent_left,parent_right,sample,17,28,28.0,1.6e-11,0.0,-10.7873,0.0,9.790872e-11,13178,13195-15712 & 29011-29903,1055297
parent_left,parent_right,sample,17,28,28.0,1.6e-11,0.0,-10.7873,0.0,9.790872e-11,11646,12880-15712 & 27385-29903,960400
parent_right,parent_left,sample,16,20,20.0,2.326e-09,0.0,-8.6333,0.0,1.395756e-08,10049,0-2971 & 13020-16220,483758
parent_right,sample,6,16,15,0.001702116453,0.0,-2.769,0.01017,0.01016934,8866.0,12160-19009 & 27890-29665,12160-19009 & 29667-29903,1350338
parent_left,parent_right,sample,8,10,10.0,0.000205676712,0.0,-3.6868,0.00123,0.001233426,11369,15002-17748 & 29141-29903,1395297
parent_right,parent_left,sample,6,7,7.0,0.004079254344,0.0,-2.3894,0.02423,0.02422727,13324,0-895 & 14941-16542,1090717
parent_left,parent_right,sample,7,16,16.0,3.2632153e-05,0.0,-4.4864,0.0002,0.0001957769,6743,12792-22915 & 29667-29903,1289393
parent_left,parent_right,sample,7,25,25.0,2.37681e-06,0.0,-5.624,1e-05,1.426078e-05,12151,12160-16724 & 29755-29903,1346198
parent_left,parent_right,sample,6,9,9.0,0.001398601686,0.0,-2.8543,0.00836,0.008362323,7924,12651-20427 & 28375-29903,1327685
parent_left,parent_right,sample,6,6,6.0,0.007575758267,0.0,-2.1206,0.0446,0.04460231,6979,6979-16933 & 28331-29903,1317484
parent_left,parent_right,sample,6,10,10.0,0.000874126039,0.0,-3.0584,0.00523,0.005233308,6885,10834-21460 & 28372-29903,1391762
parent_left,parent_right,sample,6,8,8.0,0.002331002848,0.0,-2.6325,0.0139,0.01390477,11441,15596-17914 & 29368-29903,492039
parent_left,parent_right,sample,8,8,8.0,0.000699300785,0.0,-3.1553,0.00419,0.004188476,7978,7978-19522 & 28726-29903,478391
parent_left,parent_right,sample,5,11,11.0,0.001373626525,0.0,-2.8621,0.00821,0.008213508,6743,14395-22478 & 29228-29903,472124
parent_left,parent_right,sample,4,9,9.0,0.006993007846,0.0,-2.1553,0.04123,0.04123132,8417,11962-20592 & 29033-29903,1363811
parent_left,parent_right,sample,4,9,9.0,0.006993007846,0.0,-2.1553,0.04123,0.04123132,8857,9967-19522 & 28403-29903,1333151
parent_left,parent_right,sample,7,8,8.0,0.001243201434,0.0,-2.9055,0.00744,0.007436064,6576,14184-21787 & 28372-29903,1344192
parent_left,parent_right,sample,17,28,28.0,1.6e-11,0.0,-10.7873,0.0,9.790872e-11,10511,13195-17408 & 27946-29903,966905
parent_right,parent_left,sample,18,28,27.0,2.88e-10,0.0,-9.5411,0.0,1.726173e-09,12481,0-3138 & 16727-17409,681283
parent_left,parent_right,sample,7,9,9.0,0.000699300843,0.0,-3.1553,0.00419,0.004188477,8265,13611-21230 & 29519-29903,1295777
parent_left,parent_right,sample,7,13,12.0,0.00172858627,0.0,-2.7623,0.01033,0.0103268,10187,14396-18161 & 28372-29903,1370994
parent_right,parent_left,sample,5,9,9.0,0.002997003496,0.0,-2.5233,0.01785,0.01784783,11414,0-5627 & 17041-18114,389317
parent_right,parent_left,sample,7,9,9.0,0.000699300843,0.0,-3.1553,0.00419,0.004188477,7609,0-6406 & 14015-18500,867631
parent_left,parent_right,sample,5,15,15.0,0.000386996951,0.0,-3.4123,0.00232,0.002319736,6119,14599-22597 & 28725-29903,1305793
parent_left,parent_right,sample,5,9,9.0,0.002997003496,0.0,-2.5233,0.01785,0.01784783,9545,17040-18742 & 28300-29903,559339
parent_right,parent_left,sample,5,7,7.0,0.007575758267,0.0,-2.1206,0.0446,0.04460231,10986,0-2256 & 15599-18904,410724
parent_left,parent_right,sample,9,19,19.0,1.447828e-06,0.0,-5.8393,1e-05,8.686935e-06,7709,17402-21075 & 28808-29903,1317771
parent_right,parent_left,sample,8,14,14.0,2.8145236e-05,0.0,-4.5506,0.00017,0.0001688595,10731,0-1265 & 13020-19159,366278
parent_right,parent_left,sample,14,27,27.0,4.26e-10,0.0,-9.3709,0.0,2.553906e-09,10671,0-2244 & 14221-19219,672079
parent_right,parent_left,sample,9,21,20.0,1.8312525e-05,0.0,-4.7373,0.00011,0.0001098701,9140,0-3880 & 13020-19219,371354
parent_right,parent_left,sample,13,17,17.0,1.16901e-07,0.0,-6.9322,0.0,7.014036e-07,9206,0-3814 & 13020-19219,622954
parent_right,parent_left,sample,9,23,23.0,3.56522e-07,0.0,-6.4479,0.0,2.139128e-06,10671,0-1265 & 17497-19219,432690
parent_right,parent_left,sample,5,7,7.0,0.007575758267,0.0,-2.1206,0.0446,0.04460231,6675,0-2243 & 8918-19535,1283164
parent_left,parent_right,sample,24,26,26.0,0.0,0.0,-12.6868,0.0,1.234074e-12,8912,17410-20053 & 29001-29903,1002687
parent_left,parent_right,sample,23,23,23.0,3e-12,0.0,-11.5354,0.0,1.748967e-11,8410,17410-20053 & 28499-29903,1196233
parent_left,parent_right,sample,10,21,21.0,2.48015e-07,0.0,-6.6055,0.0,1.488089e-06,7933,15597-21719 & 29667-29903,1303463
parent_left,parent_right,sample,17,25,24.0,2.741e-09,0.0,-8.5621,0.0,1.644534e-08,7715,16176-21253 & 28978-29903,79763
parent_left,parent_right,sample,10,29,29.0,1.7303e-08,0.0,-7.7619,0.0,1.038152e-07,6578,12444-21999 & 28586-29903,1404920
parent_left,sample,parent_right,2,29,29.0,0.006451613735,0.0,-2.1903,0.03809,0.03809068,6578,16448-21999 & 28586-29903,1404920
parent_left,parent_right,sample,21,31,31.0,0.0,0.0,-12.9409,0.0,6.875295e-13,6862,19326-21808 & 28682-29903,1429711
parent_right,parent_left,sample,6,7,7.0,0.004079254344,0.0,-2.3894,0.02423,0.02422727,9451,0-4345 & 15452-20428,1335050
parent_left,parent_right,sample,10,13,13.0,9.614831e-06,0.0,-5.0171,6e-05,5.76876e-05,7894,16726-21844 & 29751-29903,794708
parent_left,parent_right,sample,18,25,25.0,3.1e-11,0.0,-10.5054,0.0,1.873894e-10,6562,19326-21003 & 27577-29903,1430261
parent_left,parent_right,sample,5,12,12.0,0.000969618792,0.0,-3.0134,0.0058,0.005803629,2189,16935-26527 & 28725-29903,1292896
parent_left,parent_right,sample,7,16,16.0,3.2632153e-05,0.0,-4.4864,0.0002,0.0001957769,7356,20451-22302 & 29667-29903,1279042
parent_left,parent_right,sample,14,14,14.0,3.7391e-07,0.0,-6.4272,0.0,2.243458e-06,5587,18984-22303 & 27890-29903,1294443
parent_left,parent_right,sample,6,7,7.0,0.004079254344,0.0,-2.3894,0.02423,0.02422727,2570,18228-27036 & 29615-29903,1318668
parent_right,parent_left,sample,6,9,9.0,0.001398601686,0.0,-2.8543,0.00836,0.008362323,8730,355-4048 & 17041-21515,674172
parent_left,parent_right,sample,4,11,11.0,0.00366300391,0.0,-2.4362,0.02178,0.02177774,6729,18501-22877 & 29615-29903,1321670
parent_left,parent_right,sample,4,15,15.0,0.001289989916,0.0,-2.8894,0.00772,0.007715021,7133,11837-21568 & 28725-29903,1337674
parent_left,parent_right,sample,9,5,5.0,0.004995006137,0.0,-2.3015,0.0296,0.02959827,88,13193-22811 & 22899-23190,1008581
parent_left,parent_right,sample,19,21,21.0,1.52e-10,0.0,-9.8172,0.0,9.140603e-10,5607,17410-21760 & 27385-29903,1003220
parent_left,parent_right,sample,26,23,22.0,2.1e-11,0.0,-10.6694,0.0,1.284465e-10,5732,20055-21760 & 27510-29509,1154548
parent_left,sample,parent_right,3,23,23.0,0.001538461773,0.0,-2.8129,0.0092,0.00919534,5732,19374-21760 & 27510-29733,1154548
parent_right,parent_left,sample,23,31,30.0,1e-12,0.0,-11.9494,0.0,6.740771e-12,8250,0-2468 & 20056-21617,1158182
parent_right,sample,parent_left,5,31,29.0,0.006398013793,0.0,-2.194,0.03778,0.03777928,3487,0-2468 & 22787-26407,1158182
parent_right,parent_left,sample,26,29,29.0,0.0,0.0,-14.1202,0.0,4.549811e-14,8250,0-668 & 20056-21617,1145942
parent_right,parent_left,sample,11,15,15.0,1.553165e-06,0.0,-5.8088,1e-05,9.318955e-06,8196,0-1586 & 21615-21706,260179
parent_left,parent_right,sample,11,20,20.0,1.41723e-07,0.0,-6.8486,0.0,8.50337e-07,6743,16092-22915 & 29667-29903,1288801
parent_left,parent_right,sample,7,16,16.0,3.2632153e-05,0.0,-4.4864,0.0002,0.0001957769,6743,17634-22915 & 29667-29903,1296795
parent_right,parent_left,sample,19,6,6.0,0.000112930553,0.0,-3.9472,0.00068,0.000677392,5137,5512-9864 & 15010-21720,1318288
parent_left,parent_right,sample,9,16,16.0,4.894823e-06,0.0,-5.3103,3e-05,2.936858e-05,5758,18788-22915 & 28682-29903,1267873
parent_left,parent_right,sample,10,18,18.0,8.38216e-07,0.0,-6.0766,1e-05,5.029286e-06,7643,16394-22015 & 29667-29903,1383149
parent_left,parent_right,sample,25,55,55.0,0.0,0.0,-19.1454,0.0,4.292629e-19,7737,21618-21896 & 29667-29903,961285
parent_right,parent_left,sample,6,10,10.0,0.000874126039,0.0,-3.0584,0.00523,0.005233308,6978,0-4904 & 21078-22916,1293317
parent_left,parent_right,sample,16,28,28.0,4.1e-11,0.0,-10.3894,0.0,2.447718e-10,6659,20235-22014 & 28682-29903,1401612
parent_left,parent_right,sample,23,26,26.0,0.0,0.0,-12.3858,0.0,2.468148e-12,6748,20741-22014 & 28771-29903,1432902
parent_left,parent_right,sample,18,27,27.0,1.1e-11,0.0,-10.9557,0.0,6.643805e-11,5916,21255-23061 & 28978-29903,122444
parent_left,parent_right,sample,7,17,16.0,0.000468067592,0.0,-3.3297,0.00281,0.002805121,6645,18568-23016 & 29670-29903,1277345
parent_left,parent_right,sample,7,11,11.0,0.000251382648,0.0,-3.5997,0.00151,0.001507348,7265,15237-21985 & 29263-29903,371112
parent_right,parent_left,sample,8,23,23.0,1.140869e-06,0.0,-5.9428,1e-05,6.845195e-06,8045,0-5182 & 19221-21845,493884
parent_left,parent_right,sample,7,9,9.0,0.000699300843,0.0,-3.1553,0.00419,0.004188477,5479,13501-22049 & 27528-29903,413359
parent_left,parent_right,sample,5,11,11.0,0.001373626525,0.0,-2.8621,0.00821,0.008213508,7080,15324-21853 & 28933-29903,26465
parent_left,parent_right,sample,6,6,6.0,0.007575758267,0.0,-2.1206,0.0446,0.04460231,7673,14014-21985 & 29671-29903,439722
parent_left,parent_right,sample,7,7,7.0,0.002331002383,0.0,-2.6325,0.0139,0.01390476,6647,21668-22225 & 28879-29903,695155
parent_left,parent_right,sample,8,16,14.0,0.002431095578,0.0,-2.6142,0.0145,0.01449821,3403,15451-22014 & 25417-29903,1379419
parent_left,parent_right,sample,8,5,5.0,0.006993007846,0.0,-2.1553,0.04123,0.04123132,6,21987-27570 & 27576-28902,652506
parent_left,parent_right,sample,7,10,10.0,0.000411353423,0.0,-3.3858,0.00247,0.002465584,4639,20759-22908 & 27547-29903,1382884
parent_left,parent_right,sample,7,9,9.0,0.000699300843,0.0,-3.1553,0.00419,0.004188477,5883,18084-22790 & 28682-29903,1288968
parent_left,parent_right,sample,24,28,28.0,0.0,0.0,-13.2319,0.0,3.517948e-13,6344,22033-22329 & 28682-29903,1420166
parent_left,parent_right,sample,12,5,5.0,0.002100840677,0.0,-2.6776,0.01254,0.01253903,9,22186-22196 & 22205-27383,1107255
parent_left,parent_right,sample,6,6,6.0,0.007575758267,0.0,-2.1206,0.0446,0.04460231,618,19073-22196 & 22814-29699,1067666
parent_right,parent_left,sample,5,8,8.0,0.004662005231,0.0,-2.3314,0.02765,0.02764804,7698,0-3862 & 17146-22196,1052140
parent_right,parent_left,sample,19,23,22.0,1.746e-09,0.0,-8.758,0.0,1.047507e-08,7695,0-2468 & 21763-22199,1158127
parent_right,parent_left,sample,5,14,13.0,0.007825938053,0.0,-2.1065,0.04605,0.04604648,6221,0-2830 & 9054-22196,1014313
parent_left,sample,7,16,15,0.000632248004,0.0,-3.1991,0.00379,0.003787497,7670.0,0-5182 & 13020-18743,0-5182 & 18745-22226,429553
parent_right,parent_left,sample,9,22,22.0,4.9603e-07,0.0,-6.3045,0.0,2.976177e-06,7664,0-4179 & 19221-22226,452874
parent_left,sample,7,11,10,0.003770739306,0.0,-2.4236,0.02241,0.02241223,6572.0,0-3409 & 16936-22457,0-3409 & 22459-23322,1366682
parent_right,parent_left,sample,10,14,14.0,5.608651e-06,0.0,-5.2511,3e-05,3.365144e-05,7318,0-259 & 22318-22576,1396207
parent_left,sample,parent_right,14,10,8.0,0.00168259535,0.0,-2.774,0.01005,0.0100532,2761,22896-22940 & 25701-27914,1396207
parent_left,parent_right,sample,28,52,52.0,0.0,0.0,-20.0015,0.0,5.978756e-20,6790,21762-22597 & 29403-29903,1060983
parent_right,parent_left,sample,18,28,27.0,2.88e-10,0.0,-9.5411,0.0,1.726173e-09,7296,0-2468 & 22203-22598,938900
parent_left,parent_right,sample,5,9,9.0,0.002997003496,0.0,-2.5233,0.01785,0.01784783,1183,22204-22672 & 23855-29903,871356
parent_right,parent_left,sample,5,9,9.0,0.002997003496,0.0,-2.5233,0.01785,0.01784783,7184,0-5390 & 17722-22712,438742
parent_right,parent_left,sample,19,36,36.0,0.0,0.0,-13.147,0.0,4.276911e-13,7120,0-668 & 22674-22774,1130789
parent_right,parent_left,sample,7,8,8.0,0.001243201434,0.0,-2.9055,0.00744,0.007436064,7016,0-4688 & 21521-22878,1365526
parent_right,parent_left,sample,8,10,10.0,0.000205676712,0.0,-3.6868,0.00123,0.001233426,7002,0-1929 & 16617-22892,1427576
parent_left,parent_right,sample,13,16,16.0,2.06295e-07,0.0,-6.6855,0.0,1.237771e-06,5776,22017-22940 & 28725-29903,1419248
parent_right,parent_left,sample,10,11,11.0,3.1186566e-05,0.0,-4.506,0.00019,0.0001871048,7296,0-1929 & 16936-22598,1413005
parent_right,parent_left,sample,7,9,9.0,0.000699300843,0.0,-3.1553,0.00419,0.004188477,7296,0-1625 & 16936-22598,1422524
parent_right,parent_left,sample,10,11,11.0,3.1186566e-05,0.0,-4.506,0.00019,0.0001871048,7296,0-1625 & 16936-22598,1412422
parent_right,parent_left,sample,6,7,7.0,0.004079254344,0.0,-2.3894,0.02423,0.02422727,6998,0-1929 & 13343-22893,1359331
parent_left,parent_right,sample,6,16,16.0,9.3817449e-05,0.0,-4.0277,0.00056,0.0005627727,6743,22792-22915 & 29667-29903,1239723
parent_left,parent_right,sample,5,10,10.0,0.001998002408,0.0,-2.6994,0.01193,0.01192829,3795,6698-22915 & 26710-29903,896340
parent_left,parent_right,sample,8,17,17.0,8.3212e-06,0.0,-5.0798,5e-05,4.992616e-05,5315,22599-23016 & 28331-29903,1348822
parent_left,sample,parent_right,4,17,17.0,0.000835421961,0.0,-3.0781,0.005,0.005002074,5315,22786-23016 & 28331-29903,1348822
parent_left,parent_right,sample,10,17,17.0,1.303892e-06,0.0,-5.8848,1e-05,7.823324e-06,5315,22599-23016 & 28331-29903,1291970
parent_left,parent_right,sample,8,8,8.0,0.000699300785,0.0,-3.1553,0.00419,0.004188476,4773,21721-23016 & 27789-29903,1282899
parent_left,parent_right,sample,5,10,10.0,0.001998002408,0.0,-2.6994,0.01193,0.01192829,3795,12309-22915 & 26710-29903,898770
parent_right,parent_left,sample,8,15,15.0,1.8355589e-05,0.0,-4.7362,0.00011,0.0001101285,6882,0-9164 & 22883-23012,908970
parent_right,parent_left,sample,5,29,29.0,2.1562881e-05,0.0,-4.6663,0.00013,0.0001293703,6884,0-1682 & 22228-23012,583110
parent_right,parent_left,sample,7,11,11.0,0.000251382648,0.0,-3.5997,0.00151,0.001507348,1301,0-21593 & 22918-23039,990337
parent_right,parent_left,sample,4,11,11.0,0.00366300391,0.0,-2.4362,0.02178,0.02177774,6847,0-7924 & 23014-23047,908926
parent_left,parent_right,sample,19,23,23.0,4.5e-11,0.0,-10.3491,0.0,2.685914e-10,6286,22444-23269 & 29556-29903,125722
parent_left,sample,parent_right,3,23,23.0,0.001538461773,0.0,-2.8129,0.0092,0.00919534,6286,21123-23269 & 29556-29903,125722
parent_right,parent_left,sample,6,16,16.0,9.3817449e-05,0.0,-4.0277,0.00056,0.0005627727,6777,0-1091 & 21302-23119,904404
parent_right,parent_left,sample,8,10,10.0,0.000205676712,0.0,-3.6868,0.00123,0.001233426,6607,0-9177 & 19907-23283,899982
parent_left,parent_right,sample,7,9,9.0,0.000699300843,0.0,-3.1553,0.00419,0.004188477,5549,17278-23321 & 28879-29903,1281614
parent_left,parent_right,sample,7,8,8.0,0.001243201434,0.0,-2.9055,0.00744,0.007436064,6285,18160-23321 & 29615-29903,1335368
parent_right,parent_left,sample,9,19,19.0,1.447828e-06,0.0,-5.8393,1e-05,8.686935e-06,6471,0-5181 & 21847-23425,838054
parent_left,parent_right,sample,5,11,11.0,0.001373626525,0.0,-2.8621,0.00821,0.008213508,2189,21077-26527 & 28725-29903,1341590
parent_left,parent_right,sample,6,16,16.0,9.3817449e-05,0.0,-4.0277,0.00056,0.0005627727,5198,14599-23533 & 28740-29903,1379763
parent_left,parent_right,sample,7,13,13.0,0.0001031992,0.0,-3.9863,0.00062,0.0006190355,2189,22599-26527 & 28725-29903,1389175
parent_left,sample,parent_right,3,13,13.0,0.007142857648,0.0,-2.1461,0.0421,0.04209909,2189,19203-26527 & 28725-29903,1389175
parent_right,parent_left,sample,6,8,8.0,0.002331002848,0.0,-2.6325,0.0139,0.01390477,6340,0-3549 & 16727-23550,701359
parent_right,sample,9,14,13,0.000243517454,0.0,-3.6135,0.00146,0.001460216,2980.0,23535-25350 & 28331-29357,23535-25350 & 29359-29903,1376425
parent_right,parent_left,sample,8,26,26.0,4.95698e-07,0.0,-6.3048,0.0,2.974187e-06,6139,0-2649 & 21988-23757,415855
parent_right,parent_left,sample,6,16,16.0,9.3817449e-05,0.0,-4.0277,0.00056,0.0005627727,5910,0-4800 & 21847-23986,891208
parent_right,parent_left,sample,8,11,11.0,0.000119075987,0.0,-3.9242,0.00071,0.0007142433,5689,0-2145 & 17237-24207,627114
parent_left,parent_right,sample,20,11,9.0,9.7753349e-05,0.0,-4.0099,0.00059,0.0005863768,4524,22801-24365 & 28896-29737,429995
parent_right,parent_left,sample,6,13,13.0,0.000257998006,0.0,-3.5884,0.00155,0.00154699,5689,0-2516 & 21526-24207,516785
parent_right,parent_left,sample,9,25,25.0,1.90653e-07,0.0,-6.7198,0.0,1.143919e-06,5578,0-3946 & 22206-24318,578884
parent_left,parent_right,sample,6,6,6.0,0.007575758267,0.0,-2.1206,0.0446,0.04460231,2418,21614-26949 & 29367-29903,42494
parent_left,parent_right,sample,5,9,9.0,0.002997003496,0.0,-2.5233,0.01785,0.01784783,3936,19524-25670 & 29615-29903,1324872
parent_right,parent_left,sample,6,8,8.0,0.002331002848,0.0,-2.6325,0.0139,0.01390477,5275,0-3041 & 15373-24619,1291130
parent_right,parent_left,sample,14,23,23.0,2.456e-09,0.0,-8.6097,0.0,1.473698e-08,5275,0-3794 & 23019-24619,1378208
parent_left,parent_right,sample,5,9,9.0,0.002997003496,0.0,-2.5233,0.01785,0.01784783,1418,19524-27036 & 28463-29903,1340062
parent_right,parent_left,sample,5,19,19.0,0.000141163226,0.0,-3.8503,0.00085,0.0008466805,5197,0-1189 & 19221-24699,325811
parent_left,parent_right,sample,12,7,7.0,0.000257997948,0.0,-3.5884,0.00155,0.00154699,1929,23683-25585 & 27514-29665,1382683
parent_right,parent_left,sample,10,24,24.0,8.3887e-08,0.0,-7.0763,0.0,5.033245e-07,5034,0-1818 & 22185-24862,602842
parent_right,parent_left,sample,9,17,17.0,3.200461e-06,0.0,-5.4948,2e-05,1.920261e-05,5019,0-2059 & 21988-24871,644638
parent_right,parent_left,sample,7,8,8.0,0.001243201434,0.0,-2.9055,0.00744,0.007436064,4976,0-1929 & 20149-24918,1382090
parent_right,parent_left,sample,5,7,7.0,0.007575758267,0.0,-2.1206,0.0446,0.04460231,4894,0-1739 & 12224-25002,410200
parent_right,parent_left,sample,11,13,13.0,4.807416e-06,0.0,-5.3181,3e-05,2.884415e-05,4825,0-1166 & 19007-25071,839215
parent_right,parent_left,sample,5,8,8.0,0.004662005231,0.0,-2.3314,0.02765,0.02764804,4581,0-10842 & 20177-25315,536330
parent_left,parent_right,sample,9,11,11.0,5.953799e-05,0.0,-4.2252,0.00036,0.0003571748,1804,23673-26527 & 28331-29903,1271665
parent_left,sample,parent_right,4,11,11.0,0.00366300391,0.0,-2.4362,0.02178,0.02177774,1804,12439-26527 & 28331-29903,1271665
parent_left,parent_right,sample,12,12,12.0,4.807416e-06,0.0,-5.3181,3e-05,2.884415e-05,3141,23323-25532 & 28682-29903,1264200
parent_right,parent_left,sample,10,12,12.0,1.7010856e-05,0.0,-4.7693,0.0001,0.0001020608,4479,0-333 & 23019-25415,1344977
parent_right,parent_left,sample,14,16,16.0,1.03148e-07,0.0,-6.9865,0.0,6.188856e-07,4478,0-8288 & 23041-25415,1301257
parent_left,parent_right,sample,11,13,13.0,4.807416e-06,0.0,-5.3181,3e-05,2.884415e-05,3130,23673-26527 & 29667-29903,1316888
parent_left,parent_right,sample,6,7,7.0,0.004079254344,0.0,-2.3894,0.02423,0.02422727,2564,22377-26109 & 28682-29903,1322026
parent_left,parent_right,sample,11,14,14.0,2.692153e-06,0.0,-5.5699,2e-05,1.615281e-05,3131,23535-26527 & 29667-29903,1388466
parent_right,parent_left,sample,6,8,8.0,0.002331002848,0.0,-2.6325,0.0139,0.01390477,8208,3811-6627 & 20887-25499,696327
parent_right,parent_left,sample,12,18,18.0,1.50301e-07,0.0,-6.823,0.0,9.018045e-07,4399,0-4440 & 21856-25504,42873
parent_right,parent_left,sample,7,19,19.0,1.2161753e-05,0.0,-4.915,7e-05,7.29683e-05,4379,0-1418 & 21058-25517,757612
parent_left,parent_right,sample,10,14,14.0,5.608651e-06,0.0,-5.2511,3e-05,3.365144e-05,2189,21789-26527 & 28725-29903,1313481
parent_right,parent_left,sample,6,8,8.0,0.002331002848,0.0,-2.6325,0.0139,0.01390477,4342,0-5282 & 16294-25552,1334856
parent_right,parent_left,sample,4,18,18.0,0.000683527091,0.0,-3.1652,0.00409,0.004094161,4335,0-1265 & 20263-25561,248276
parent_right,parent_left,sample,12,14,14.0,1.346076e-06,0.0,-5.8709,1e-05,8.07643e-06,4341,0-5627 & 19719-25562,27003
parent_left,parent_right,sample,9,6,6.0,0.001998002408,0.0,-2.6994,0.01193,0.01192829,1291,24928-25853 & 27144-29252,835996
parent_right,parent_left,sample,4,11,11.0,0.00366300391,0.0,-2.4362,0.02178,0.02177774,4283,0-1249 & 21847-25613,929067
parent_right,parent_left,sample,5,9,9.0,0.002997003496,0.0,-2.5233,0.01785,0.01784783,3992,0-2037 & 21790-25902,1370927
parent_right,parent_left,sample,5,10,10.0,0.001998002408,0.0,-2.6994,0.01193,0.01192829,3863,0-3946 & 16727-26033,660281
parent_right,parent_left,sample,10,40,39.0,4.7799e-08,0.0,-7.3206,0.0,2.867913e-07,3835,0-2468 & 25097-26059,1062830
parent_right,parent_left,sample,7,37,37.0,2.08765e-07,0.0,-6.6803,0.0,1.252591e-06,3835,0-2451 & 24131-26059,964555
parent_right,parent_left,sample,7,29,29.0,9.5835e-07,0.0,-6.0185,1e-05,5.750088e-06,3790,0-2443 & 22428-26106,513122
parent_right,parent_left,sample,7,20,20.0,9.008706e-06,0.0,-5.0453,5e-05,5.405102e-05,3790,0-2266 & 25615-26106,894500
parent_right,parent_left,sample,7,19,19.0,1.2161753e-05,0.0,-4.915,7e-05,7.29683e-05,3670,0-6038 & 21787-26226,827500
parent_right,parent_left,sample,5,7,7.0,0.007575758267,0.0,-2.1206,0.0446,0.04460231,3642,0-5510 & 21790-26251,1363896
parent_left,parent_right,sample,29,4,4.0,0.000733138004,0.0,-3.1348,0.00439,0.004390774,4,26275-26489 & 26493-28092,1425714
parent_right,parent_left,sample,4,10,10.0,0.004995005671,0.0,-2.3015,0.0296,0.02959827,3409,0-6406 & 17428-26487,524189
parent_left,parent_right,sample,14,4,4.0,0.004901961423,0.0,-2.3096,0.02905,0.02905368,4,25003-26489 & 26493-29542,882353
parent_right,parent_left,sample,4,14,14.0,0.00163398718,0.0,-2.7868,0.00976,0.009763962,3409,0-3872 & 25190-26487,662100
parent_left,parent_right,sample,7,13,13.0,0.0001031992,0.0,-3.9863,0.00062,0.0006190355,2093,24106-26856 & 28958-29903,1270184
parent_right,parent_left,sample,10,11,11.0,3.1186566e-05,0.0,-4.506,0.00019,0.0001871048,3366,0-12158 & 23768-26528,1276626
parent_right,sample,7,14,13,0.001212590374,0.0,-2.9163,0.00725,0.007253522,1571.0,22910-26856 & 28436-29357,22910-26856 & 29359-29903,1350045
parent_left,parent_right,sample,11,12,12.0,8.875229e-06,0.0,-5.0518,5e-05,5.325019e-05,2822,23535-26856 & 29687-29903,1381416
parent_left,parent_right,sample,10,14,14.0,5.608651e-06,0.0,-5.2511,3e-05,3.365144e-05,1928,23535-26856 & 28793-29903,1340173
parent_right,parent_left,sample,10,11,11.0,3.1186566e-05,0.0,-4.506,0.00019,0.0001871048,3366,0-3683 & 21571-26528,1298543
parent_right,parent_left,sample,9,12,12.0,3.4021716e-05,0.0,-4.4682,0.0002,0.0002041129,3366,0-1929 & 23019-26528,1279995
parent_right,parent_left,sample,12,13,13.0,2.499856e-06,0.0,-5.6021,1e-05,1.499904e-05,3366,0-1625 & 23041-26528,1333649
parent_left,parent_right,sample,10,10,10.0,5.9537997e-05,0.0,-4.2252,0.00036,0.0003571748,1475,23248-26856 & 28331-29903,1301898
parent_right,parent_left,sample,11,28,28.0,7.16e-09,0.0,-8.1451,0.0,4.2958e-08,3366,0-2324 & 25417-26528,1361724
parent_left,parent_right,sample,8,13,13.0,4.4228229e-05,0.0,-4.3543,0.00027,0.00026534,2802,23535-26856 & 29667-29903,1297571
parent_right,parent_left,sample,8,15,15.0,1.8355589e-05,0.0,-4.7362,0.00011,0.0001101285,3240,0-1344 & 25845-26663,148227
parent_right,parent_left,sample,5,7,7.0,0.007575758267,0.0,-2.1206,0.0446,0.04460231,3526,337-3325 & 21856-26713,153040
parent_right,parent_left,sample,4,15,15.0,0.001289989916,0.0,-2.8894,0.00772,0.007715021,3142,0-3683 & 21078-26752,1361403
parent_right,parent_left,sample,9,27,26.0,3.356586e-06,0.0,-5.4741,2e-05,2.013935e-05,3130,0-743 & 24411-26766,357756
parent_right,sample,parent_left,3,27,27.0,0.000985221704,0.0,-3.0065,0.0059,0.005896789,1027,0-743 & 27753-28876,357756
parent_right,parent_left,sample,7,47,47.0,4.5172e-08,0.0,-7.3451,0.0,2.710325e-07,3034,0-1583 & 26061-26857,1147618
parent_right,parent_left,sample,11,30,30.0,3.798e-09,0.0,-8.4204,0.0,2.27887e-08,3037,0-1625 & 26276-26857,1400720
parent_left,parent_right,sample,7,7,7.0,0.002331002383,0.0,-2.6325,0.0139,0.01390476,1459,23040-27257 & 28725-29903,1189192
parent_right,parent_left,sample,5,15,15.0,0.000386996951,0.0,-3.4123,0.00232,0.002319736,2892,0-918 & 25793-27004,727176
parent_right,parent_left,sample,5,13,13.0,0.000700280245,0.0,-3.1547,0.00419,0.004194332,2883,0-1929 & 22894-27011,1423858
parent_left,parent_right,sample,5,7,7.0,0.007575758267,0.0,-2.1206,0.0446,0.04460231,2170,17615-27436 & 29615-29903,1390557
parent_right,parent_left,sample,6,7,7.0,0.004079254344,0.0,-2.3894,0.02423,0.02422727,2883,0-1929 & 17208-27011,1346141
parent_right,parent_left,sample,5,8,8.0,0.004662005231,0.0,-2.3314,0.02765,0.02764804,2883,0-6892 & 17286-27011,1382185
parent_right,parent_left,sample,6,12,12.0,0.000377074,0.0,-3.4236,0.00226,0.002260312,2883,0-5701 & 20893-27011,1362089
parent_right,parent_left,sample,5,8,8.0,0.004662005231,0.0,-2.3314,0.02765,0.02764804,2883,0-3094 & 15452-27011,1335483
parent_right,parent_left,sample,4,29,29.0,0.000122189667,0.0,-3.913,0.00073,0.0007329141,2876,0-591 & 22228-27020,435268
parent_right,parent_left,sample,6,8,8.0,0.002331002848,0.0,-2.6325,0.0139,0.01390477,2857,0-5282 & 17286-27037,1374207
parent_right,parent_left,sample,4,11,11.0,0.00366300391,0.0,-2.4362,0.02178,0.02177774,2857,0-1625 & 14748-27037,1391791
parent_left,parent_right,sample,5,7,7.0,0.007575758267,0.0,-2.1206,0.0446,0.04460231,510,26858-27380 & 27890-29903,1317640
parent_right,parent_left,sample,11,22,22.0,6.2004e-08,0.0,-7.2076,0.0,3.720225e-07,2636,0-1625 & 26811-27258,1309135
parent_right,parent_left,sample,6,12,12.0,0.000377074,0.0,-3.4236,0.00226,0.002260312,2518,0-2468 & 23665-27376,983066
parent_right,parent_left,sample,6,8,8.0,0.002331002848,0.0,-2.6325,0.0139,0.01390477,2518,0-3239 & 23665-27376,925211
parent_right,parent_left,sample,5,48,48.0,2.090822e-06,0.0,-5.6797,1e-05,1.254487e-05,2513,0-668 & 26531-27381,1030562
parent_right,parent_left,sample,6,15,15.0,0.000128999003,0.0,-3.8894,0.00077,0.0007737445,2513,0-1625 & 27039-27381,1381228
parent_right,parent_left,sample,6,45,45.0,3.88685e-07,0.0,-6.4104,0.0,2.332106e-06,2513,0-960 & 26531-27381,1118591
parent_right,parent_left,sample,18,37,37.0,0.0,0.0,-12.8798,0.0,7.912291e-13,2507,0-911 & 25470-27389,414488
parent_left,parent_right,sample,16,5,5.0,0.000835421961,0.0,-3.0781,0.005,0.005002074,363,25855-28310 & 28682-29665,1421539
parent_right,parent_left,sample,6,19,19.0,3.9525701e-05,0.0,-4.4031,0.00024,0.0002371308,2457,0-3476 & 27384-27437,1312843
parent_right,parent_left,sample,7,14,14.0,6.8799462e-05,0.0,-4.1624,0.00041,0.0004127258,2456,0-1168 & 27384-27437,1389607
parent_right,parent_left,sample,6,9,9.0,0.001398601686,0.0,-2.8543,0.00836,0.008362323,2457,0-2708 & 22943-27437,1411996
parent_right,parent_left,sample,7,14,14.0,6.8799462e-05,0.0,-4.1624,0.00041,0.0004127258,2457,0-1727 & 25050-27437,1348408
parent_right,parent_left,sample,10,12,11.0,0.000326299109,0.0,-3.4864,0.00196,0.001956198,2401,0-5282 & 27384-27493,1358271
parent_right,parent_left,sample,6,29,29.0,4.312576e-06,0.0,-5.3653,3e-05,2.587518e-05,2390,0-3946 & 26108-27506,383230
parent_right,parent_left,sample,4,12,12.0,0.002747253049,0.0,-2.5611,0.01637,0.01637072,2325,0-6406 & 26108-27571,408173
parent_right,parent_left,sample,4,18,18.0,0.000683527091,0.0,-3.1652,0.00409,0.004094161,2325,0-7301 & 26607-27571,913020
parent_left,sample,7,21,20,0.000160467564,0.0,-3.7946,0.00096,0.0009624192,2293.0,0-1818 & 21373-21986,0-1818 & 21988-27603,394632
parent_left,parent_right,sample,6,6,6.0,0.007575758267,0.0,-2.1206,0.0446,0.04460231,1166,17041-28082 & 29255-29903,419161
parent_right,parent_left,sample,5,25,25.0,4.2103504e-05,0.0,-4.3757,0.00025,0.0002525944,2158,0-1265 & 20263-27738,467049
parent_right,parent_left,sample,6,18,18.0,5.2007501e-05,0.0,-4.2839,0.00031,0.0003120044,2363,0-1625 & 27384-27531,1321052
parent_right,parent_left,sample,8,20,20.0,2.895656e-06,0.0,-5.5383,2e-05,1.737381e-05,2107,0-7526 & 27384-27787,1406297
parent_right,parent_left,sample,6,11,11.0,0.000565610942,0.0,-3.2475,0.00339,0.003388871,2107,0-1625 & 27384-27787,1302531
parent_left,parent_right,sample,8,5,5.0,0.006993007846,0.0,-2.1553,0.04123,0.04123132,10,26787-27873 & 27883-29465,251428
parent_right,parent_left,sample,5,8,8.0,0.004662005231,0.0,-2.3314,0.02765,0.02764804,2021,0-5511 & 23674-27873,1166157
parent_left,parent_right,sample,49,5,5.0,1.581023e-05,0.0,-4.8011,9e-05,9.485763e-05,10,27384-27873 & 27883-29509,1065871
parent_left,parent_right,sample,31,6,5.0,0.0004804747,0.0,-3.3183,0.00288,0.002879388,10,26822-27873 & 27883-28549,1383981
parent_right,parent_left,sample,5,11,11.0,0.001373626525,0.0,-2.8621,0.00821,0.008213508,2021,0-3239 & 22899-27873,936638
parent_right,parent_left,sample,4,11,11.0,0.00366300391,0.0,-2.4362,0.02178,0.02177774,2022,0-597 & 25856-27874,749380
parent_right,parent_left,sample,4,12,12.0,0.002747253049,0.0,-2.5611,0.01637,0.01637072,2022,0-524 & 21072-27874,813563
parent_right,parent_left,sample,4,10,10.0,0.004995005671,0.0,-2.3015,0.0296,0.02959827,2022,0-4235 & 21847-27874,822053
parent_left,parent_right,sample,15,4,4.0,0.004127967637,0.0,-2.3843,0.02451,0.02451361,4,23948-27879 & 27883-29542,874316
parent_right,parent_left,sample,4,15,15.0,0.001289989916,0.0,-2.8894,0.00772,0.007715021,2022,0-7849 & 26728-27874,598035
parent_right,parent_left,sample,4,9,9.0,0.006993007846,0.0,-2.1553,0.04123,0.04123132,2022,0-2562 & 26108-27874,505415
parent_right,parent_left,sample,4,13,13.0,0.002100840677,0.0,-2.6776,0.01254,0.01253903,2022,0-2704 & 22900-27874,586363
parent_right,parent_left,sample,4,9,9.0,0.006993007846,0.0,-2.1553,0.04123,0.04123132,2022,0-5390 & 21847-27874,665336
parent_right,parent_left,sample,4,9,9.0,0.006993007846,0.0,-2.1553,0.04123,0.04123132,2022,0-524 & 21847-27874,820694
parent_right,parent_left,sample,4,9,9.0,0.006993007846,0.0,-2.1553,0.04123,0.04123132,2022,0-524 & 19525-27874,819037
parent_right,parent_left,sample,4,9,9.0,0.006993007846,0.0,-2.1553,0.04123,0.04123132,2022,0-1389 & 22228-27874,473494
parent_right,parent_left,sample,4,9,9.0,0.006993007846,0.0,-2.1553,0.04123,0.04123132,2022,0-524 & 22052-27874,326037
parent_right,parent_left,sample,4,13,13.0,0.002100840677,0.0,-2.6776,0.01254,0.01253903,2022,0-7040 & 26112-27874,568400
parent_right,parent_left,sample,4,16,16.0,0.001031991909,0.0,-2.9863,0.00618,0.006175998,2022,0-1385 & 22073-27874,436589
parent_right,parent_left,sample,5,15,15.0,0.000386996951,0.0,-3.4123,0.00232,0.002319736,2016,0-3239 & 26751-27878,1048896
parent_left,parent_right,sample,15,5,5.0,0.001031991909,0.0,-2.9863,0.00618,0.006175998,5,23593-27878 & 27883-28094,238621
parent_right,parent_left,sample,5,23,23.0,6.1050072e-05,0.0,-4.2143,0.00037,0.0003662445,2006,0-1228 & 27385-27888,1263357
parent_right,parent_left,sample,5,15,15.0,0.000386996951,0.0,-3.4123,0.00232,0.002319736,2006,0-6065 & 27507-27888,1360676
parent_right,parent_left,sample,5,19,19.0,0.000141163226,0.0,-3.8503,0.00085,0.0008466805,1960,0-443 & 26802-27943,39337
parent_right,parent_left,sample,15,22,22.0,1.709e-09,0.0,-8.7674,0.0,1.025181e-08,1931,0-911 & 25971-27971,99000
parent_right,parent_left,sample,13,30,30.0,3.83e-10,0.0,-9.4171,0.0,2.296535e-09,1931,0-918 & 25907-27971,105931
parent_right,parent_left,sample,5,12,12.0,0.000969618792,0.0,-3.0134,0.0058,0.005803629,1897,0-1746 & 27439-27997,1385832
parent_right,parent_left,sample,4,18,18.0,0.000683527091,0.0,-3.1652,0.00409,0.004094161,1751,0-6707 & 25615-28145,814569
parent_left,parent_right,sample,11,5,5.0,0.002747253282,0.0,-2.5611,0.01637,0.01637072,5,27469-28236 & 28241-28876,214402
parent_right,parent_left,sample,6,10,10.0,0.000874126039,0.0,-3.0584,0.00523,0.005233308,1660,0-1437 & 26177-28236,761421
parent_left,parent_right,sample,12,6,6.0,0.000700280245,0.0,-3.1547,0.00419,0.004194332,9,28077-28239 & 28254-28844,662434
parent_right,parent_left,sample,4,13,13.0,0.002100840677,0.0,-2.6776,0.01254,0.01253903,1649,0-3092 & 21109-28240,894321
parent_right,parent_left,sample,6,14,13.0,0.002966976492,0.0,-2.5277,0.01767,0.01767034,1656,0-6814 & 28078-28240,876792
parent_right,parent_left,sample,5,21,21.0,9.1213151e-05,0.0,-4.0399,0.00055,0.0005471541,1656,0-6814 & 28078-28240,812396
parent_left,parent_right,sample,20,5,5.0,0.000395256939,0.0,-3.4031,0.00237,0.002369199,7,28237-28241 & 28254-29699,852932
parent_left,parent_right,sample,8,6,6.0,0.002997003496,0.0,-2.5233,0.01785,0.01784783,6,25572-28253 & 28259-28707,260769
parent_left,parent_right,sample,8,6,6.0,0.002997003496,0.0,-2.5233,0.01785,0.01784783,10,27903-28272 & 28282-29357,264915
parent_right,parent_left,sample,4,28,28.0,0.000139043404,0.0,-3.8568,0.00083,0.0008339705,1593,0-3409 & 27930-28310,200331
parent_right,parent_left,sample,4,12,12.0,0.002747253049,0.0,-2.5611,0.01637,0.01637072,1583,0-2952 & 25351-28311,1406252
parent_right,parent_left,sample,4,10,10.0,0.004995005671,0.0,-2.3015,0.0296,0.02959827,1565,0-1625 & 27219-28329,1360479
parent_right,parent_left,sample,6,20,20.0,3.0404386e-05,0.0,-4.5171,0.00018,0.0001824125,1207,0-3175 & 27662-28696,330618
parent_right,parent_left,sample,6,38,38.0,9.91635e-07,0.0,-6.0036,1e-05,5.949794e-06,1023,0-443 & 28698-28880,103390
parent_right,parent_left,sample,5,27,27.0,2.9795014e-05,0.0,-4.5259,0.00018,0.0001787568,1023,0-911 & 28282-28880,237642
parent_right,parent_left,sample,4,30,30.0,0.000107814405,0.0,-3.9673,0.00065,0.0006467121,1023,0-3175 & 28283-28880,286975
parent_right,parent_left,sample,4,10,10.0,0.004995005671,0.0,-2.3015,0.0296,0.02959827,333,0-3239 & 23665-29570,979290
parent_right,parent_left,sample,5,20,20.0,0.000112930575,0.0,-3.9472,0.00068,0.0006773922,176,0-668 & 27917-29727,1315204
parent_right,parent_left,sample,4,10,10.0,0.004995005671,0.0,-2.3015,0.0296,0.02959827,176,0-222 & 29193-29727,1203710
parent_right,parent_left,sample,5,18,18.0,0.000178311428,0.0,-3.7488,0.00107,0.001069392,176,0-9864 & 27890-29727,1294408
parent_right,parent_left,sample,4,29,29.0,0.000122189667,0.0,-3.913,0.00073,0.0007329141,175,0-2786 & 26276-29728,1427736
parent_right,parent_left,sample,5,25,25.0,4.2103504e-05,0.0,-4.3757,0.00025,0.0002525944,175,0-2552 & 29615-29728,1362718
parent_right,parent_left,sample,5,24,24.0,5.0524199e-05,0.0,-4.2965,0.0003,0.0003031069,175,0-5282 & 28331-29728,1318366
parent_right,parent_left,sample,5,19,19.0,0.000141163226,0.0,-3.8503,0.00085,0.0008466805,175,0-6546 & 27890-29728,1321396
parent_right,parent_left,sample,5,24,24.0,5.0524199e-05,0.0,-4.2965,0.0003,0.0003031069,175,0-3873 & 27890-29728,1331484
parent_right,parent_left,sample,5,20,20.0,0.000112930575,0.0,-3.9472,0.00068,0.0006773922,175,0-9298 & 27890-29728,1358513
parent_right,parent_left,sample,4,23,23.0,0.000284900336,0.0,-3.5453,0.00171,0.001708185,175,0-3925 & 25158-29728,1375056
parent_right,parent_left,sample,5,26,26.0,3.5312609e-05,0.0,-4.4521,0.00021,0.0002118569,175,0-1625 & 28088-29728,1373412
parent_right,parent_left,sample,5,24,24.0,5.0524199e-05,0.0,-4.2965,0.0003,0.0003031069,175,0-2952 & 28313-29728,1418709
sample,parent_left,parent_right,5,7,7.0,0.007575758267,0.0,-2.1206,0.0446,0.04460231,175,0-6546 & 28682-29728,1418709
parent_right,parent_left,sample,4,29,29.0,0.000122189667,0.0,-3.913,0.00073,0.0007329141,175,0-403 & 26276-29728,1436032
