pathogen,rep,samples_per_day,k,recombinant_ancestor,num_samples,sampled,detectable,detected,breakpoint,interval_width,breakpoint_error,breakpoint_in_interval
sars_like,0,200,3,19809,9,False,False,False,5424,,,
sars_like,0,200,3,42217,1,False,False,False,8081,,,
sars_like,0,200,3,47992,4,False,False,False,21530,,,
sars_like,0,200,3,50119,7,False,False,False,4121,,,
sars_like,0,200,3,72594,3,False,True,False,11926,,,
sars_like,0,200,3,100002,3,False,True,False,19036,,,
sars_like,0,200,3,103550,1,False,True,False,14670,,,
sars_like,0,200,3,109657,3,False,False,False,29824,,,
sars_like,0,200,3,151770,1,False,False,False,26498,,,
sars_like,0,200,3,260716,3,False,False,False,24721,,,
sars_like,0,200,3,314877,2,False,True,False,23934,,,
sars_like,0,200,3,353372,2,False,True,False,20597,,,
sars_like,0,200,3,433265,1,False,False,False,26872,,,
sars_like,0,200,3,485945,1,False,False,False,14890,,,
sars_like,0,200,3,514951,1,False,True,False,19282,,,
sars_like,0,200,3,520968,1,False,False,False,10081,,,
sars_like,0,200,3,563432,1,False,False,False,15663,,,
sars_like,0,200,3,1019102,1,False,False,False,29483,,,
sars_like,0,200,3,1121750,1,False,False,False,5265,,,
sars_like,0,200,3,1416163,1,False,False,False,22117,,,
sars_like,0,200,3,1511235,1,False,False,False,23027,,,
sars_like,0,200,3,1640920,1,False,True,False,22792,,,
sars_like,0,200,3,2332097,1,False,False,False,24057,,,
sars_like,0,200,3,2608801,1,False,True,False,10841,,,
sars_like,0,200,3,2850538,1,False,False,False,12760,,,
sars_like,0,200,3,2889769,1,False,False,False,18416,,,
sars_like,0,200,3,3512841,1,False,True,False,23371,,,
sars_like,0,200,3,3747402,1,False,False,False,5275,,,
sars_like,0,200,3,3770113,1,False,True,False,6272,,,
sars_like,0,200,3,3930420,1,False,False,False,28171,,,
sars_like,0,200,3,5431022,2,False,False,False,6097,,,
sars_like,0,200,3,6081036,1,False,True,False,21819,,,
sars_like,0,200,3,6349007,1,False,False,False,1139,,,
sars_like,0,200,3,6494274,1,False,False,False,28661,,,
sars_like,0,200,3,7680279,1,False,False,False,24376,,,
sars_like,0,200,3,7797112,2,False,False,False,26926,,,
sars_like,0,200,3,7930611,1,False,True,False,19864,,,
sars_like,0,200,3,8004627,1,False,True,False,17887,,,
sars_like,0,200,3,8308711,1,False,False,False,22893,,,
sars_like,0,200,3,9399283,1,False,False,False,28324,,,
sars_like,0,200,3,10086704,1,False,False,False,17114,,,
sars_like,0,200,3,11628327,1,False,False,False,20011,,,
sars_like,0,200,3,12032651,1,False,False,False,7288,,,
sars_like,0,200,3,12065024,1,False,True,False,26856,,,
sars_like,0,200,3,12390246,1,False,False,False,24602,,,
sars_like,0,200,3,13820911,1,False,True,False,13897,,,
sars_like,0,200,3,13886050,1,False,True,False,27971,,,
sars_like,0,200,3,14775302,1,False,False,False,19901,,,
sars_like,0,200,3,15380080,1,False,True,False,14870,,,
sars_like,0,200,3,15960608,1,False,True,False,23318,,,
sars_like,0,200,3,16571731,1,False,False,False,6801,,,
sars_like,0,200,3,17127957,1,False,True,False,21006,,,
sars_like,0,200,3,18258053,1,False,True,False,10048,,,
sars_like,0,200,3,18615628,1,False,False,False,6036,,,
sars_like,0,200,3,20053328,1,False,False,False,2712,,,
sars_like,0,200,3,20555113,2,False,False,False,25786,,,
sars_like,0,200,3,21192764,1,False,True,False,18730,,,
sars_like,0,200,3,22633412,1,False,False,False,7248,,,
sars_like,0,200,3,22828921,1,False,True,False,23060,,,
sars_like,0,200,3,22961371,1,False,True,False,16432,,,
sars_like,0,200,3,23545875,1,False,True,False,11120,,,
sars_like,0,200,3,23946381,1,True,False,False,3610,,,
sars_like,0,200,3,24714571,1,False,True,False,18659,,,
sars_like,0,200,3,25311824,1,False,True,False,14567,,,
sars_like,0,200,3,25565338,1,False,False,False,1182,,,
sars_like,0,200,3,26595469,1,False,True,False,24855,,,
sars_like,0,200,3,27119875,1,False,False,False,2267,,,
sars_like,0,200,3,28186476,1,False,True,False,15883,,,
sars_like,0,200,3,28698203,1,False,True,False,12504,,,
sars_like,0,200,3,29343156,1,False,True,False,12119,,,
sars_like,0,200,3,29360459,1,False,True,False,23944,,,
sars_like,0,200,3,30373400,2,False,True,False,3694,,,
sars_like,0,200,3,31334442,1,False,True,False,26652,,,
sars_like,0,200,3,32903542,1,False,True,False,17279,,,
sars_like,0,200,3,33019271,1,False,True,False,9606,,,
sars_like,0,200,3,33509261,1,False,True,False,15555,,,
sars_like,0,200,3,33950991,1,False,True,False,17610,,,
sars_like,0,200,3,34200353,1,False,True,False,20872,,,
sars_like,0,200,3,34561682,1,True,True,False,21095,,,
sars_like,0,200,3,36881116,1,False,True,False,19207,,,
sars_like,0,200,3,37897299,1,False,True,False,22178,,,
sars_like,0,200,3,40725369,1,False,True,False,7771,,,
sars_like,0,200,3,44350220,1,True,True,False,8371,,,
sars_like,0,200,4,19809,9,False,False,False,5424,,,
sars_like,0,200,4,42217,1,False,False,False,8081,,,
sars_like,0,200,4,47992,4,False,False,False,21530,,,
sars_like,0,200,4,50119,7,False,False,False,4121,,,
sars_like,0,200,4,72594,3,False,True,False,11926,,,
sars_like,0,200,4,100002,3,False,True,False,19036,,,
sars_like,0,200,4,103550,1,False,True,False,14670,,,
sars_like,0,200,4,109657,3,False,False,False,29824,,,
sars_like,0,200,4,151770,1,False,False,False,26498,,,
sars_like,0,200,4,260716,3,False,False,False,24721,,,
sars_like,0,200,4,314877,2,False,True,False,23934,,,
sars_like,0,200,4,353372,2,False,True,False,20597,,,
sars_like,0,200,4,433265,1,False,False,False,26872,,,
sars_like,0,200,4,485945,1,False,False,False,14890,,,
sars_like,0,200,4,514951,1,False,True,False,19282,,,
sars_like,0,200,4,520968,1,False,False,False,10081,,,
sars_like,0,200,4,563432,1,False,False,False,15663,,,
sars_like,0,200,4,1019102,1,False,False,False,29483,,,
sars_like,0,200,4,1121750,1,False,False,False,5265,,,
sars_like,0,200,4,1416163,1,False,False,False,22117,,,
sars_like,0,200,4,1511235,1,False,False,False,23027,,,
sars_like,0,200,4,1640920,1,False,True,False,22792,,,
sars_like,0,200,4,2332097,1,False,False,False,24057,,,
sars_like,0,200,4,2608801,1,False,True,False,10841,,,
sars_like,0,200,4,2850538,1,False,False,False,12760,,,
sars_like,0,200,4,2889769,1,False,False,False,18416,,,
sars_like,0,200,4,3512841,1,False,True,False,23371,,,
sars_like,0,200,4,3747402,1,False,False,False,5275,,,
sars_like,0,200,4,3770113,1,False,True,False,6272,,,
sars_like,0,200,4,3930420,1,False,False,False,28171,,,
sars_like,0,200,4,5431022,2,False,False,False,6097,,,
sars_like,0,200,4,6081036,1,False,True,False,21819,,,
sars_like,0,200,4,6349007,1,False,False,False,1139,,,
sars_like,0,200,4,6494274,1,False,False,False,28661,,,
sars_like,0,200,4,7680279,1,False,False,False,24376,,,
sars_like,0,200,4,7797112,2,False,False,False,26926,,,
sars_like,0,200,4,7930611,1,False,True,False,19864,,,
sars_like,0,200,4,8004627,1,False,True,False,17887,,,
sars_like,0,200,4,8308711,1,False,False,False,22893,,,
sars_like,0,200,4,9399283,1,False,False,False,28324,,,
sars_like,0,200,4,10086704,1,False,False,False,17114,,,
sars_like,0,200,4,11628327,1,False,False,False,20011,,,
sars_like,0,200,4,12032651,1,False,False,False,7288,,,
sars_like,0,200,4,12065024,1,False,True,False,26856,,,
sars_like,0,200,4,12390246,1,False,False,False,24602,,,
sars_like,0,200,4,13820911,1,False,True,False,13897,,,
sars_like,0,200,4,13886050,1,False,True,False,27971,,,
sars_like,0,200,4,14775302,1,False,False,False,19901,,,
sars_like,0,200,4,15380080,1,False,True,False,14870,,,
sars_like,0,200,4,15960608,1,False,True,False,23318,,,
sars_like,0,200,4,16571731,1,False,False,False,6801,,,
sars_like,0,200,4,17127957,1,False,True,False,21006,,,
sars_like,0,200,4,18258053,1,False,True,False,10048,,,
sars_like,0,200,4,18615628,1,False,False,False,6036,,,
sars_like,0,200,4,20053328,1,False,False,False,2712,,,
sars_like,0,200,4,20555113,2,False,False,False,25786,,,
sars_like,0,200,4,21192764,1,False,True,False,18730,,,
sars_like,0,200,4,22633412,1,False,False,False,7248,,,
sars_like,0,200,4,22828921,1,False,True,False,23060,,,
sars_like,0,200,4,22961371,1,False,True,False,16432,,,
sars_like,0,200,4,23545875,1,False,True,False,11120,,,
sars_like,0,200,4,23946381,1,True,False,False,3610,,,
sars_like,0,200,4,24714571,1,False,True,False,18659,,,
sars_like,0,200,4,25311824,1,False,True,False,14567,,,
sars_like,0,200,4,25565338,1,False,False,False,1182,,,
sars_like,0,200,4,26595469,1,False,True,False,24855,,,
sars_like,0,200,4,27119875,1,False,False,False,2267,,,
sars_like,0,200,4,28186476,1,False,True,False,15883,,,
sars_like,0,200,4,28698203,1,False,True,False,12504,,,
sars_like,0,200,4,29343156,1,False,True,False,12119,,,
sars_like,0,200,4,29360459,1,False,True,False,23944,,,
sars_like,0,200,4,30373400,2,False,True,False,3694,,,
sars_like,0,200,4,31334442,1,False,True,False,26652,,,
sars_like,0,200,4,32903542,1,False,True,False,17279,,,
sars_like,0,200,4,33019271,1,False,True,False,9606,,,
sars_like,0,200,4,33509261,1,False,True,False,15555,,,
sars_like,0,200,4,33950991,1,False,True,False,17610,,,
sars_like,0,200,4,34200353,1,False,True,False,20872,,,
sars_like,0,200,4,34561682,1,True,True,False,21095,,,
sars_like,0,200,4,36881116,1,False,True,False,19207,,,
sars_like,0,200,4,37897299,1,False,True,False,22178,,,
sars_like,0,200,4,40725369,1,False,True,False,7771,,,
sars_like,0,200,4,44350220,1,True,True,False,8371,,,
sars_like,0,200,5,19809,9,False,False,False,5424,,,
sars_like,0,200,5,42217,1,False,False,False,8081,,,
sars_like,0,200,5,47992,4,False,False,False,21530,,,
sars_like,0,200,5,50119,7,False,False,False,4121,,,
sars_like,0,200,5,72594,3,False,True,False,11926,,,
sars_like,0,200,5,100002,3,False,True,False,19036,,,
sars_like,0,200,5,103550,1,False,True,False,14670,,,
sars_like,0,200,5,109657,3,False,False,False,29824,,,
sars_like,0,200,5,151770,1,False,False,False,26498,,,
sars_like,0,200,5,260716,3,False,False,False,24721,,,
sars_like,0,200,5,314877,2,False,True,False,23934,,,
sars_like,0,200,5,353372,2,False,True,False,20597,,,
sars_like,0,200,5,433265,1,False,False,False,26872,,,
sars_like,0,200,5,485945,1,False,False,False,14890,,,
sars_like,0,200,5,514951,1,False,True,False,19282,,,
sars_like,0,200,5,520968,1,False,False,False,10081,,,
sars_like,0,200,5,563432,1,False,False,False,15663,,,
sars_like,0,200,5,1019102,1,False,False,False,29483,,,
sars_like,0,200,5,1121750,1,False,False,False,5265,,,
sars_like,0,200,5,1416163,1,False,False,False,22117,,,
sars_like,0,200,5,1511235,1,False,False,False,23027,,,
sars_like,0,200,5,1640920,1,False,True,False,22792,,,
sars_like,0,200,5,2332097,1,False,False,False,24057,,,
sars_like,0,200,5,2608801,1,False,True,False,10841,,,
sars_like,0,200,5,2850538,1,False,False,False,12760,,,
sars_like,0,200,5,2889769,1,False,False,False,18416,,,
sars_like,0,200,5,3512841,1,False,True,False,23371,,,
sars_like,0,200,5,3747402,1,False,False,False,5275,,,
sars_like,0,200,5,3770113,1,False,True,False,6272,,,
sars_like,0,200,5,3930420,1,False,False,False,28171,,,
sars_like,0,200,5,5431022,2,False,False,False,6097,,,
sars_like,0,200,5,6081036,1,False,True,False,21819,,,
sars_like,0,200,5,6349007,1,False,False,False,1139,,,
sars_like,0,200,5,6494274,1,False,False,False,28661,,,
sars_like,0,200,5,7680279,1,False,False,False,24376,,,
sars_like,0,200,5,7797112,2,False,False,False,26926,,,
sars_like,0,200,5,7930611,1,False,True,False,19864,,,
sars_like,0,200,5,8004627,1,False,True,False,17887,,,
sars_like,0,200,5,8308711,1,False,False,False,22893,,,
sars_like,0,200,5,9399283,1,False,False,False,28324,,,
sars_like,0,200,5,10086704,1,False,False,False,17114,,,
sars_like,0,200,5,11628327,1,False,False,False,20011,,,
sars_like,0,200,5,12032651,1,False,False,False,7288,,,
sars_like,0,200,5,12065024,1,False,True,False,26856,,,
sars_like,0,200,5,12390246,1,False,False,False,24602,,,
sars_like,0,200,5,13820911,1,False,True,False,13897,,,
sars_like,0,200,5,13886050,1,False,True,False,27971,,,
sars_like,0,200,5,14775302,1,False,False,False,19901,,,
sars_like,0,200,5,15380080,1,False,True,False,14870,,,
sars_like,0,200,5,15960608,1,False,True,False,23318,,,
sars_like,0,200,5,16571731,1,False,False,False,6801,,,
sars_like,0,200,5,17127957,1,False,True,False,21006,,,
sars_like,0,200,5,18258053,1,False,True,False,10048,,,
sars_like,0,200,5,18615628,1,False,False,False,6036,,,
sars_like,0,200,5,20053328,1,False,False,False,2712,,,
sars_like,0,200,5,20555113,2,False,False,False,25786,,,
sars_like,0,200,5,21192764,1,False,True,False,18730,,,
sars_like,0,200,5,22633412,1,False,False,False,7248,,,
sars_like,0,200,5,22828921,1,False,True,False,23060,,,
sars_like,0,200,5,22961371,1,False,True,False,16432,,,
sars_like,0,200,5,23545875,1,False,True,False,11120,,,
sars_like,0,200,5,23946381,1,True,False,False,3610,,,
sars_like,0,200,5,24714571,1,False,True,False,18659,,,
sars_like,0,200,5,25311824,1,False,True,False,14567,,,
sars_like,0,200,5,25565338,1,False,False,False,1182,,,
sars_like,0,200,5,26595469,1,False,True,False,24855,,,
sars_like,0,200,5,27119875,1,False,False,False,2267,,,
sars_like,0,200,5,28186476,1,False,True,False,15883,,,
sars_like,0,200,5,28698203,1,False,True,False,12504,,,
sars_like,0,200,5,29343156,1,False,True,False,12119,,,
sars_like,0,200,5,29360459,1,False,True,False,23944,,,
sars_like,0,200,5,30373400,2,False,True,False,3694,,,
sars_like,0,200,5,31334442,1,False,True,False,26652,,,
sars_like,0,200,5,32903542,1,False,True,False,17279,,,
sars_like,0,200,5,33019271,1,False,True,False,9606,,,
sars_like,0,200,5,33509261,1,False,True,False,15555,,,
sars_like,0,200,5,33950991,1,False,True,False,17610,,,
sars_like,0,200,5,34200353,1,False,True,False,20872,,,
sars_like,0,200,5,34561682,1,True,True,False,21095,,,
sars_like,0,200,5,36881116,1,False,True,False,19207,,,
sars_like,0,200,5,37897299,1,False,True,False,22178,,,
sars_like,0,200,5,40725369,1,False,True,False,7771,,,
sars_like,0,200,5,44350220,1,True,True,False,8371,,,
sars_like,0,1000,3,5050,1,True,False,False,15937,,,
sars_like,0,1000,3,19809,17,False,False,False,5424,,,
sars_like,0,1000,3,38199,1,False,False,False,25181,,,
sars_like,0,1000,3,42217,3,False,False,False,8081,,,
sars_like,0,1000,3,47992,13,False,False,False,21530,,,
sars_like,0,1000,3,49023,4,False,False,False,26951,,,
sars_like,0,1000,3,50119,23,False,False,False,4121,,,
sars_like,0,1000,3,50767,4,False,False,False,1115,,,
sars_like,0,1000,3,72594,8,False,True,False,11926,,,
sars_like,0,1000,3,100002,6,False,True,False,19036,,,
sars_like,0,1000,3,103550,1,True,True,False,14670,,,
sars_like,0,1000,3,109657,9,False,False,False,29824,,,
sars_like,0,1000,3,151770,3,False,False,False,26498,,,
sars_like,0,1000,3,207371,7,False,False,False,27720,,,
sars_like,0,1000,3,215211,1,False,True,False,11155,,,
sars_like,0,1000,3,223452,1,False,True,False,14453,,,
sars_like,0,1000,3,241049,1,False,False,False,2828,,,
sars_like,0,1000,3,243196,1,False,False,False,14008,,,
sars_like,0,1000,3,246969,2,False,False,False,18573,,,
sars_like,0,1000,3,255695,1,False,True,False,19576,,,
sars_like,0,1000,3,260716,6,False,False,False,24721,,,
sars_like,0,1000,3,262356,1,True,False,False,2662,,,
sars_like,0,1000,3,291100,1,False,False,False,17134,,,
sars_like,0,1000,3,302440,3,False,True,False,21867,,,
sars_like,0,1000,3,313886,3,False,False,False,26001,,,
sars_like,0,1000,3,314877,3,False,True,False,23934,,,
sars_like,0,1000,3,345380,1,True,True,False,20101,,,
sars_like,0,1000,3,353372,4,False,True,False,20597,,,
sars_like,0,1000,3,433265,2,False,False,False,26872,,,
sars_like,0,1000,3,463747,1,False,False,False,15164,,,
sars_like,0,1000,3,485945,2,False,False,False,14890,,,
sars_like,0,1000,3,514951,3,False,True,False,19282,,,
sars_like,0,1000,3,515046,1,True,True,False,22978,,,
sars_like,0,1000,3,520968,1,False,False,False,10081,,,
sars_like,0,1000,3,563432,3,False,False,False,15663,,,
sars_like,0,1000,3,568392,1,False,False,False,25788,,,
sars_like,0,1000,3,684810,1,False,False,False,18384,,,
sars_like,0,1000,3,698729,1,False,True,False,9154,,,
sars_like,0,1000,3,707043,1,False,True,False,12589,,,
sars_like,0,1000,3,727355,2,False,False,False,15500,,,
sars_like,0,1000,3,755829,1,False,False,False,21162,,,
sars_like,0,1000,3,767945,4,False,False,False,13420,,,
sars_like,0,1000,3,777897,1,False,False,False,15283,,,
sars_like,0,1000,3,796883,1,False,False,False,9024,,,
sars_like,0,1000,3,860383,1,False,True,False,17367,,,
sars_like,0,1000,3,870720,1,False,False,False,4189,,,
sars_like,0,1000,3,1019102,1,False,False,False,29483,,,
sars_like,0,1000,3,1106772,1,False,False,False,20166,,,
sars_like,0,1000,3,1121750,3,False,False,False,5265,,,
sars_like,0,1000,3,1203515,1,False,False,False,3179,,,
sars_like,0,1000,3,1268736,1,False,False,False,27011,,,
sars_like,0,1000,3,1299286,2,False,False,False,20781,,,
sars_like,0,1000,3,1310702,1,False,False,False,3074,,,
sars_like,0,1000,3,1416163,2,False,False,False,22117,,,
sars_like,0,1000,3,1421036,1,False,False,False,17390,,,
sars_like,0,1000,3,1497980,2,False,False,False,29454,,,
sars_like,0,1000,3,1507444,1,False,True,False,28262,,,
sars_like,0,1000,3,1511235,1,False,False,False,23027,,,
sars_like,0,1000,3,1517195,1,False,False,False,22971,,,
sars_like,0,1000,3,1544067,1,False,True,False,21507,,,
sars_like,0,1000,3,1569681,1,False,True,False,6851,,,
sars_like,0,1000,3,1613289,1,False,True,False,7585,,,
sars_like,0,1000,3,1640920,2,False,True,False,22792,,,
sars_like,0,1000,3,1781389,1,False,False,False,24698,,,
sars_like,0,1000,3,1785626,1,False,True,False,12883,,,
sars_like,0,1000,3,2064473,3,False,False,False,24204,,,
sars_like,0,1000,3,2096787,1,True,True,False,3462,,,
sars_like,0,1000,3,2182809,2,False,True,False,10230,,,
sars_like,0,1000,3,2332097,2,False,False,False,24057,,,
sars_like,0,1000,3,2608801,1,False,True,False,10841,,,
sars_like,0,1000,3,2629174,1,False,True,False,20743,,,
sars_like,0,1000,3,2636008,1,False,True,False,11374,,,
sars_like,0,1000,3,2850538,1,False,False,False,12760,,,
sars_like,0,1000,3,2889769,1,False,False,False,18416,,,
sars_like,0,1000,3,2982193,1,False,True,False,13983,,,
sars_like,0,1000,3,3051711,1,False,False,False,29303,,,
sars_like,0,1000,3,3211961,1,False,True,False,17620,,,
sars_like,0,1000,3,3445856,1,True,True,False,16775,,,
sars_like,0,1000,3,3512841,2,False,True,False,23371,,,
sars_like,0,1000,3,3679017,1,True,True,False,18932,,,
sars_like,0,1000,3,3747402,7,False,False,False,5275,,,
sars_like,0,1000,3,3770113,1,True,True,False,6272,,,
sars_like,0,1000,3,3930420,1,False,False,False,28171,,,
sars_like,0,1000,3,4129885,1,False,False,False,4870,,,
sars_like,0,1000,3,5234737,1,False,True,False,17146,,,
sars_like,0,1000,3,5376562,1,False,False,False,27235,,,
sars_like,0,1000,3,5431022,2,False,False,False,6097,,,
sars_like,0,1000,3,5552648,1,False,True,False,13370,,,
sars_like,0,1000,3,5704261,1,False,True,False,13215,,,
sars_like,0,1000,3,5920578,2,False,False,False,4559,,,
sars_like,0,1000,3,5965130,1,False,False,False,26116,,,
sars_like,0,1000,3,6081036,3,False,True,False,21819,,,
sars_like,0,1000,3,6151725,1,False,True,False,11537,,,
sars_like,0,1000,3,6256306,1,False,False,False,8480,,,
sars_like,0,1000,3,6349007,1,False,False,False,1139,,,
sars_like,0,1000,3,6355414,1,False,True,False,19464,,,
sars_like,0,1000,3,6494274,1,False,False,False,28661,,,
sars_like,0,1000,3,6577037,2,False,True,False,2196,,,
sars_like,0,1000,3,7260766,1,False,False,False,19017,,,
sars_like,0,1000,3,7612385,1,False,False,False,239,,,
sars_like,0,1000,3,7680279,1,False,False,False,24376,,,
sars_like,0,1000,3,7797112,3,False,False,False,26926,,,
sars_like,0,1000,3,7930611,1,False,True,False,19864,,,
sars_like,0,1000,3,8004627,1,False,True,False,17887,,,
sars_like,0,1000,3,8249810,1,False,True,False,21307,,,
sars_like,0,1000,3,8308711,1,False,False,False,22893,,,
sars_like,0,1000,3,8673451,1,False,False,False,5745,,,
sars_like,0,1000,3,8712640,1,False,True,False,13683,,,
sars_like,0,1000,3,9137102,1,False,False,False,4072,,,
sars_like,0,1000,3,9399283,2,False,False,False,28324,,,
sars_like,0,1000,3,9438274,1,False,False,False,25777,,,
sars_like,0,1000,3,9740688,1,False,False,False,25500,,,
sars_like,0,1000,3,10001076,2,False,True,False,13592,,,
sars_like,0,1000,3,10086704,2,False,False,False,17114,,,
sars_like,0,1000,3,10522526,1,False,False,False,24967,,,
sars_like,0,1000,3,10800822,1,False,True,False,22937,,,
sars_like,0,1000,3,10805934,1,False,True,False,21039,,,
sars_like,0,1000,3,10873190,1,False,False,False,28365,,,
sars_like,0,1000,3,11076277,1,False,True,False,28796,,,
sars_like,0,1000,3,11628327,1,False,False,False,20011,,,
sars_like,0,1000,3,12032651,1,False,False,False,7288,,,
sars_like,0,1000,3,12055710,1,False,True,False,27084,,,
sars_like,0,1000,3,12065024,1,False,True,False,26856,,,
sars_like,0,1000,3,12130107,1,False,True,False,22297,,,
sars_like,0,1000,3,12390246,1,False,False,False,24602,,,
sars_like,0,1000,3,12596946,1,False,True,False,10831,,,
sars_like,0,1000,3,12636007,1,False,True,False,27624,,,
sars_like,0,1000,3,12882041,1,False,True,False,23542,,,
sars_like,0,1000,3,13142189,1,False,True,False,9118,,,
sars_like,0,1000,3,13334656,1,False,True,False,23617,,,
sars_like,0,1000,3,13392159,1,False,True,False,27491,,,
sars_like,0,1000,3,13412977,1,False,False,False,28672,,,
sars_like,0,1000,3,13425214,1,False,True,False,28628,,,
sars_like,0,1000,3,13592612,1,False,False,False,4006,,,
sars_like,0,1000,3,13658145,1,False,True,False,23368,,,
sars_like,0,1000,3,13820911,2,False,True,False,13897,,,
sars_like,0,1000,3,13886050,1,False,True,False,27971,,,
sars_like,0,1000,3,14367964,1,False,True,False,14316,,,
sars_like,0,1000,3,14775302,2,False,False,False,19901,,,
sars_like,0,1000,3,14887276,1,False,True,False,25516,,,
sars_like,0,1000,3,15053670,2,False,False,False,13700,,,
sars_like,0,1000,3,15321152,1,False,False,False,28170,,,
sars_like,0,1000,3,15380080,1,False,True,False,14870,,,
sars_like,0,1000,3,15937216,1,False,False,False,2888,,,
sars_like,0,1000,3,15960608,3,False,True,False,23318,,,
sars_like,0,1000,3,16030980,1,False,False,False,13303,,,
sars_like,0,1000,3,16205620,1,False,False,False,2235,,,
sars_like,0,1000,3,16571731,2,False,False,False,6801,,,
sars_like,0,1000,3,17127957,1,False,True,False,21006,,,
sars_like,0,1000,3,17641121,1,False,True,False,21077,,,
sars_like,0,1000,3,17646824,1,False,True,False,14281,,,
sars_like,0,1000,3,17880272,1,False,True,False,5367,,,
sars_like,0,1000,3,18077677,1,False,False,False,18121,,,
sars_like,0,1000,3,18081478,1,False,True,False,14693,,,
sars_like,0,1000,3,18147829,1,False,False,False,5126,,,
sars_like,0,1000,3,18258053,2,False,True,False,10048,,,
sars_like,0,1000,3,18278372,1,False,False,False,3307,,,
sars_like,0,1000,3,18615628,1,False,False,False,6036,,,
sars_like,0,1000,3,19135938,1,False,True,False,3489,,,
sars_like,0,1000,3,19211406,1,False,False,False,14951,,,
sars_like,0,1000,3,19342754,1,False,True,False,22697,,,
sars_like,0,1000,3,19428734,1,False,False,False,28941,,,
sars_like,0,1000,3,19858172,1,False,True,False,13591,,,
sars_like,0,1000,3,20053328,2,False,False,False,2712,,,
sars_like,0,1000,3,20555113,2,False,False,False,25786,,,
sars_like,0,1000,3,20869991,1,False,True,False,11883,,,
sars_like,0,1000,3,21192764,2,False,True,False,18730,,,
sars_like,0,1000,3,21623064,1,False,True,False,14433,,,
sars_like,0,1000,3,21771795,1,False,True,False,10683,,,
sars_like,0,1000,3,22134923,1,False,False,False,155,,,
sars_like,0,1000,3,22581057,1,False,True,False,15204,,,
sars_like,0,1000,3,22633412,2,False,False,False,7248,,,
sars_like,0,1000,3,22828921,1,False,True,False,23060,,,
sars_like,0,1000,3,22834162,1,False,False,False,2096,,,
sars_like,0,1000,3,22895955,1,False,True,False,26510,,,
sars_like,0,1000,3,22961371,3,False,True,False,16432,,,
sars_like,0,1000,3,23284362,1,False,False,False,20930,,,
sars_like,0,1000,3,23545875,1,False,True,False,11120,,,
sars_like,0,1000,3,23586059,1,False,False,False,9245,,,
sars_like,0,1000,3,23595513,1,False,False,False,24154,,,
sars_like,0,1000,3,23641083,2,False,True,False,16542,,,
sars_like,0,1000,3,23946381,1,True,False,False,3610,,,
sars_like,0,1000,3,24714571,1,False,True,False,18659,,,
sars_like,0,1000,3,25311824,1,False,True,False,14567,,,
sars_like,0,1000,3,25320258,1,False,False,False,2824,,,
sars_like,0,1000,3,25401484,1,False,False,False,28244,,,
sars_like,0,1000,3,25565338,1,False,False,False,1182,,,
sars_like,0,1000,3,25662368,1,False,False,False,23951,,,
sars_like,0,1000,3,26210871,1,False,True,False,13378,,,
sars_like,0,1000,3,26353528,1,False,True,False,8483,,,
sars_like,0,1000,3,26437336,1,False,False,False,693,,,
sars_like,0,1000,3,26536737,1,False,True,False,19906,,,
sars_like,0,1000,3,26595469,1,False,True,False,24855,,,
sars_like,0,1000,3,26961713,1,False,True,False,9297,,,
sars_like,0,1000,3,27119875,1,False,False,False,2267,,,
sars_like,0,1000,3,27132819,1,False,False,False,4877,,,
sars_like,0,1000,3,27957692,1,False,True,False,11548,,,
sars_like,0,1000,3,28186476,2,False,True,False,15883,,,
sars_like,0,1000,3,28539670,1,False,True,False,12123,,,
sars_like,0,1000,3,28657009,1,False,False,False,15081,,,
sars_like,0,1000,3,28681723,1,False,True,False,22401,,,
sars_like,0,1000,3,28698203,3,False,True,False,12504,,,
sars_like,0,1000,3,29343156,1,False,True,False,12119,,,
sars_like,0,1000,3,29345494,1,False,True,False,5842,,,
sars_like,0,1000,3,29360459,1,False,True,False,23944,,,
sars_like,0,1000,3,29556973,3,False,True,False,9074,,,
sars_like,0,1000,3,29963597,2,False,True,False,11410,,,
sars_like,0,1000,3,30171855,1,False,True,True,28635,1195.0,-4296.0,False
sars_like,0,1000,3,30223651,1,False,True,False,16493,,,
sars_like,0,1000,3,30243565,1,False,True,False,24268,,,
sars_like,0,1000,3,30373400,2,False,True,False,3694,,,
sars_like,0,1000,3,31231646,1,False,True,False,6429,,,
sars_like,0,1000,3,31334442,1,False,True,False,26652,,,
sars_like,0,1000,3,31338617,2,False,False,False,26606,,,
sars_like,0,1000,3,31795623,1,False,False,False,3010,,,
sars_like,0,1000,3,31895396,1,False,True,False,8717,,,
sars_like,0,1000,3,32428853,1,False,False,False,1865,,,
sars_like,0,1000,3,32849941,2,False,False,False,5055,,,
sars_like,0,1000,3,32897916,1,False,True,False,8206,,,
sars_like,0,1000,3,32903542,1,False,True,False,17279,,,
sars_like,0,1000,3,32977315,1,False,False,False,27699,,,
sars_like,0,1000,3,33019271,1,False,True,False,9606,,,
sars_like,0,1000,3,33103047,1,False,False,False,1847,,,
sars_like,0,1000,3,33221567,2,False,False,False,22369,,,
sars_like,0,1000,3,33509261,1,False,True,False,15555,,,
sars_like,0,1000,3,33759805,1,False,True,False,11524,,,
sars_like,0,1000,3,33950991,1,False,True,True,17610,2781.0,544.0,True
sars_like,0,1000,3,33964599,1,False,True,False,20173,,,
sars_like,0,1000,3,34168781,1,False,True,False,12485,,,
sars_like,0,1000,3,34200353,1,False,True,False,20872,,,
sars_like,0,1000,3,34321614,1,False,False,False,6778,,,
sars_like,0,1000,3,34561682,1,True,True,False,21095,,,
sars_like,0,1000,3,34894014,1,False,True,False,2759,,,
sars_like,0,1000,3,36446134,1,False,True,False,1508,,,
sars_like,0,1000,3,36881116,1,False,True,False,19207,,,
sars_like,0,1000,3,36889895,1,False,True,False,11761,,,
sars_like,0,1000,3,37506616,1,False,False,False,7996,,,
sars_like,0,1000,3,37789136,1,False,True,False,22557,,,
sars_like,0,1000,3,37814801,1,False,True,False,23149,,,
sars_like,0,1000,3,37856665,1,False,True,False,20109,,,
sars_like,0,1000,3,37897299,1,False,True,False,22178,,,
sars_like,0,1000,3,38190461,1,False,False,False,26868,,,
sars_like,0,1000,3,38638851,1,True,True,False,16063,,,
sars_like,0,1000,3,39101834,1,False,True,False,7623,,,
sars_like,0,1000,3,39251588,1,True,False,False,742,,,
sars_like,0,1000,3,39361460,1,False,True,False,2858,,,
sars_like,0,1000,3,40725369,1,False,True,False,7771,,,
sars_like,0,1000,3,42624397,1,False,False,False,4703,,,
sars_like,0,1000,3,42673367,1,False,True,False,22479,,,
sars_like,0,1000,3,43382695,1,False,True,False,17008,,,
sars_like,0,1000,3,43726674,1,False,True,False,12446,,,
sars_like,0,1000,3,44350220,1,True,True,False,8371,,,
sars_like,0,1000,3,47035177,1,False,True,False,11135,,,
sars_like,0,1000,3,48812701,1,False,True,False,7212,,,
sars_like,0,1000,3,50547009,1,False,False,False,27848,,,
sars_like,0,1000,3,50887198,1,True,False,False,539,,,
sars_like,0,1000,3,51723137,1,False,True,False,17942,,,
sars_like,0,1000,4,5050,1,True,False,False,15937,,,
sars_like,0,1000,4,19809,17,False,False,False,5424,,,
sars_like,0,1000,4,38199,1,False,False,False,25181,,,
sars_like,0,1000,4,42217,3,False,False,False,8081,,,
sars_like,0,1000,4,47992,13,False,False,False,21530,,,
sars_like,0,1000,4,49023,4,False,False,False,26951,,,
sars_like,0,1000,4,50119,23,False,False,False,4121,,,
sars_like,0,1000,4,50767,4,False,False,False,1115,,,
sars_like,0,1000,4,72594,8,False,True,False,11926,,,
sars_like,0,1000,4,100002,6,False,True,False,19036,,,
sars_like,0,1000,4,103550,1,True,True,False,14670,,,
sars_like,0,1000,4,109657,9,False,False,False,29824,,,
sars_like,0,1000,4,151770,3,False,False,False,26498,,,
sars_like,0,1000,4,207371,7,False,False,False,27720,,,
sars_like,0,1000,4,215211,1,False,True,False,11155,,,
sars_like,0,1000,4,223452,1,False,True,False,14453,,,
sars_like,0,1000,4,241049,1,False,False,False,2828,,,
sars_like,0,1000,4,243196,1,False,False,False,14008,,,
sars_like,0,1000,4,246969,2,False,False,False,18573,,,
sars_like,0,1000,4,255695,1,False,True,False,19576,,,
sars_like,0,1000,4,260716,6,False,False,False,24721,,,
sars_like,0,1000,4,262356,1,True,False,False,2662,,,
sars_like,0,1000,4,291100,1,False,False,False,17134,,,
sars_like,0,1000,4,302440,3,False,True,False,21867,,,
sars_like,0,1000,4,313886,3,False,False,False,26001,,,
sars_like,0,1000,4,314877,3,False,True,False,23934,,,
sars_like,0,1000,4,345380,1,True,True,False,20101,,,
sars_like,0,1000,4,353372,4,False,True,False,20597,,,
sars_like,0,1000,4,433265,2,False,False,False,26872,,,
sars_like,0,1000,4,463747,1,False,False,False,15164,,,
sars_like,0,1000,4,485945,2,False,False,False,14890,,,
sars_like,0,1000,4,514951,3,False,True,False,19282,,,
sars_like,0,1000,4,515046,1,True,True,False,22978,,,
sars_like,0,1000,4,520968,1,False,False,False,10081,,,
sars_like,0,1000,4,563432,3,False,False,False,15663,,,
sars_like,0,1000,4,568392,1,False,False,False,25788,,,
sars_like,0,1000,4,684810,1,False,False,False,18384,,,
sars_like,0,1000,4,698729,1,False,True,False,9154,,,
sars_like,0,1000,4,707043,1,False,True,False,12589,,,
sars_like,0,1000,4,727355,2,False,False,False,15500,,,
sars_like,0,1000,4,755829,1,False,False,False,21162,,,
sars_like,0,1000,4,767945,4,False,False,False,13420,,,
sars_like,0,1000,4,777897,1,False,False,False,15283,,,
sars_like,0,1000,4,796883,1,False,False,False,9024,,,
sars_like,0,1000,4,860383,1,False,True,False,17367,,,
sars_like,0,1000,4,870720,1,False,False,False,4189,,,
sars_like,0,1000,4,1019102,1,False,False,False,29483,,,
sars_like,0,1000,4,1106772,1,False,False,False,20166,,,
sars_like,0,1000,4,1121750,3,False,False,False,5265,,,
sars_like,0,1000,4,1203515,1,False,False,False,3179,,,
sars_like,0,1000,4,1268736,1,False,False,False,27011,,,
sars_like,0,1000,4,1299286,2,False,False,False,20781,,,
sars_like,0,1000,4,1310702,1,False,False,False,3074,,,
sars_like,0,1000,4,1416163,2,False,False,False,22117,,,
sars_like,0,1000,4,1421036,1,False,False,False,17390,,,
sars_like,0,1000,4,1497980,2,False,False,False,29454,,,
sars_like,0,1000,4,1507444,1,False,True,False,28262,,,
sars_like,0,1000,4,1511235,1,False,False,False,23027,,,
sars_like,0,1000,4,1517195,1,False,False,False,22971,,,
sars_like,0,1000,4,1544067,1,False,True,False,21507,,,
sars_like,0,1000,4,1569681,1,False,True,False,6851,,,
sars_like,0,1000,4,1613289,1,False,True,False,7585,,,
sars_like,0,1000,4,1640920,2,False,True,False,22792,,,
sars_like,0,1000,4,1781389,1,False,False,False,24698,,,
sars_like,0,1000,4,1785626,1,False,True,False,12883,,,
sars_like,0,1000,4,2064473,3,False,False,False,24204,,,
sars_like,0,1000,4,2096787,1,True,True,False,3462,,,
sars_like,0,1000,4,2182809,2,False,True,False,10230,,,
sars_like,0,1000,4,2332097,2,False,False,False,24057,,,
sars_like,0,1000,4,2608801,1,False,True,False,10841,,,
sars_like,0,1000,4,2629174,1,False,True,False,20743,,,
sars_like,0,1000,4,2636008,1,False,True,False,11374,,,
sars_like,0,1000,4,2850538,1,False,False,False,12760,,,
sars_like,0,1000,4,2889769,1,False,False,False,18416,,,
sars_like,0,1000,4,2982193,1,False,True,False,13983,,,
sars_like,0,1000,4,3051711,1,False,False,False,29303,,,
sars_like,0,1000,4,3211961,1,False,True,False,17620,,,
sars_like,0,1000,4,3445856,1,True,True,False,16775,,,
sars_like,0,1000,4,3512841,2,False,True,False,23371,,,
sars_like,0,1000,4,3679017,1,True,True,False,18932,,,
sars_like,0,1000,4,3747402,7,False,False,False,5275,,,
sars_like,0,1000,4,3770113,1,True,True,False,6272,,,
sars_like,0,1000,4,3930420,1,False,False,False,28171,,,
sars_like,0,1000,4,4129885,1,False,False,False,4870,,,
sars_like,0,1000,4,5234737,1,False,True,False,17146,,,
sars_like,0,1000,4,5376562,1,False,False,False,27235,,,
sars_like,0,1000,4,5431022,2,False,False,False,6097,,,
sars_like,0,1000,4,5552648,1,False,True,False,13370,,,
sars_like,0,1000,4,5704261,1,False,True,False,13215,,,
sars_like,0,1000,4,5920578,2,False,False,False,4559,,,
sars_like,0,1000,4,5965130,1,False,False,False,26116,,,
sars_like,0,1000,4,6081036,3,False,True,False,21819,,,
sars_like,0,1000,4,6151725,1,False,True,False,11537,,,
sars_like,0,1000,4,6256306,1,False,False,False,8480,,,
sars_like,0,1000,4,6349007,1,False,False,False,1139,,,
sars_like,0,1000,4,6355414,1,False,True,False,19464,,,
sars_like,0,1000,4,6494274,1,False,False,False,28661,,,
sars_like,0,1000,4,6577037,2,False,True,False,2196,,,
sars_like,0,1000,4,7260766,1,False,False,False,19017,,,
sars_like,0,1000,4,7612385,1,False,False,False,239,,,
sars_like,0,1000,4,7680279,1,False,False,False,24376,,,
sars_like,0,1000,4,7797112,3,False,False,False,26926,,,
sars_like,0,1000,4,7930611,1,False,True,False,19864,,,
sars_like,0,1000,4,8004627,1,False,True,False,17887,,,
sars_like,0,1000,4,8249810,1,False,True,False,21307,,,
sars_like,0,1000,4,8308711,1,False,False,False,22893,,,
sars_like,0,1000,4,8673451,1,False,False,False,5745,,,
sars_like,0,1000,4,8712640,1,False,True,False,13683,,,
sars_like,0,1000,4,9137102,1,False,False,False,4072,,,
sars_like,0,1000,4,9399283,2,False,False,False,28324,,,
sars_like,0,1000,4,9438274,1,False,False,False,25777,,,
sars_like,0,1000,4,9740688,1,False,False,False,25500,,,
sars_like,0,1000,4,10001076,2,False,True,False,13592,,,
sars_like,0,1000,4,10086704,2,False,False,False,17114,,,
sars_like,0,1000,4,10522526,1,False,False,False,24967,,,
sars_like,0,1000,4,10800822,1,False,True,False,22937,,,
sars_like,0,1000,4,10805934,1,False,True,False,21039,,,
sars_like,0,1000,4,10873190,1,False,False,False,28365,,,
sars_like,0,1000,4,11076277,1,False,True,False,28796,,,
sars_like,0,1000,4,11628327,1,False,False,False,20011,,,
sars_like,0,1000,4,12032651,1,False,False,False,7288,,,
sars_like,0,1000,4,12055710,1,False,True,False,27084,,,
sars_like,0,1000,4,12065024,1,False,True,False,26856,,,
sars_like,0,1000,4,12130107,1,False,True,False,22297,,,
sars_like,0,1000,4,12390246,1,False,False,False,24602,,,
sars_like,0,1000,4,12596946,1,False,True,False,10831,,,
sars_like,0,1000,4,12636007,1,False,True,False,27624,,,
sars_like,0,1000,4,12882041,1,False,True,False,23542,,,
sars_like,0,1000,4,13142189,1,False,True,False,9118,,,
sars_like,0,1000,4,13334656,1,False,True,False,23617,,,
sars_like,0,1000,4,13392159,1,False,True,False,27491,,,
sars_like,0,1000,4,13412977,1,False,False,False,28672,,,
sars_like,0,1000,4,13425214,1,False,True,False,28628,,,
sars_like,0,1000,4,13592612,1,False,False,False,4006,,,
sars_like,0,1000,4,13658145,1,False,True,False,23368,,,
sars_like,0,1000,4,13820911,2,False,True,False,13897,,,
sars_like,0,1000,4,13886050,1,False,True,False,27971,,,
sars_like,0,1000,4,14367964,1,False,True,False,14316,,,
sars_like,0,1000,4,14775302,2,False,False,False,19901,,,
sars_like,0,1000,4,14887276,1,False,True,False,25516,,,
sars_like,0,1000,4,15053670,2,False,False,False,13700,,,
sars_like,0,1000,4,15321152,1,False,False,False,28170,,,
sars_like,0,1000,4,15380080,1,False,True,False,14870,,,
sars_like,0,1000,4,15937216,1,False,False,False,2888,,,
sars_like,0,1000,4,15960608,3,False,True,False,23318,,,
sars_like,0,1000,4,16030980,1,False,False,False,13303,,,
sars_like,0,1000,4,16205620,1,False,False,False,2235,,,
sars_like,0,1000,4,16571731,2,False,False,False,6801,,,
sars_like,0,1000,4,17127957,1,False,True,False,21006,,,
sars_like,0,1000,4,17641121,1,False,True,False,21077,,,
sars_like,0,1000,4,17646824,1,False,True,False,14281,,,
sars_like,0,1000,4,17880272,1,False,True,False,5367,,,
sars_like,0,1000,4,18077677,1,False,False,False,18121,,,
sars_like,0,1000,4,18081478,1,False,True,False,14693,,,
sars_like,0,1000,4,18147829,1,False,False,False,5126,,,
sars_like,0,1000,4,18258053,2,False,True,False,10048,,,
sars_like,0,1000,4,18278372,1,False,False,False,3307,,,
sars_like,0,1000,4,18615628,1,False,False,False,6036,,,
sars_like,0,1000,4,19135938,1,False,True,False,3489,,,
sars_like,0,1000,4,19211406,1,False,False,False,14951,,,
sars_like,0,1000,4,19342754,1,False,True,False,22697,,,
sars_like,0,1000,4,19428734,1,False,False,False,28941,,,
sars_like,0,1000,4,19858172,1,False,True,False,13591,,,
sars_like,0,1000,4,20053328,2,False,False,False,2712,,,
sars_like,0,1000,4,20555113,2,False,False,False,25786,,,
sars_like,0,1000,4,20869991,1,False,True,False,11883,,,
sars_like,0,1000,4,21192764,2,False,True,False,18730,,,
sars_like,0,1000,4,21623064,1,False,True,False,14433,,,
sars_like,0,1000,4,21771795,1,False,True,False,10683,,,
sars_like,0,1000,4,22134923,1,False,False,False,155,,,
sars_like,0,1000,4,22581057,1,False,True,False,15204,,,
sars_like,0,1000,4,22633412,2,False,False,False,7248,,,
sars_like,0,1000,4,22828921,1,False,True,False,23060,,,
sars_like,0,1000,4,22834162,1,False,False,False,2096,,,
sars_like,0,1000,4,22895955,1,False,True,False,26510,,,
sars_like,0,1000,4,22961371,3,False,True,False,16432,,,
sars_like,0,1000,4,23284362,1,False,False,False,20930,,,
sars_like,0,1000,4,23545875,1,False,True,False,11120,,,
sars_like,0,1000,4,23586059,1,False,False,False,9245,,,
sars_like,0,1000,4,23595513,1,False,False,False,24154,,,
sars_like,0,1000,4,23641083,2,False,True,False,16542,,,
sars_like,0,1000,4,23946381,1,True,False,False,3610,,,
sars_like,0,1000,4,24714571,1,False,True,False,18659,,,
sars_like,0,1000,4,25311824,1,False,True,False,14567,,,
sars_like,0,1000,4,25320258,1,False,False,False,2824,,,
sars_like,0,1000,4,25401484,1,False,False,False,28244,,,
sars_like,0,1000,4,25565338,1,False,False,False,1182,,,
sars_like,0,1000,4,25662368,1,False,False,False,23951,,,
sars_like,0,1000,4,26210871,1,False,True,False,13378,,,
sars_like,0,1000,4,26353528,1,False,True,False,8483,,,
sars_like,0,1000,4,26437336,1,False,False,False,693,,,
sars_like,0,1000,4,26536737,1,False,True,False,19906,,,
sars_like,0,1000,4,26595469,1,False,True,False,24855,,,
sars_like,0,1000,4,26961713,1,False,True,False,9297,,,
sars_like,0,1000,4,27119875,1,False,False,False,2267,,,
sars_like,0,1000,4,27132819,1,False,False,False,4877,,,
sars_like,0,1000,4,27957692,1,False,True,False,11548,,,
sars_like,0,1000,4,28186476,2,False,True,False,15883,,,
sars_like,0,1000,4,28539670,1,False,True,False,12123,,,
sars_like,0,1000,4,28657009,1,False,False,False,15081,,,
sars_like,0,1000,4,28681723,1,False,True,False,22401,,,
sars_like,0,1000,4,28698203,3,False,True,False,12504,,,
sars_like,0,1000,4,29343156,1,False,True,False,12119,,,
sars_like,0,1000,4,29345494,1,False,True,False,5842,,,
sars_like,0,1000,4,29360459,1,False,True,False,23944,,,
sars_like,0,1000,4,29556973,3,False,True,False,9074,,,
sars_like,0,1000,4,29963597,2,False,True,False,11410,,,
sars_like,0,1000,4,30171855,1,False,True,False,28635,,,
sars_like,0,1000,4,30223651,1,False,True,False,16493,,,
sars_like,0,1000,4,30243565,1,False,True,False,24268,,,
sars_like,0,1000,4,30373400,2,False,True,False,3694,,,
sars_like,0,1000,4,31231646,1,False,True,False,6429,,,
sars_like,0,1000,4,31334442,1,False,True,False,26652,,,
sars_like,0,1000,4,31338617,2,False,False,False,26606,,,
sars_like,0,1000,4,31795623,1,False,False,False,3010,,,
sars_like,0,1000,4,31895396,1,False,True,False,8717,,,
sars_like,0,1000,4,32428853,1,False,False,False,1865,,,
sars_like,0,1000,4,32849941,2,False,False,False,5055,,,
sars_like,0,1000,4,32897916,1,False,True,False,8206,,,
sars_like,0,1000,4,32903542,1,False,True,False,17279,,,
sars_like,0,1000,4,32977315,1,False,False,False,27699,,,
sars_like,0,1000,4,33019271,1,False,True,False,9606,,,
sars_like,0,1000,4,33103047,1,False,False,False,1847,,,
sars_like,0,1000,4,33221567,2,False,False,False,22369,,,
sars_like,0,1000,4,33509261,1,False,True,False,15555,,,
sars_like,0,1000,4,33759805,1,False,True,False,11524,,,
sars_like,0,1000,4,33950991,1,False,True,False,17610,,,
sars_like,0,1000,4,33964599,1,False,True,False,20173,,,
sars_like,0,1000,4,34168781,1,False,True,False,12485,,,
sars_like,0,1000,4,34200353,1,False,True,False,20872,,,
sars_like,0,1000,4,34321614,1,False,False,False,6778,,,
sars_like,0,1000,4,34561682,1,True,True,False,21095,,,
sars_like,0,1000,4,34894014,1,False,True,False,2759,,,
sars_like,0,1000,4,36446134,1,False,True,False,1508,,,
sars_like,0,1000,4,36881116,1,False,True,False,19207,,,
sars_like,0,1000,4,36889895,1,False,True,False,11761,,,
sars_like,0,1000,4,37506616,1,False,False,False,7996,,,
sars_like,0,1000,4,37789136,1,False,True,False,22557,,,
sars_like,0,1000,4,37814801,1,False,True,False,23149,,,
sars_like,0,1000,4,37856665,1,False,True,False,20109,,,
sars_like,0,1000,4,37897299,1,False,True,False,22178,,,
sars_like,0,1000,4,38190461,1,False,False,False,26868,,,
sars_like,0,1000,4,38638851,1,True,True,False,16063,,,
sars_like,0,1000,4,39101834,1,False,True,False,7623,,,
sars_like,0,1000,4,39251588,1,True,False,False,742,,,
sars_like,0,1000,4,39361460,1,False,True,False,2858,,,
sars_like,0,1000,4,40725369,1,False,True,False,7771,,,
sars_like,0,1000,4,42624397,1,False,False,False,4703,,,
sars_like,0,1000,4,42673367,1,False,True,False,22479,,,
sars_like,0,1000,4,43382695,1,False,True,False,17008,,,
sars_like,0,1000,4,43726674,1,False,True,False,12446,,,
sars_like,0,1000,4,44350220,1,True,True,False,8371,,,
sars_like,0,1000,4,47035177,1,False,True,False,11135,,,
sars_like,0,1000,4,48812701,1,False,True,False,7212,,,
sars_like,0,1000,4,50547009,1,False,False,False,27848,,,
sars_like,0,1000,4,50887198,1,True,False,False,539,,,
sars_like,0,1000,4,51723137,1,False,True,False,17942,,,
sars_like,0,1000,5,5050,1,True,False,False,15937,,,
sars_like,0,1000,5,19809,17,False,False,False,5424,,,
sars_like,0,1000,5,38199,1,False,False,False,25181,,,
sars_like,0,1000,5,42217,3,False,False,False,8081,,,
sars_like,0,1000,5,47992,13,False,False,False,21530,,,
sars_like,0,1000,5,49023,4,False,False,False,26951,,,
sars_like,0,1000,5,50119,23,False,False,False,4121,,,
sars_like,0,1000,5,50767,4,False,False,False,1115,,,
sars_like,0,1000,5,72594,8,False,True,False,11926,,,
sars_like,0,1000,5,100002,6,False,True,False,19036,,,
sars_like,0,1000,5,103550,1,True,True,False,14670,,,
sars_like,0,1000,5,109657,9,False,False,False,29824,,,
sars_like,0,1000,5,151770,3,False,False,False,26498,,,
sars_like,0,1000,5,207371,7,False,False,False,27720,,,
sars_like,0,1000,5,215211,1,False,True,False,11155,,,
sars_like,0,1000,5,223452,1,False,True,False,14453,,,
sars_like,0,1000,5,241049,1,False,False,False,2828,,,
sars_like,0,1000,5,243196,1,False,False,False,14008,,,
sars_like,0,1000,5,246969,2,False,False,False,18573,,,
sars_like,0,1000,5,255695,1,False,True,False,19576,,,
sars_like,0,1000,5,260716,6,False,False,False,24721,,,
sars_like,0,1000,5,262356,1,True,False,False,2662,,,
sars_like,0,1000,5,291100,1,False,False,False,17134,,,
sars_like,0,1000,5,302440,3,False,True,False,21867,,,
sars_like,0,1000,5,313886,3,False,False,False,26001,,,
sars_like,0,1000,5,314877,3,False,True,False,23934,,,
sars_like,0,1000,5,345380,1,True,True,False,20101,,,
sars_like,0,1000,5,353372,4,False,True,False,20597,,,
sars_like,0,1000,5,433265,2,False,False,False,26872,,,
sars_like,0,1000,5,463747,1,False,False,False,15164,,,
sars_like,0,1000,5,485945,2,False,False,False,14890,,,
sars_like,0,1000,5,514951,3,False,True,False,19282,,,
sars_like,0,1000,5,515046,1,True,True,False,22978,,,
sars_like,0,1000,5,520968,1,False,False,False,10081,,,
sars_like,0,1000,5,563432,3,False,False,False,15663,,,
sars_like,0,1000,5,568392,1,False,False,False,25788,,,
sars_like,0,1000,5,684810,1,False,False,False,18384,,,
sars_like,0,1000,5,698729,1,False,True,False,9154,,,
sars_like,0,1000,5,707043,1,False,True,False,12589,,,
sars_like,0,1000,5,727355,2,False,False,False,15500,,,
sars_like,0,1000,5,755829,1,False,False,False,21162,,,
sars_like,0,1000,5,767945,4,False,False,False,13420,,,
sars_like,0,1000,5,777897,1,False,False,False,15283,,,
sars_like,0,1000,5,796883,1,False,False,False,9024,,,
sars_like,0,1000,5,860383,1,False,True,False,17367,,,
sars_like,0,1000,5,870720,1,False,False,False,4189,,,
sars_like,0,1000,5,1019102,1,False,False,False,29483,,,
sars_like,0,1000,5,1106772,1,False,False,False,20166,,,
sars_like,0,1000,5,1121750,3,False,False,False,5265,,,
sars_like,0,1000,5,1203515,1,False,False,False,3179,,,
sars_like,0,1000,5,1268736,1,False,False,False,27011,,,
sars_like,0,1000,5,1299286,2,False,False,False,20781,,,
sars_like,0,1000,5,1310702,1,False,False,False,3074,,,
sars_like,0,1000,5,1416163,2,False,False,False,22117,,,
sars_like,0,1000,5,1421036,1,False,False,False,17390,,,
sars_like,0,1000,5,1497980,2,False,False,False,29454,,,
sars_like,0,1000,5,1507444,1,False,True,False,28262,,,
sars_like,0,1000,5,1511235,1,False,False,False,23027,,,
sars_like,0,1000,5,1517195,1,False,False,False,22971,,,
sars_like,0,1000,5,1544067,1,False,True,False,21507,,,
sars_like,0,1000,5,1569681,1,False,True,False,6851,,,
sars_like,0,1000,5,1613289,1,False,True,False,7585,,,
sars_like,0,1000,5,1640920,2,False,True,False,22792,,,
sars_like,0,1000,5,1781389,1,False,False,False,24698,,,
sars_like,0,1000,5,1785626,1,False,True,False,12883,,,
sars_like,0,1000,5,2064473,3,False,False,False,24204,,,
sars_like,0,1000,5,2096787,1,True,True,False,3462,,,
sars_like,0,1000,5,2182809,2,False,True,False,10230,,,
sars_like,0,1000,5,2332097,2,False,False,False,24057,,,
sars_like,0,1000,5,2608801,1,False,True,False,10841,,,
sars_like,0,1000,5,2629174,1,False,True,False,20743,,,
sars_like,0,1000,5,2636008,1,False,True,False,11374,,,
sars_like,0,1000,5,2850538,1,False,False,False,12760,,,
sars_like,0,1000,5,2889769,1,False,False,False,18416,,,
sars_like,0,1000,5,2982193,1,False,True,False,13983,,,
sars_like,0,1000,5,3051711,1,False,False,False,29303,,,
sars_like,0,1000,5,3211961,1,False,True,False,17620,,,
sars_like,0,1000,5,3445856,1,True,True,False,16775,,,
sars_like,0,1000,5,3512841,2,False,True,False,23371,,,
sars_like,0,1000,5,3679017,1,True,True,False,18932,,,
sars_like,0,1000,5,3747402,7,False,False,False,5275,,,
sars_like,0,1000,5,3770113,1,True,True,False,6272,,,
sars_like,0,1000,5,3930420,1,False,False,False,28171,,,
sars_like,0,1000,5,4129885,1,False,False,False,4870,,,
sars_like,0,1000,5,5234737,1,False,True,False,17146,,,
sars_like,0,1000,5,5376562,1,False,False,False,27235,,,
sars_like,0,1000,5,5431022,2,False,False,False,6097,,,
sars_like,0,1000,5,5552648,1,False,True,False,13370,,,
sars_like,0,1000,5,5704261,1,False,True,False,13215,,,
sars_like,0,1000,5,5920578,2,False,False,False,4559,,,
sars_like,0,1000,5,5965130,1,False,False,False,26116,,,
sars_like,0,1000,5,6081036,3,False,True,False,21819,,,
sars_like,0,1000,5,6151725,1,False,True,False,11537,,,
sars_like,0,1000,5,6256306,1,False,False,False,8480,,,
sars_like,0,1000,5,6349007,1,False,False,False,1139,,,
sars_like,0,1000,5,6355414,1,False,True,False,19464,,,
sars_like,0,1000,5,6494274,1,False,False,False,28661,,,
sars_like,0,1000,5,6577037,2,False,True,False,2196,,,
sars_like,0,1000,5,7260766,1,False,False,False,19017,,,
sars_like,0,1000,5,7612385,1,False,False,False,239,,,
sars_like,0,1000,5,7680279,1,False,False,False,24376,,,
sars_like,0,1000,5,7797112,3,False,False,False,26926,,,
sars_like,0,1000,5,7930611,1,False,True,False,19864,,,
sars_like,0,1000,5,8004627,1,False,True,False,17887,,,
sars_like,0,1000,5,8249810,1,False,True,False,21307,,,
sars_like,0,1000,5,8308711,1,False,False,False,22893,,,
sars_like,0,1000,5,8673451,1,False,False,False,5745,,,
sars_like,0,1000,5,8712640,1,False,True,False,13683,,,
sars_like,0,1000,5,9137102,1,False,False,False,4072,,,
sars_like,0,1000,5,9399283,2,False,False,False,28324,,,
sars_like,0,1000,5,9438274,1,False,False,False,25777,,,
sars_like,0,1000,5,9740688,1,False,False,False,25500,,,
sars_like,0,1000,5,10001076,2,False,True,False,13592,,,
sars_like,0,1000,5,10086704,2,False,False,False,17114,,,
sars_like,0,1000,5,10522526,1,False,False,False,24967,,,
sars_like,0,1000,5,10800822,1,False,True,False,22937,,,
sars_like,0,1000,5,10805934,1,False,True,False,21039,,,
sars_like,0,1000,5,10873190,1,False,False,False,28365,,,
sars_like,0,1000,5,11076277,1,False,True,False,28796,,,
sars_like,0,1000,5,11628327,1,False,False,False,20011,,,
sars_like,0,1000,5,12032651,1,False,False,False,7288,,,
sars_like,0,1000,5,12055710,1,False,True,False,27084,,,
sars_like,0,1000,5,12065024,1,False,True,False,26856,,,
sars_like,0,1000,5,12130107,1,False,True,False,22297,,,
sars_like,0,1000,5,12390246,1,False,False,False,24602,,,
sars_like,0,1000,5,12596946,1,False,True,False,10831,,,
sars_like,0,1000,5,12636007,1,False,True,False,27624,,,
sars_like,0,1000,5,12882041,1,False,True,False,23542,,,
sars_like,0,1000,5,13142189,1,False,True,False,9118,,,
sars_like,0,1000,5,13334656,1,False,True,False,23617,,,
sars_like,0,1000,5,13392159,1,False,True,False,27491,,,
sars_like,0,1000,5,13412977,1,False,False,False,28672,,,
sars_like,0,1000,5,13425214,1,False,True,False,28628,,,
sars_like,0,1000,5,13592612,1,False,False,False,4006,,,
sars_like,0,1000,5,13658145,1,False,True,False,23368,,,
sars_like,0,1000,5,13820911,2,False,True,False,13897,,,
sars_like,0,1000,5,13886050,1,False,True,False,27971,,,
sars_like,0,1000,5,14367964,1,False,True,False,14316,,,
sars_like,0,1000,5,14775302,2,False,False,False,19901,,,
sars_like,0,1000,5,14887276,1,False,True,False,25516,,,
sars_like,0,1000,5,15053670,2,False,False,False,13700,,,
sars_like,0,1000,5,15321152,1,False,False,False,28170,,,
sars_like,0,1000,5,15380080,1,False,True,False,14870,,,
sars_like,0,1000,5,15937216,1,False,False,False,2888,,,
sars_like,0,1000,5,15960608,3,False,True,False,23318,,,
sars_like,0,1000,5,16030980,1,False,False,False,13303,,,
sars_like,0,1000,5,16205620,1,False,False,False,2235,,,
sars_like,0,1000,5,16571731,2,False,False,False,6801,,,
sars_like,0,1000,5,17127957,1,False,True,False,21006,,,
sars_like,0,1000,5,17641121,1,False,True,False,21077,,,
sars_like,0,1000,5,17646824,1,False,True,False,14281,,,
sars_like,0,1000,5,17880272,1,False,True,False,5367,,,
sars_like,0,1000,5,18077677,1,False,False,False,18121,,,
sars_like,0,1000,5,18081478,1,False,True,False,14693,,,
sars_like,0,1000,5,18147829,1,False,False,False,5126,,,
sars_like,0,1000,5,18258053,2,False,True,False,10048,,,
sars_like,0,1000,5,18278372,1,False,False,False,3307,,,
sars_like,0,1000,5,18615628,1,False,False,False,6036,,,
sars_like,0,1000,5,19135938,1,False,True,False,3489,,,
sars_like,0,1000,5,19211406,1,False,False,False,14951,,,
sars_like,0,1000,5,19342754,1,False,True,False,22697,,,
sars_like,0,1000,5,19428734,1,False,False,False,28941,,,
sars_like,0,1000,5,19858172,1,False,True,False,13591,,,
sars_like,0,1000,5,20053328,2,False,False,False,2712,,,
sars_like,0,1000,5,20555113,2,False,False,False,25786,,,
sars_like,0,1000,5,20869991,1,False,True,False,11883,,,
sars_like,0,1000,5,21192764,2,False,True,False,18730,,,
sars_like,0,1000,5,21623064,1,False,True,False,14433,,,
sars_like,0,1000,5,21771795,1,False,True,False,10683,,,
sars_like,0,1000,5,22134923,1,False,False,False,155,,,
sars_like,0,1000,5,22581057,1,False,True,False,15204,,,
sars_like,0,1000,5,22633412,2,False,False,False,7248,,,
sars_like,0,1000,5,22828921,1,False,True,False,23060,,,
sars_like,0,1000,5,22834162,1,False,False,False,2096,,,
sars_like,0,1000,5,22895955,1,False,True,False,26510,,,
sars_like,0,1000,5,22961371,3,False,True,False,16432,,,
sars_like,0,1000,5,23284362,1,False,False,False,20930,,,
sars_like,0,1000,5,23545875,1,False,True,False,11120,,,
sars_like,0,1000,5,23586059,1,False,False,False,9245,,,
sars_like,0,1000,5,23595513,1,False,False,False,24154,,,
sars_like,0,1000,5,23641083,2,False,True,False,16542,,,
sars_like,0,1000,5,23946381,1,True,False,False,3610,,,
sars_like,0,1000,5,24714571,1,False,True,False,18659,,,
sars_like,0,1000,5,25311824,1,False,True,False,14567,,,
sars_like,0,1000,5,25320258,1,False,False,False,2824,,,
sars_like,0,1000,5,25401484,1,False,False,False,28244,,,
sars_like,0,1000,5,25565338,1,False,False,False,1182,,,
sars_like,0,1000,5,25662368,1,False,False,False,23951,,,
sars_like,0,1000,5,26210871,1,False,True,False,13378,,,
sars_like,0,1000,5,26353528,1,False,True,False,8483,,,
sars_like,0,1000,5,26437336,1,False,False,False,693,,,
sars_like,0,1000,5,26536737,1,False,True,False,19906,,,
sars_like,0,1000,5,26595469,1,False,True,False,24855,,,
sars_like,0,1000,5,26961713,1,False,True,False,9297,,,
sars_like,0,1000,5,27119875,1,False,False,False,2267,,,
sars_like,0,1000,5,27132819,1,False,False,False,4877,,,
sars_like,0,1000,5,27957692,1,False,True,False,11548,,,
sars_like,0,1000,5,28186476,2,False,True,False,15883,,,
sars_like,0,1000,5,28539670,1,False,True,False,12123,,,
sars_like,0,1000,5,28657009,1,False,False,False,15081,,,
sars_like,0,1000,5,28681723,1,False,True,False,22401,,,
sars_like,0,1000,5,28698203,3,False,True,False,12504,,,
sars_like,0,1000,5,29343156,1,False,True,False,12119,,,
sars_like,0,1000,5,29345494,1,False,True,False,5842,,,
sars_like,0,1000,5,29360459,1,False,True,False,23944,,,
sars_like,0,1000,5,29556973,3,False,True,False,9074,,,
sars_like,0,1000,5,29963597,2,False,True,False,11410,,,
sars_like,0,1000,5,30171855,1,False,True,False,28635,,,
sars_like,0,1000,5,30223651,1,False,True,False,16493,,,
sars_like,0,1000,5,30243565,1,False,True,False,24268,,,
sars_like,0,1000,5,30373400,2,False,True,False,3694,,,
sars_like,0,1000,5,31231646,1,False,True,False,6429,,,
sars_like,0,1000,5,31334442,1,False,True,False,26652,,,
sars_like,0,1000,5,31338617,2,False,False,False,26606,,,
sars_like,0,1000,5,31795623,1,False,False,False,3010,,,
sars_like,0,1000,5,31895396,1,False,True,False,8717,,,
sars_like,0,1000,5,32428853,1,False,False,False,1865,,,
sars_like,0,1000,5,32849941,2,False,False,False,5055,,,
sars_like,0,1000,5,32897916,1,False,True,False,8206,,,
sars_like,0,1000,5,32903542,1,False,True,False,17279,,,
sars_like,0,1000,5,32977315,1,False,False,False,27699,,,
sars_like,0,1000,5,33019271,1,False,True,False,9606,,,
sars_like,0,1000,5,33103047,1,False,False,False,1847,,,
sars_like,0,1000,5,33221567,2,False,False,False,22369,,,
sars_like,0,1000,5,33509261,1,False,True,False,15555,,,
sars_like,0,1000,5,33759805,1,False,True,False,11524,,,
sars_like,0,1000,5,33950991,1,False,True,False,17610,,,
sars_like,0,1000,5,33964599,1,False,True,False,20173,,,
sars_like,0,1000,5,34168781,1,False,True,False,12485,,,
sars_like,0,1000,5,34200353,1,False,True,False,20872,,,
sars_like,0,1000,5,34321614,1,False,False,False,6778,,,
sars_like,0,1000,5,34561682,1,True,True,False,21095,,,
sars_like,0,1000,5,34894014,1,False,True,False,2759,,,
sars_like,0,1000,5,36446134,1,False,True,False,1508,,,
sars_like,0,1000,5,36881116,1,False,True,False,19207,,,
sars_like,0,1000,5,36889895,1,False,True,False,11761,,,
sars_like,0,1000,5,37506616,1,False,False,False,7996,,,
sars_like,0,1000,5,37789136,1,False,True,False,22557,,,
sars_like,0,1000,5,37814801,1,False,True,False,23149,,,
sars_like,0,1000,5,37856665,1,False,True,False,20109,,,
sars_like,0,1000,5,37897299,1,False,True,False,22178,,,
sars_like,0,1000,5,38190461,1,False,False,False,26868,,,
sars_like,0,1000,5,38638851,1,True,True,False,16063,,,
sars_like,0,1000,5,39101834,1,False,True,False,7623,,,
sars_like,0,1000,5,39251588,1,True,False,False,742,,,
sars_like,0,1000,5,39361460,1,False,True,False,2858,,,
sars_like,0,1000,5,40725369,1,False,True,False,7771,,,
sars_like,0,1000,5,42624397,1,False,False,False,4703,,,
sars_like,0,1000,5,42673367,1,False,True,False,22479,,,
sars_like,0,1000,5,43382695,1,False,True,False,17008,,,
sars_like,0,1000,5,43726674,1,False,True,False,12446,,,
sars_like,0,1000,5,44350220,1,True,True,False,8371,,,
sars_like,0,1000,5,47035177,1,False,True,False,11135,,,
sars_like,0,1000,5,48812701,1,False,True,False,7212,,,
sars_like,0,1000,5,50547009,1,False,False,False,27848,,,
sars_like,0,1000,5,50887198,1,True,False,False,539,,,
sars_like,0,1000,5,51723137,1,False,True,False,17942,,,
