pathogen,rep,samples_per_day,k,num_samples,num_placed,num_exact_matches,num_held_back,num_sampled_recombinants,num_expected_recombinants,num_inferred_recombinants,true_positives,false_positives,precision,num_events,num_detectable_events,events_detected,recall,recall_detectable,mean_abs_breakpoint_error,breakpoint_in_interval,median_interval_width,num_recombinant_nodes,arf,tpr,rmse,arf_internal,tpr_internal,arf_resolved,tpr_resolved,rmse_resolved,arf_internal_resolved,tpr_internal_resolved
coronavirus_like,0,20,3,3892,3892,470,0,23,634,146,130,16,0.8904109589041096,158,151,120,0.759493670886076,0.7947019867549668,772.6779661016949,0.9661016949152542,842.5,140,0.1779449950819671,0.6342630662249508,0.0622853155908048,0.0614892288592091,0.6388450491295986,0.0207385084608036,0.969122426354284,0.0584807826246027,0.0554567068800819,0.9223731456873284
coronavirus_like,0,20,4,3892,3892,470,0,23,634,129,126,3,0.9767441860465116,158,151,118,0.7468354430379747,0.7814569536423841,789.75,0.9655172413793104,800.5,124,0.1759318545318254,0.6371776248876408,0.0622197078330802,0.0587627177192839,0.6415624145887182,0.0199440666938325,0.9708680224630424,0.0583608621775015,0.0532475517353172,0.92591380019678
coronavirus_like,0,20,5,3892,3892,470,0,23,634,119,116,3,0.9747899159663864,158,151,110,0.6962025316455697,0.7284768211920529,747.0925925925926,0.9629629629629628,730.0,115,0.177667147270884,0.6361370753335077,0.0622110080805093,0.0643317571864332,0.6397908562364288,0.0215895714799934,0.9695804761653528,0.0583511440662952,0.0575995558575246,0.922085771798368
coronavirus_like,0,100,3,19003,19003,5444,0,81,847,319,312,7,0.9780564263322884,351,341,292,0.8319088319088319,0.8563049853372434,733.4655172413793,0.9896551724137932,942.0,298,0.2220903764364312,0.5958927314322849,0.0385401396136135,0.072479533427313,0.4935646476718336,0.0136226874417509,0.982389444806012,0.0359470055212913,0.0449422378169567,0.9433935635672596
coronavirus_like,0,100,4,19003,19003,5444,0,81,847,292,290,2,0.9931506849315068,351,341,273,0.7777777777777778,0.8005865102639296,683.3823529411765,0.9852941176470588,867.0,274,0.2223200411315508,0.5959173724991979,0.0384964383375998,0.0744610717497114,0.4929489799132792,0.0140818437465389,0.9820692639617952,0.0359162822950176,0.0464413772586573,0.9423042018224512
coronavirus_like,0,100,5,19003,19003,5444,0,81,847,270,268,2,0.9925925925925926,351,341,253,0.7207977207977208,0.7419354838709677,674.2063492063492,0.984126984126984,835.0,254,0.222983874804198,0.5954538272390242,0.0384948851808364,0.0778556547906388,0.4914036247764737,0.0149789125291209,0.9812793172582444,0.0359151855966963,0.049385693937032,0.9397003661169456
coronavirus_like,1,20,3,3892,3892,417,0,20,470,136,118,18,0.8676470588235294,154,147,111,0.7207792207792207,0.7551020408163265,640.5321100917431,0.981651376146789,806.0,130,0.1866272016744883,0.620899754234189,0.0575456935422924,0.077812791538177,0.6244742027694099,0.0231946110149875,0.9678073257420476,0.0568862617018943,0.0622656624773314,0.9183204683040388
coronavirus_like,1,20,4,3892,3892,417,0,20,470,121,113,8,0.9338842975206612,154,147,107,0.6948051948051948,0.7278911564625851,638.5094339622641,0.981132075471698,834.0,115,0.1855720781405933,0.6229836348791665,0.0581846377647363,0.0782927350196479,0.6246919688977258,0.0234581479134807,0.968415118504328,0.0571707987714629,0.0628774263528744,0.919406799818756
coronavirus_like,1,20,5,3892,3892,417,0,20,470,106,104,2,0.981132075471698,154,147,99,0.6428571428571429,0.673469387755102,583.939393939394,0.9797979797979798,798.0,102,0.1856434010438997,0.6242304400646709,0.0582330485025293,0.0804361418642676,0.6256210458651151,0.0240752575347651,0.9692964409138544,0.0571122825397534,0.0643683295432983,0.9209640215134384
coronavirus_like,1,100,3,19003,19003,5405,0,101,801,307,295,12,0.9609120521172638,339,322,269,0.7935103244837758,0.8322981366459627,621.5,0.9849624060150376,818.5,281,0.2258298134733916,0.5908596249595197,0.0400093448645615,0.0753730605064276,0.4916334184775942,0.0129219815837944,0.9828350422688056,0.0365512714322638,0.0428183217355149,0.9449587055844084
coronavirus_like,1,100,4,19003,19003,5405,0,101,801,287,282,5,0.9825783972125436,339,322,259,0.7640117994100295,0.8012422360248447,604.9455252918287,0.9844357976653696,826.0,263,0.22563530985274,0.5910800216234224,0.0400075095701619,0.0753576867866265,0.4916285474590438,0.0129160645418023,0.9828708836825945,0.0365474404007401,0.0427947508698731,0.9449345996351632
coronavirus_like,1,100,5,19003,19003,5405,0,101,801,267,266,1,0.99625468164794,339,322,243,0.7168141592920354,0.7546583850931677,567.6224066390041,0.9875518672199172,806.0,244,0.2261118644436359,0.5909467919932948,0.0399926727534209,0.0777574296416013,0.4910124082062557,0.0135762612582758,0.9824646785538024,0.036536839058257,0.0449565991371846,0.9435039997985394
coronavirus_like,2,20,3,3892,3892,414,0,25,696,183,167,16,0.912568306010929,181,172,153,0.8453038674033149,0.8837209302325582,919.1342281879196,0.9463087248322148,826.0,172,0.1769620824205187,0.6356794147053759,0.0755043467516135,0.0880754562617819,0.6173386179538237,0.0270008240057981,0.9594322053060416,0.0688173444645185,0.0724068623976693,0.8981563149928445
coronavirus_like,2,20,4,3892,3892,414,0,25,696,160,156,4,0.975,181,172,145,0.8011049723756906,0.8372093023255814,884.5174825174826,0.944055944055944,780.0,151,0.1757741564103564,0.6382481580471729,0.0754122820036835,0.0871627799038351,0.6194518836429795,0.0266466818318937,0.9608020125554216,0.0700440892527835,0.0713295285269213,0.900769769552976
coronavirus_like,2,20,5,3892,3892,414,0,25,696,145,143,2,0.986206896551724,181,172,133,0.7348066298342542,0.7732558139534884,737.6488549618321,0.9465648854961832,674.0,136,0.1774193888710379,0.6380369025759729,0.0748917225701977,0.0944043574470936,0.6163555899319098,0.0291850563089022,0.9592936626795612,0.0695790431442527,0.0779677180523727,0.8965740712107692
coronavirus_like,2,100,3,19003,19003,5206,0,96,967,348,337,11,0.9683908045977012,358,340,302,0.8435754189944135,0.888235294117647,612.3535353535353,0.9966329966329966,768.0,311,0.2260362293197834,0.5935145152841516,0.0364056805870744,0.0828472523856531,0.496071927806552,0.0137060990931466,0.981482981220394,0.0336965594058213,0.0451164342005236,0.9410383716209684
coronavirus_like,2,100,4,19003,19003,5206,0,96,967,325,321,4,0.9876923076923076,358,340,287,0.8016759776536313,0.8441176470588235,568.6347517730496,0.99645390070922,724.5,290,0.2263157624145648,0.5933539882665179,0.0364348487867846,0.084049588951003,0.4956459275557696,0.0140801314286787,0.981259135212156,0.0337141299732386,0.0463333218281257,0.9400821841768948
coronavirus_like,2,100,5,19003,19003,5206,0,96,967,306,306,0,1.0,358,340,273,0.7625698324022346,0.8029411764705883,527.7462686567164,0.996268656716418,707.0,273,0.2269759496923797,0.5930299770355898,0.0364275392006561,0.0869429790026247,0.4947058339133289,0.0149333912019496,0.9806603883689292,0.0337084752303874,0.0491113380600789,0.9379979247809102
coronavirus_like,3,20,3,3892,3892,423,0,22,666,165,146,19,0.8848484848484849,177,162,137,0.7740112994350282,0.845679012345679,827.4615384615385,0.946153846153846,767.5,158,0.1767153092081302,0.6348954307209963,0.0725401950285506,0.0743882692960171,0.6275772130826771,0.025079630318772,0.9655029594717004,0.0666177825973373,0.0670450199583329,0.912800799267694
coronavirus_like,3,20,4,3892,3892,423,0,22,666,144,138,6,0.9583333333333334,177,162,130,0.7344632768361582,0.8024691358024691,832.3333333333334,0.943089430894309,740.0,138,0.1757728381990984,0.636849924882444,0.0726758620178568,0.0748987510317156,0.6270992653724569,0.0256244066352835,0.965486113966344,0.0664553084355482,0.0684573560714935,0.9121933585041412
coronavirus_like,3,20,5,3892,3892,423,0,22,666,135,132,3,0.9777777777777776,177,162,126,0.711864406779661,0.7777777777777778,728.4621848739496,0.9495798319327732,732.0,129,0.1752419377743351,0.6377597870600119,0.0732442761959621,0.0760488993710691,0.6268751252852015,0.0258098748162336,0.9654874735027158,0.0665431214368682,0.0689318060241213,0.9120417499225532
coronavirus_like,3,100,3,19003,19003,5252,0,112,875,317,309,8,0.9747634069400632,361,337,291,0.8060941828254847,0.8635014836795252,616.0836236933798,0.9930313588850174,784.0,298,0.2246334614183626,0.5939714101081996,0.0366561836818423,0.0705585818559486,0.4962715280933924,0.0133468135325526,0.9826859497077716,0.0349555407584177,0.0441387231593752,0.944200693837025
coronavirus_like,3,100,4,19003,19003,5253,0,112,875,292,292,0,1.0,361,337,275,0.7617728531855956,0.8160237388724035,600.619926199262,0.992619926199262,768.0,275,0.2250123912237219,0.5938457428720874,0.036426321720039,0.0717777849072942,0.4960158321557355,0.0138568014410257,0.9823354187209096,0.0347957541651656,0.0458096852029599,0.9429047213668774
coronavirus_like,3,100,5,19003,19003,5253,0,112,875,272,272,0,1.0,361,337,257,0.7119113573407202,0.7626112759643917,572.2529644268775,0.9920948616600792,740.0,257,0.2257555613701554,0.5933032440476533,0.0364259809041564,0.0750668581507746,0.4944998780971308,0.0147746871083218,0.9814626111893948,0.0347947337046367,0.0488375699871939,0.9399664382330718
coronavirus_like,4,20,3,3892,3892,458,0,24,491,147,130,17,0.8843537414965986,154,148,123,0.7987012987012987,0.831081081081081,898.1623931623932,0.9572649572649572,810.0,142,0.1766525067097526,0.633915028194984,0.054113400013009,0.0742628651800352,0.6278316933854851,0.0224604952848836,0.9684706554146922,0.0519290740957121,0.06021187485737,0.9188120995936842
coronavirus_like,4,20,4,3892,3892,458,0,24,491,129,122,7,0.9457364341085271,154,148,117,0.7597402597402597,0.7905405405405406,991.078947368421,0.956140350877193,774.5,124,0.1756285114084416,0.6363754940720535,0.0557302274674463,0.0750209749670619,0.6291742287261334,0.0228816144312161,0.9692529942021104,0.0524422584733119,0.0612226593068824,0.920272367469254
coronavirus_like,4,20,5,3892,3892,458,0,24,491,120,115,5,0.9583333333333334,154,148,111,0.7207792207792207,0.75,979.4722222222222,0.9537037037037036,728.5,115,0.1768183133152524,0.6360398557785821,0.0557422892433188,0.0795974803149606,0.6270943858615262,0.0243156804272469,0.968157869967772,0.0524472475471518,0.0650192599076647,0.9172220722907998
coronavirus_like,4,100,3,19003,19003,5365,0,108,824,326,318,8,0.9754601226993864,356,336,290,0.8146067415730337,0.8630952380952381,684.7317073170732,0.9860627177700348,721.0,297,0.2227830664759007,0.5969499725007329,0.0378640692389432,0.0748531364434424,0.4992412466706392,0.0135636422852629,0.9815912954091373,0.0356318291375332,0.0446703895923672,0.9410442740777024
coronavirus_like,4,100,4,19003,19003,5365,0,108,824,311,308,3,0.990353697749196,356,336,281,0.7893258426966292,0.8363095238095238,644.8387096774194,0.989247311827957,720.0,283,0.2227008795673257,0.597143244511562,0.0378473588392561,0.07521597259589,0.4991442002685244,0.0136792621284,0.9815548468781484,0.0356182962268691,0.0450423113239393,0.940873485243737
coronavirus_like,4,100,5,19003,19003,5365,0,108,824,291,290,1,0.9965635738831616,356,336,265,0.7443820224719101,0.7886904761904762,628.8973384030418,0.988593155893536,692.0,265,0.22332215987463,0.5967750716029527,0.0377406446091153,0.077313051594048,0.4981312440230679,0.0144024631617339,0.9809570829475116,0.0355087168949739,0.0474104408628228,0.9388024994155286
