id,type,color,label_inside,label_outside,outside_pos,x,y
1502469,sample,#85B5B2,XAU,NA,NA,1.0,738.0
-1502469,clade,#85B5B2,1,NA,NA,1.0,738.0
1498516,sample,white,BA.2,NA,NA,0.7929870798382435,742.0
3257206,sample,white,BA.2,NA,NA,0.6407135282452966,742.0
1478755,sample,white,BA.2,NA,NA,0.8790906985048874,758.0
1474967,sample,#D1605E,XN,NA,NA,0.17281341107871717,761.0
-1474967,clade,#D1605E,2,NA,NA,0.17281341107871717,761.0
1472899,sample,#85B5B2,XAU,NA,NA,0.9480430633148481,762.0
-1472899,clade,#85B5B2,6,NA,NA,0.9480430633148481,762.0
1471513,sample,white,BA.2,NA,NA,0.47645017183647276,763.0
1458295,sample,white,BA.2,NA,NA,0.7603978570419984,773.0
1452771,sample,white,BA.2,NA,NA,0.6295654147777001,776.0
1452772,sample,white,BA.2,NA,NA,0.5687538836524674,776.0
1447694,sample,white,BA.2,NA,NA,0.694578620863449,779.0
1434508,sample,#D1605E,XN,NA,NA,0.29547979292373855,785.0
-1434508,clade,#D1605E,6,NA,NA,0.29547979292373855,785.0
1433891,sample,#D1605E,XN,NA,NA,0.42969851397517717,786.0
-1433891,clade,#D1605E,4,NA,NA,0.42969851397517717,786.0
1452773,internal,grey,NA,BA.2,right,0.602502050715778,793.6587453233308
1499040,internal,grey,NA,BA.2,right,0.8316155822267915,798.5141183393616
1377712,sample,#D1605E,XN,NA,NA,0.39661807580174924,808.0
-1377712,clade,#D1605E,4,NA,NA,0.39661807580174924,808.0
1453217,internal,grey,NA,BA.2,left,0.6594921887068336,820.1998975773067
1447695,internal,grey,NA,BA.2,right,0.6926941832119938,821.098322663986
1479532,internal,grey,NA,BA.2,right,0.8672459558548571,832.9605643912288
1332076,internal,#D1605E,NA,XN,left,0.2740087463556852,844.0
-1332076,clade,#D1605E,87,NA,NA,0.2740087463556852,844.0
1253868,sample,#D1605E,XN,NA,NA,0.35912770413099615,844.0000000001
-1253868,clade,#D1605E,33,NA,NA,0.35912770413099615,844.0000000001
3406100,internal,grey,NA,BA.2,right,0.7545926613588472,861.0
1474080,internal,grey,NA,BA.2,top,0.621800244635699,861.0000000001
1394354,internal,grey,NA,BA.2,top,0.44124635568513126,861.0000000002001
-1394354,clade,white,8,NA,NA,0.44124635568513126,861.0000000002001
1168445,sample,white,BA.2,NA,NA,0.31193746711964254,861.0000000003001
932307,anchor,transparent,NA,NA,NA,0.2,861.0000000003001
-1168445,clade,white,1,NA,NA,0.31193746711964254,861.0000000003001
