id,parent,child,style,color,num_mutations
1,1472899,1502469,solid,black,2
2,1502469,-1502469,dashed,black,0
3,1499040,1498516,solid,black,1
4,1447694,3257206,solid,black,0
5,1499040,1478755,solid,black,2
6,1332076,1474967,solid,black,3
7,1474967,-1474967,dashed,black,0
8,1479532,1472899,solid,black,1
9,1472899,-1472899,dashed,black,0
10,1474080,1471513,solid,black,1
11,1447694,1458295,solid,black,1
12,1452773,1452771,solid,black,0
13,1452773,1452772,solid,black,0
14,1453217,1447694,solid,black,1
15,1253868,1434508,solid,black,2
16,1434508,-1434508,dashed,black,0
17,1377712,1433891,solid,black,1
18,1433891,-1433891,dashed,black,0
19,1453217,1452773,solid,black,3
20,1479532,1499040,solid,black,3
21,1253868,1377712,solid,black,1
22,1377712,-1377712,dashed,black,0
23,1447695,1453217,solid,black,0
24,3406100,1447695,solid,black,4
25,3406100,1479532,solid,black,1
26,1253868,1332076,solid,black,1
27,1332076,-1332076,dashed,black,0
28,1394354,1253868,solid,black,1
29,1253868,-1253868,dashed,black,0
30,1474080,3406100,solid,black,1
31,1394354,1474080,solid,black,1
32,1168445,1394354,solid,black,2
33,1394354,-1394354,dashed,black,0
34,932307,1168445,dashdot,black,0
35,1168445,-1168445,dashed,black,0
