strain,k,type,num_parents,detected,num_mutations,hmm_cost,parents,parent_lineages,parent_num_samples,inferred_breakpoints,lineages_correct,breakpoint_correct,breakpoint_error,left_parent,right_parent,left_lineage,right_lineage,breakpoint,num_informative_left,num_informative_right,interval_left,interval_right,num_missing
ERR5963613,3,control,1,False,0,0,291839,Alpha,1,,,,,,,Alpha,Alpha,-1,-1,-1,-1,-1,0
ERR5963617,3,control,1,False,1,1,271962,Delta,6,,,,,,,Delta,Delta,-1,-1,-1,-1,-1,266
ERR5963620,3,control,1,False,0,0,290976,Delta,1,,,,,,,Delta,Delta,-1,-1,-1,-1,-1,96
ERR5963642,3,control,1,False,1,1,261896,Delta,26,,,,,,,Delta,Delta,-1,-1,-1,-1,-1,0
ERR5963644,3,control,1,False,0,0,291703,Delta,5,,,,,,,Delta,Delta,-1,-1,-1,-1,-1,0
ERR5963650,3,control,1,False,1,1,224174,Delta,63,,,,,,,Delta,Delta,-1,-1,-1,-1,-1,182
ERR5963652,3,control,1,False,5,5,97783,Alpha,358,,,,,,,Alpha,Alpha,-1,-1,-1,-1,-1,0
ERR5963670,3,control,1,False,0,0,279132,Alpha,1,,,,,,,Alpha,Alpha,-1,-1,-1,-1,-1,0
ERR5963699,3,control,1,False,0,0,279704,Alpha,1,,,,,,,Alpha,Alpha,-1,-1,-1,-1,-1,0
ERR5963724,3,control,1,False,0,0,292431,Delta,2,,,,,,,Delta,Delta,-1,-1,-1,-1,-1,231
ERR5963726,3,control,1,False,1,1,287153,Delta,3,,,,,,,Delta,Delta,-1,-1,-1,-1,-1,172
ERR5963753,3,control,1,False,0,0,255942,Delta,102,,,,,,,Delta,Delta,-1,-1,-1,-1,-1,0
ERR5963780,3,control,1,False,0,0,285195,Alpha,3,,,,,,,Alpha,Alpha,-1,-1,-1,-1,-1,0
ERR5963784,3,control,1,False,0,0,268646,Alpha,5,,,,,,,Alpha,Alpha,-1,-1,-1,-1,-1,0
ERR5963806,3,control,1,False,1,1,255942,Delta,102,,,,,,,Delta,Delta,-1,-1,-1,-1,-1,272
ERR5963808,3,control,1,False,0,0,275989,Alpha,3,,,,,,,Alpha,Alpha,-1,-1,-1,-1,-1,0
ERR5963829,3,control,1,False,0,0,291003,Alpha,2,,,,,,,Alpha,Alpha,-1,-1,-1,-1,-1,0
ERR5963835,3,control,1,False,0,0,274535,Alpha,5,,,,,,,Alpha,Alpha,-1,-1,-1,-1,-1,0
ERR5963839,3,control,1,False,0,0,285560,Alpha,2,,,,,,,Alpha,Alpha,-1,-1,-1,-1,-1,0
ERR5963860,3,control,1,False,0,0,291910,Delta,1,,,,,,,Delta,Delta,-1,-1,-1,-1,-1,272
ERR5963865,3,control,1,False,1,1,255942,Delta,102,,,,,,,Delta,Delta,-1,-1,-1,-1,-1,0
ERR5963867,3,control,1,False,3,3,167595,Alpha,11,,,,,,,Alpha,Alpha,-1,-1,-1,-1,-1,285
ERR5963890,3,control,1,False,0,0,252895,Delta,31,,,,,,,Delta,Delta,-1,-1,-1,-1,-1,272
ERR5963895,3,control,1,False,0,0,287244,Delta,1,,,,,,,Delta,Delta,-1,-1,-1,-1,-1,272
ERR5964087,3,control,1,False,4,4,167127,Delta,1380,,,,,,,Delta,Delta,-1,-1,-1,-1,-1,275
ERR5964111,3,control,1,False,0,0,288801,Alpha,1,,,,,,,Alpha,Alpha,-1,-1,-1,-1,-1,0
ERR5964113,3,control,1,False,1,1,289767,Alpha,1,,,,,,,Alpha,Alpha,-1,-1,-1,-1,-1,0
ERR5964134,3,control,1,False,0,0,291054,Alpha,1,,,,,,,Alpha,Alpha,-1,-1,-1,-1,-1,0
ERR5964192,3,control,1,False,0,0,224174,Delta,63,,,,,,,Delta,Delta,-1,-1,-1,-1,-1,272
ERR5964339,3,control,1,False,0,0,278507,Alpha,4,,,,,,,Alpha,Alpha,-1,-1,-1,-1,-1,0
ERR5964358,3,control,1,False,0,0,266274,Alpha,13,,,,,,,Alpha,Alpha,-1,-1,-1,-1,-1,0
ERR5964360,3,control,1,False,1,1,289952,Alpha,4,,,,,,,Alpha,Alpha,-1,-1,-1,-1,-1,0
ERR5964363,3,control,1,False,1,1,244803,Alpha,26,,,,,,,Alpha,Alpha,-1,-1,-1,-1,-1,0
ERR5964364,3,control,1,False,1,1,278537,Alpha,8,,,,,,,Alpha,Alpha,-1,-1,-1,-1,-1,0
ERR5964366,3,control,1,False,0,0,289969,Alpha,1,,,,,,,Alpha,Alpha,-1,-1,-1,-1,-1,0
ERR5964379,3,control,1,False,1,1,244587,Delta,49,,,,,,,Delta,Delta,-1,-1,-1,-1,-1,0
ERR5964381,3,control,1,False,0,0,289779,Delta,1,,,,,,,Delta,Delta,-1,-1,-1,-1,-1,124
ERR5964393,3,control,1,False,1,1,175408,Delta,593,,,,,,,Delta,Delta,-1,-1,-1,-1,-1,0
ERR5964465,3,control,1,False,2,2,266121,Alpha,1,,,,,,,Alpha,Alpha,-1,-1,-1,-1,-1,0
ERR5964540,3,control,1,False,0,0,289728,Alpha,1,,,,,,,Alpha,Alpha,-1,-1,-1,-1,-1,0
ERR5964542,3,control,1,False,1,1,282304,Alpha,1,,,,,,,Alpha,Alpha,-1,-1,-1,-1,-1,0
ERR5964546,3,control,1,False,0,0,282215,Delta,9,,,,,,,Delta,Delta,-1,-1,-1,-1,-1,0
ERR5964548,3,control,1,False,0,0,282324,Alpha,1,,,,,,,Alpha,Alpha,-1,-1,-1,-1,-1,0
ERR5964550,3,control,1,False,0,0,291779,Delta,1,,,,,,,Delta,Delta,-1,-1,-1,-1,-1,0
ERR5964569,3,control,1,False,0,0,113425,Alpha,386,,,,,,,Alpha,Alpha,-1,-1,-1,-1,-1,0
ERR5964576,3,control,1,False,1,1,197849,Delta,316,,,,,,,Delta,Delta,-1,-1,-1,-1,-1,0
ERR5964580,3,control,1,False,0,0,197849,Delta,316,,,,,,,Delta,Delta,-1,-1,-1,-1,-1,0
ERR5964602,3,control,1,False,1,1,284429,Alpha,3,,,,,,,Alpha,Alpha,-1,-1,-1,-1,-1,0
ERR5964606,3,control,1,False,0,0,285104,Alpha,2,,,,,,,Alpha,Alpha,-1,-1,-1,-1,-1,0
ERR5964609,3,control,1,False,0,0,285825,Delta,2,,,,,,,Delta,Delta,-1,-1,-1,-1,-1,157
rec_00000,3,recombinant,2,True,0,3,175408|287185,Delta|Alpha,593|2,19220,True,False,2301.0,ERR5966478,ERR5964320,Delta,Alpha,16919,23,35,16466,17040,0
rec_00001,3,recombinant,2,True,0,3,197849|242440,Delta|Alpha,316|5,19220,True,True,1662.0,ERR5965822,ERR5965351,Delta,Alpha,17558,24,35,17040,19220,0
rec_00002,3,recombinant,2,True,0,3,184950|288419,Alpha|Delta,19|1381,23604,True,True,57.0,ERR5964916,ERR5966797,Alpha,Delta,23547,32,24,23271,23604,0
rec_00003,3,recombinant,2,True,1,4,175408|282304,Delta|Alpha,593|1,16176,True,True,336.0,ERR5995999,ERR5965071,Delta,Alpha,15840,22,35,15451,16176,0
rec_00004,3,recombinant,2,True,0,3,192937|288599,Alpha|Delta,135|3,15451,True,True,118.0,ERR5971148,ERR5964399,Alpha,Delta,15333,20,37,15279,15451,298
rec_00005,3,recombinant,2,True,0,3,12629|119047,Other|Alpha,1|362,5388,False,False,1551.0,ERR5964937,ERR5971418,Delta,Alpha,3837,3,50,3267,4181,267
rec_00006,3,recombinant,2,True,0,3,175408|275375,Delta|Alpha,593|1,15738,True,True,179.0,ERR5996029,ERR5964663,Delta,Alpha,15559,23,38,15451,15738,0
rec_00007,3,recombinant,2,True,0,3,175408|256068,Delta|Alpha,593|43,16176,True,True,647.0,ERR5966797,ERR5963745,Delta,Alpha,15529,19,34,15451,16176,0
rec_00008,3,recombinant,2,True,0,3,218560|197849,Alpha|Delta,43|316,4181,True,True,715.0,ERR5964913,ERR5965097,Alpha,Delta,3466,5,54,3394,4181,272
rec_00009,3,recombinant,2,True,2,5,274784|288419,Alpha|Delta,3|1381,24914,True,True,336.0,ERR5964382,ERR5966464,Alpha,Delta,24578,36,26,24506,24914,0
rec_00010,3,recombinant,2,True,1,4,216759|288591,Alpha|Delta,2|1,10029,True,True,36.0,ERR5965430,ERR5981701,Alpha,Delta,9993,17,47,9053,10029,272
rec_00011,3,recombinant,1,False,2,2,290964,Delta,1,,False,False,-1.0,ERR5989515,ERR5964871,Alpha,Delta,1991,2,54,913,3267,141
rec_00012,3,recombinant,2,True,0,3,286126|291811,Alpha|Delta,1|2,24914,True,True,178.0,ERR5964934,ERR5964877,Alpha,Delta,24736,35,22,24506,24914,0
rec_00013,3,recombinant,2,True,0,3,279479|218238,Delta|Alpha,3|7,21618,True,True,411.0,ERR5964911,ERR5972864,Delta,Alpha,21207,28,31,20148,21618,0
rec_00014,3,recombinant,2,True,0,3,12629|289799,Other|Alpha,1|1,4633,False,False,1053.0,ERR5965562,ERR5965153,Delta,Alpha,3580,7,54,3294,4181,0
rec_00015,3,recombinant,2,True,0,3,76621|288599,Alpha|Delta,336|3,3267,True,True,975.0,ERR5965414,ERR5964399,Alpha,Delta,2292,3,59,2137,3267,0
rec_00016,3,recombinant,2,True,2,5,175408|280463,Delta|Alpha,593|1,10029,True,True,729.0,ERR5995971,ERR5989322,Delta,Alpha,9300,15,43,9053,10029,486
rec_00017,3,recombinant,2,True,0,3,197849|113425,Delta|Alpha,316|386,22917,True,True,397.0,ERR5964993,ERR5965283,Delta,Alpha,22520,24,31,21846,22917,0
rec_00018,3,recombinant,1,False,1,1,292269,Alpha,1,,False,False,-1.0,ERR5996017,ERR5965551,Delta,Alpha,322,1,60,210,913,0
rec_00019,3,recombinant,2,True,1,4,288836|263555,Alpha|Delta,1|43,14170,True,True,212.0,ERR5991847,ERR5989016,Alpha,Delta,13958,20,41,12946,14170,225
rec_00020,3,recombinant,2,True,0,3,207737|288419,Alpha|Delta,22|1381,25469,True,True,460.0,ERR5965321,ERR5964911,Alpha,Delta,25009,39,22,24914,25469,285
rec_00021,3,recombinant,2,True,0,3,288419|261985,Delta|Alpha,1383|32,6402,True,True,406.0,ERR5964612,ERR5965668,Delta,Alpha,5996,8,51,5986,6402,0
rec_00022,3,recombinant,2,True,0,3,252270|220729,Delta|Alpha,19|6,5388,True,False,1152.0,ERR5966464,ERR5964916,Delta,Alpha,4236,6,53,4181,4456,0
rec_00023,3,recombinant,2,True,1,4,263367|285154,Alpha|Delta,1|2,10029,True,True,202.0,ERR5989228,ERR5965333,Alpha,Delta,9827,16,42,9053,10029,0
rec_00024,3,recombinant,2,True,0,3,175408|278470,Delta|Alpha,593|6,14676,True,True,1704.0,ERR5995898,ERR5965238,Delta,Alpha,12972,18,42,11332,14676,0
rec_00025,3,recombinant,2,True,0,3,192562|255942,Alpha|Delta,5|102,10029,True,False,867.0,ERR5963869,ERR5965562,Alpha,Delta,9162,14,46,9053,9733,272
rec_00026,3,recombinant,2,True,0,3,205063|285987,Other|Alpha,94|4,3231,False,True,1894.0,ERR5964990,ERR5990800,Delta,Alpha,1337,3,56,1264,3231,1
rec_00027,3,recombinant,2,True,0,3,70044|278380,Alpha|Delta,1|3,5986,True,True,172.0,ERR5991732,ERR5964935,Alpha,Delta,5814,7,55,5388,5986,181
rec_00028,3,recombinant,2,True,0,3,285878|260341,Delta|Alpha,1|1,15279,True,True,527.0,ERR5996057,ERR5989657,Delta,Alpha,14752,21,38,14676,15279,0
rec_00029,3,recombinant,2,True,1,4,151198|234948,Alpha|Delta,328|626,25469,True,True,332.0,ERR5965418,ERR5965289,Alpha,Delta,25137,37,19,24914,25469,0
rec_00030,3,recombinant,2,True,0,3,197849|261985,Delta|Alpha,316|32,21618,True,True,2206.0,ERR5966464,ERR5965668,Delta,Alpha,19412,25,35,19220,21618,0
rec_00031,3,recombinant,2,True,0,3,175408|142077,Delta|Alpha,593|141,19220,True,True,864.0,ERR5996053,ERR5991965,Delta,Alpha,18356,23,34,16466,19220,0
rec_00032,3,recombinant,2,True,0,3,216759|197849,Alpha|Delta,2|316,16176,True,True,42.0,ERR5965430,ERR5965475,Alpha,Delta,16134,24,40,15451,16176,0
rec_00033,3,recombinant,2,True,1,4,168896|167126,Alpha|Delta,5|808,11201,True,False,1299.0,ERR5966784,ERR5996025,Alpha,Delta,9902,12,44,9053,10029,0
rec_00034,3,recombinant,2,True,0,3,263555|89799,Delta|Alpha,43|2,26767,True,True,1289.0,ERR5965370,ERR5972503,Delta,Alpha,25478,36,17,25469,26767,1
rec_00035,3,recombinant,2,True,1,4,282215|267619,Delta|Alpha,9|5,9891,True,True,770.0,ERR5964706,ERR5965384,Delta,Alpha,9121,13,49,6954,9891,0
rec_00036,3,recombinant,2,True,5,8,275698|242494,Delta|Alpha,30|1,11201,True,True,1015.0,ERR5994346,ERR5964950,Delta,Alpha,10186,19,46,10029,11201,0
rec_00037,3,recombinant,2,True,1,4,109629|255942,Alpha|Delta,1|102,16176,True,True,715.0,ERR5996015,ERR5963837,Alpha,Delta,15461,20,35,15451,16176,272
rec_00038,3,recombinant,2,True,0,3,282304|288419,Alpha|Delta,1|1381,27577,True,True,145.0,ERR5964637,ERR5995971,Alpha,Delta,27432,40,18,26767,27577,0
rec_00039,3,recombinant,1,False,1,1,98195,Alpha,244,,False,False,-1.0,ERR5965333,ERR5965250,Delta,Alpha,257,1,54,210,913,0
rec_00040,3,recombinant,1,False,1,1,287158,Delta,1,,False,False,-1.0,ERR5965551,ERR5965019,Alpha,Delta,744,1,57,210,913,276
rec_00041,3,recombinant,2,True,0,3,175408|113425,Delta|Alpha,593|386,14676,True,True,2108.0,ERR5965003,ERR5964772,Delta,Alpha,12568,15,38,11332,14676,0
rec_00042,3,recombinant,1,False,1,1,280443,Alpha,1,,False,False,-1.0,ERR5966480,ERR5996051,Delta,Alpha,220,1,57,210,913,0
rec_00043,3,recombinant,2,True,0,3,285973|288419,Alpha|Delta,2|1383,16176,True,True,451.0,ERR5964870,ERR5965567,Alpha,Delta,15725,23,33,15451,16176,272
rec_00044,3,recombinant,2,True,0,3,275780|122329,Delta|Alpha,35|32,19220,True,True,669.0,ERR5964900,ERR5989598,Delta,Alpha,18551,25,32,17040,19220,0
rec_00045,3,recombinant,2,True,0,3,94711|167126,Alpha|Delta,88|806,21618,True,True,2154.0,ERR5964701,ERR5996020,Alpha,Delta,19464,23,34,19220,21618,0
rec_00046,3,recombinant,2,True,0,3,283423|148169,Delta|Alpha,3|3,28881,True,True,78.0,ERR5981429,ERR5965568,Delta,Alpha,28803,49,7,28461,28881,182
rec_00047,3,recombinant,2,True,0,3,291821|289969,Delta|Alpha,1|1,3267,True,False,1047.0,ERR5996060,ERR5964382,Delta,Alpha,2220,3,57,913,2841,0
rec_00048,3,recombinant,2,True,2,5,175408|262038,Delta|Alpha,593|4,14676,True,True,1515.0,ERR6136344,ERR5963719,Delta,Alpha,13161,20,39,11332,14676,0
rec_00049,3,recombinant,2,True,0,3,175408|220729,Delta|Alpha,593|6,14676,True,True,2210.0,ERR5964399,ERR5964916,Delta,Alpha,12466,18,40,11332,14676,0
ERR5963613,4,control,1,False,0,0,291839,Alpha,1,,,,,,,Alpha,Alpha,-1,-1,-1,-1,-1,0
ERR5963617,4,control,1,False,1,1,271962,Delta,6,,,,,,,Delta,Delta,-1,-1,-1,-1,-1,266
ERR5963620,4,control,1,False,0,0,290976,Delta,1,,,,,,,Delta,Delta,-1,-1,-1,-1,-1,96
ERR5963642,4,control,1,False,1,1,261896,Delta,26,,,,,,,Delta,Delta,-1,-1,-1,-1,-1,0
ERR5963644,4,control,1,False,0,0,291703,Delta,5,,,,,,,Delta,Delta,-1,-1,-1,-1,-1,0
ERR5963650,4,control,1,False,1,1,224174,Delta,63,,,,,,,Delta,Delta,-1,-1,-1,-1,-1,182
ERR5963652,4,control,1,False,5,5,97783,Alpha,358,,,,,,,Alpha,Alpha,-1,-1,-1,-1,-1,0
ERR5963670,4,control,1,False,0,0,279132,Alpha,1,,,,,,,Alpha,Alpha,-1,-1,-1,-1,-1,0
ERR5963699,4,control,1,False,0,0,279704,Alpha,1,,,,,,,Alpha,Alpha,-1,-1,-1,-1,-1,0
ERR5963724,4,control,1,False,0,0,292431,Delta,2,,,,,,,Delta,Delta,-1,-1,-1,-1,-1,231
ERR5963726,4,control,1,False,1,1,287153,Delta,3,,,,,,,Delta,Delta,-1,-1,-1,-1,-1,172
ERR5963753,4,control,1,False,0,0,255942,Delta,102,,,,,,,Delta,Delta,-1,-1,-1,-1,-1,0
ERR5963780,4,control,1,False,0,0,285195,Alpha,3,,,,,,,Alpha,Alpha,-1,-1,-1,-1,-1,0
ERR5963784,4,control,1,False,0,0,268646,Alpha,5,,,,,,,Alpha,Alpha,-1,-1,-1,-1,-1,0
ERR5963806,4,control,1,False,1,1,255942,Delta,102,,,,,,,Delta,Delta,-1,-1,-1,-1,-1,272
ERR5963808,4,control,1,False,0,0,275989,Alpha,3,,,,,,,Alpha,Alpha,-1,-1,-1,-1,-1,0
ERR5963829,4,control,1,False,0,0,291003,Alpha,2,,,,,,,Alpha,Alpha,-1,-1,-1,-1,-1,0
ERR5963835,4,control,1,False,0,0,274535,Alpha,5,,,,,,,Alpha,Alpha,-1,-1,-1,-1,-1,0
ERR5963839,4,control,1,False,0,0,285560,Alpha,2,,,,,,,Alpha,Alpha,-1,-1,-1,-1,-1,0
ERR5963860,4,control,1,False,0,0,291910,Delta,1,,,,,,,Delta,Delta,-1,-1,-1,-1,-1,272
ERR5963865,4,control,1,False,1,1,255942,Delta,102,,,,,,,Delta,Delta,-1,-1,-1,-1,-1,0
ERR5963867,4,control,1,False,3,3,167595,Alpha,11,,,,,,,Alpha,Alpha,-1,-1,-1,-1,-1,285
ERR5963890,4,control,1,False,0,0,252895,Delta,31,,,,,,,Delta,Delta,-1,-1,-1,-1,-1,272
ERR5963895,4,control,1,False,0,0,287244,Delta,1,,,,,,,Delta,Delta,-1,-1,-1,-1,-1,272
ERR5964087,4,control,1,False,4,4,167127,Delta,1380,,,,,,,Delta,Delta,-1,-1,-1,-1,-1,275
ERR5964111,4,control,1,False,0,0,288801,Alpha,1,,,,,,,Alpha,Alpha,-1,-1,-1,-1,-1,0
ERR5964113,4,control,1,False,1,1,289767,Alpha,1,,,,,,,Alpha,Alpha,-1,-1,-1,-1,-1,0
ERR5964134,4,control,1,False,0,0,291054,Alpha,1,,,,,,,Alpha,Alpha,-1,-1,-1,-1,-1,0
ERR5964192,4,control,1,False,0,0,224174,Delta,63,,,,,,,Delta,Delta,-1,-1,-1,-1,-1,272
ERR5964339,4,control,1,False,0,0,278507,Alpha,4,,,,,,,Alpha,Alpha,-1,-1,-1,-1,-1,0
ERR5964358,4,control,1,False,0,0,266274,Alpha,13,,,,,,,Alpha,Alpha,-1,-1,-1,-1,-1,0
ERR5964360,4,control,1,False,1,1,289952,Alpha,4,,,,,,,Alpha,Alpha,-1,-1,-1,-1,-1,0
ERR5964363,4,control,1,False,1,1,244803,Alpha,26,,,,,,,Alpha,Alpha,-1,-1,-1,-1,-1,0
ERR5964364,4,control,1,False,1,1,278537,Alpha,8,,,,,,,Alpha,Alpha,-1,-1,-1,-1,-1,0
ERR5964366,4,control,1,False,0,0,289969,Alpha,1,,,,,,,Alpha,Alpha,-1,-1,-1,-1,-1,0
ERR5964379,4,control,1,False,1,1,244587,Delta,49,,,,,,,Delta,Delta,-1,-1,-1,-1,-1,0
ERR5964381,4,control,1,False,0,0,289779,Delta,1,,,,,,,Delta,Delta,-1,-1,-1,-1,-1,124
ERR5964393,4,control,1,False,1,1,175408,Delta,593,,,,,,,Delta,Delta,-1,-1,-1,-1,-1,0
ERR5964465,4,control,1,False,2,2,266121,Alpha,1,,,,,,,Alpha,Alpha,-1,-1,-1,-1,-1,0
ERR5964540,4,control,1,False,0,0,289728,Alpha,1,,,,,,,Alpha,Alpha,-1,-1,-1,-1,-1,0
ERR5964542,4,control,1,False,1,1,282304,Alpha,1,,,,,,,Alpha,Alpha,-1,-1,-1,-1,-1,0
ERR5964546,4,control,1,False,0,0,282215,Delta,9,,,,,,,Delta,Delta,-1,-1,-1,-1,-1,0
ERR5964548,4,control,1,False,0,0,282324,Alpha,1,,,,,,,Alpha,Alpha,-1,-1,-1,-1,-1,0
ERR5964550,4,control,1,False,0,0,291779,Delta,1,,,,,,,Delta,Delta,-1,-1,-1,-1,-1,0
ERR5964569,4,control,1,False,0,0,113425,Alpha,386,,,,,,,Alpha,Alpha,-1,-1,-1,-1,-1,0
ERR5964576,4,control,1,False,1,1,197849,Delta,316,,,,,,,Delta,Delta,-1,-1,-1,-1,-1,0
ERR5964580,4,control,1,False,0,0,197849,Delta,316,,,,,,,Delta,Delta,-1,-1,-1,-1,-1,0
ERR5964602,4,control,1,False,1,1,284429,Alpha,3,,,,,,,Alpha,Alpha,-1,-1,-1,-1,-1,0
ERR5964606,4,control,1,False,0,0,285104,Alpha,2,,,,,,,Alpha,Alpha,-1,-1,-1,-1,-1,0
ERR5964609,4,control,1,False,0,0,285825,Delta,2,,,,,,,Delta,Delta,-1,-1,-1,-1,-1,157
rec_00000,4,recombinant,2,True,0,4,175408|287185,Delta|Alpha,593|2,19220,True,False,2301.0,ERR5966478,ERR5964320,Delta,Alpha,16919,23,35,16466,17040,0
rec_00001,4,recombinant,2,True,0,4,197849|242440,Delta|Alpha,316|5,19220,True,True,1662.0,ERR5965822,ERR5965351,Delta,Alpha,17558,24,35,17040,19220,0
rec_00002,4,recombinant,2,True,0,4,184950|288419,Alpha|Delta,19|1381,23604,True,True,57.0,ERR5964916,ERR5966797,Alpha,Delta,23547,32,24,23271,23604,0
rec_00003,4,recombinant,2,True,1,5,175408|282304,Delta|Alpha,593|1,16176,True,True,336.0,ERR5995999,ERR5965071,Delta,Alpha,15840,22,35,15451,16176,0
rec_00004,4,recombinant,2,True,0,4,192937|288599,Alpha|Delta,135|3,15451,True,True,118.0,ERR5971148,ERR5964399,Alpha,Delta,15333,20,37,15279,15451,298
rec_00005,4,recombinant,2,True,0,4,12629|119047,Other|Alpha,1|362,5388,False,False,1551.0,ERR5964937,ERR5971418,Delta,Alpha,3837,3,50,3267,4181,267
rec_00006,4,recombinant,2,True,0,4,175408|275375,Delta|Alpha,593|1,15738,True,True,179.0,ERR5996029,ERR5964663,Delta,Alpha,15559,23,38,15451,15738,0
rec_00007,4,recombinant,2,True,0,4,175408|256068,Delta|Alpha,593|43,16176,True,True,647.0,ERR5966797,ERR5963745,Delta,Alpha,15529,19,34,15451,16176,0
rec_00008,4,recombinant,2,True,0,4,218560|197849,Alpha|Delta,43|316,4181,True,True,715.0,ERR5964913,ERR5965097,Alpha,Delta,3466,5,54,3394,4181,272
rec_00009,4,recombinant,2,True,2,6,274784|288419,Alpha|Delta,3|1381,24914,True,True,336.0,ERR5964382,ERR5966464,Alpha,Delta,24578,36,26,24506,24914,0
rec_00010,4,recombinant,2,True,1,5,216759|288591,Alpha|Delta,2|1,10029,True,True,36.0,ERR5965430,ERR5981701,Alpha,Delta,9993,17,47,9053,10029,272
rec_00011,4,recombinant,1,False,2,2,290964,Delta,1,,False,False,-1.0,ERR5989515,ERR5964871,Alpha,Delta,1991,2,54,913,3267,141
rec_00012,4,recombinant,2,True,0,4,286126|291811,Alpha|Delta,1|2,24914,True,True,178.0,ERR5964934,ERR5964877,Alpha,Delta,24736,35,22,24506,24914,0
rec_00013,4,recombinant,2,True,0,4,279479|218238,Delta|Alpha,3|7,21618,True,True,411.0,ERR5964911,ERR5972864,Delta,Alpha,21207,28,31,20148,21618,0
rec_00014,4,recombinant,2,True,0,4,12629|289799,Other|Alpha,1|1,4633,False,False,1053.0,ERR5965562,ERR5965153,Delta,Alpha,3580,7,54,3294,4181,0
rec_00015,4,recombinant,1,False,3,3,288599,Delta,3,,False,False,-1.0,ERR5965414,ERR5964399,Alpha,Delta,2292,3,59,2137,3267,0
rec_00016,4,recombinant,2,True,2,6,175408|280463,Delta|Alpha,593|1,10029,True,True,729.0,ERR5995971,ERR5989322,Delta,Alpha,9300,15,43,9053,10029,486
rec_00017,4,recombinant,2,True,0,4,197849|113425,Delta|Alpha,316|386,22917,True,True,397.0,ERR5964993,ERR5965283,Delta,Alpha,22520,24,31,21846,22917,0
rec_00018,4,recombinant,1,False,1,1,292269,Alpha,1,,False,False,-1.0,ERR5996017,ERR5965551,Delta,Alpha,322,1,60,210,913,0
rec_00019,4,recombinant,2,True,1,5,288836|263555,Alpha|Delta,1|43,14170,True,True,212.0,ERR5991847,ERR5989016,Alpha,Delta,13958,20,41,12946,14170,225
rec_00020,4,recombinant,2,True,0,4,207737|288419,Alpha|Delta,22|1381,25469,True,True,460.0,ERR5965321,ERR5964911,Alpha,Delta,25009,39,22,24914,25469,285
rec_00021,4,recombinant,2,True,0,4,288419|261985,Delta|Alpha,1383|32,6402,True,True,406.0,ERR5964612,ERR5965668,Delta,Alpha,5996,8,51,5986,6402,0
rec_00022,4,recombinant,2,True,0,4,252270|220729,Delta|Alpha,19|6,5388,True,False,1152.0,ERR5966464,ERR5964916,Delta,Alpha,4236,6,53,4181,4456,0
rec_00023,4,recombinant,2,True,1,5,263367|285154,Alpha|Delta,1|2,10029,True,True,202.0,ERR5989228,ERR5965333,Alpha,Delta,9827,16,42,9053,10029,0
rec_00024,4,recombinant,2,True,0,4,175408|278470,Delta|Alpha,593|6,14676,True,True,1704.0,ERR5995898,ERR5965238,Delta,Alpha,12972,18,42,11332,14676,0
rec_00025,4,recombinant,2,True,0,4,192562|255942,Alpha|Delta,5|102,10029,True,False,867.0,ERR5963869,ERR5965562,Alpha,Delta,9162,14,46,9053,9733,272
rec_00026,4,recombinant,2,True,0,4,205063|285987,Other|Alpha,94|4,3231,False,True,1894.0,ERR5964990,ERR5990800,Delta,Alpha,1337,3,56,1264,3231,1
rec_00027,4,recombinant,2,True,0,4,70044|278380,Alpha|Delta,1|3,5986,True,True,172.0,ERR5991732,ERR5964935,Alpha,Delta,5814,7,55,5388,5986,181
rec_00028,4,recombinant,2,True,0,4,285878|260341,Delta|Alpha,1|1,15279,True,True,527.0,ERR5996057,ERR5989657,Delta,Alpha,14752,21,38,14676,15279,0
rec_00029,4,recombinant,2,True,1,5,151198|234948,Alpha|Delta,328|626,25469,True,True,332.0,ERR5965418,ERR5965289,Alpha,Delta,25137,37,19,24914,25469,0
rec_00030,4,recombinant,2,True,0,4,197849|261985,Delta|Alpha,316|32,21618,True,True,2206.0,ERR5966464,ERR5965668,Delta,Alpha,19412,25,35,19220,21618,0
rec_00031,4,recombinant,2,True,0,4,175408|142077,Delta|Alpha,593|141,19220,True,True,864.0,ERR5996053,ERR5991965,Delta,Alpha,18356,23,34,16466,19220,0
rec_00032,4,recombinant,2,True,0,4,216759|197849,Alpha|Delta,2|316,16176,True,True,42.0,ERR5965430,ERR5965475,Alpha,Delta,16134,24,40,15451,16176,0
rec_00033,4,recombinant,2,True,1,5,168896|167126,Alpha|Delta,5|808,11201,True,False,1299.0,ERR5966784,ERR5996025,Alpha,Delta,9902,12,44,9053,10029,0
rec_00034,4,recombinant,2,True,0,4,263555|89799,Delta|Alpha,43|2,26767,True,True,1289.0,ERR5965370,ERR5972503,Delta,Alpha,25478,36,17,25469,26767,1
rec_00035,4,recombinant,2,True,1,5,282215|267619,Delta|Alpha,9|5,9891,True,True,770.0,ERR5964706,ERR5965384,Delta,Alpha,9121,13,49,6954,9891,0
rec_00036,4,recombinant,2,True,5,9,275698|242494,Delta|Alpha,30|1,11201,True,True,1015.0,ERR5994346,ERR5964950,Delta,Alpha,10186,19,46,10029,11201,0
rec_00037,4,recombinant,2,True,1,5,109629|255942,Alpha|Delta,1|102,16176,True,True,715.0,ERR5996015,ERR5963837,Alpha,Delta,15461,20,35,15451,16176,272
rec_00038,4,recombinant,2,True,0,4,282304|288419,Alpha|Delta,1|1381,27577,True,True,145.0,ERR5964637,ERR5995971,Alpha,Delta,27432,40,18,26767,27577,0
rec_00039,4,recombinant,1,False,1,1,98195,Alpha,244,,False,False,-1.0,ERR5965333,ERR5965250,Delta,Alpha,257,1,54,210,913,0
rec_00040,4,recombinant,1,False,1,1,287158,Delta,1,,False,False,-1.0,ERR5965551,ERR5965019,Alpha,Delta,744,1,57,210,913,276
rec_00041,4,recombinant,2,True,0,4,175408|113425,Delta|Alpha,593|386,14676,True,True,2108.0,ERR5965003,ERR5964772,Delta,Alpha,12568,15,38,11332,14676,0
rec_00042,4,recombinant,1,False,1,1,280443,Alpha,1,,False,False,-1.0,ERR5966480,ERR5996051,Delta,Alpha,220,1,57,210,913,0
rec_00043,4,recombinant,2,True,0,4,285973|288419,Alpha|Delta,2|1383,16176,True,True,451.0,ERR5964870,ERR5965567,Alpha,Delta,15725,23,33,15451,16176,272
rec_00044,4,recombinant,2,True,0,4,275780|122329,Delta|Alpha,35|32,19220,True,True,669.0,ERR5964900,ERR5989598,Delta,Alpha,18551,25,32,17040,19220,0
rec_00045,4,recombinant,2,True,0,4,94711|167126,Alpha|Delta,88|806,21618,True,True,2154.0,ERR5964701,ERR5996020,Alpha,Delta,19464,23,34,19220,21618,0
rec_00046,4,recombinant,2,True,0,4,283423|148169,Delta|Alpha,3|3,28881,True,True,78.0,ERR5981429,ERR5965568,Delta,Alpha,28803,49,7,28461,28881,182
rec_00047,4,recombinant,1,False,3,3,289969,Alpha,1,,False,False,-1.0,ERR5996060,ERR5964382,Delta,Alpha,2220,3,57,913,2841,0
rec_00048,4,recombinant,2,True,2,6,175408|262038,Delta|Alpha,593|4,14676,True,True,1515.0,ERR6136344,ERR5963719,Delta,Alpha,13161,20,39,11332,14676,0
rec_00049,4,recombinant,2,True,0,4,175408|220729,Delta|Alpha,593|6,14676,True,True,2210.0,ERR5964399,ERR5964916,Delta,Alpha,12466,18,40,11332,14676,0
ERR5963613,5,control,1,False,0,0,291839,Alpha,1,,,,,,,Alpha,Alpha,-1,-1,-1,-1,-1,0
ERR5963617,5,control,1,False,1,1,271962,Delta,6,,,,,,,Delta,Delta,-1,-1,-1,-1,-1,266
ERR5963620,5,control,1,False,0,0,290976,Delta,1,,,,,,,Delta,Delta,-1,-1,-1,-1,-1,96
ERR5963642,5,control,1,False,1,1,261896,Delta,26,,,,,,,Delta,Delta,-1,-1,-1,-1,-1,0
ERR5963644,5,control,1,False,0,0,291703,Delta,5,,,,,,,Delta,Delta,-1,-1,-1,-1,-1,0
ERR5963650,5,control,1,False,1,1,224174,Delta,63,,,,,,,Delta,Delta,-1,-1,-1,-1,-1,182
ERR5963652,5,control,1,False,5,5,97783,Alpha,358,,,,,,,Alpha,Alpha,-1,-1,-1,-1,-1,0
ERR5963670,5,control,1,False,0,0,279132,Alpha,1,,,,,,,Alpha,Alpha,-1,-1,-1,-1,-1,0
ERR5963699,5,control,1,False,0,0,279704,Alpha,1,,,,,,,Alpha,Alpha,-1,-1,-1,-1,-1,0
ERR5963724,5,control,1,False,0,0,292431,Delta,2,,,,,,,Delta,Delta,-1,-1,-1,-1,-1,231
ERR5963726,5,control,1,False,1,1,287153,Delta,3,,,,,,,Delta,Delta,-1,-1,-1,-1,-1,172
ERR5963753,5,control,1,False,0,0,255942,Delta,102,,,,,,,Delta,Delta,-1,-1,-1,-1,-1,0
ERR5963780,5,control,1,False,0,0,285195,Alpha,3,,,,,,,Alpha,Alpha,-1,-1,-1,-1,-1,0
ERR5963784,5,control,1,False,0,0,268646,Alpha,5,,,,,,,Alpha,Alpha,-1,-1,-1,-1,-1,0
ERR5963806,5,control,1,False,1,1,255942,Delta,102,,,,,,,Delta,Delta,-1,-1,-1,-1,-1,272
ERR5963808,5,control,1,False,0,0,275989,Alpha,3,,,,,,,Alpha,Alpha,-1,-1,-1,-1,-1,0
ERR5963829,5,control,1,False,0,0,291003,Alpha,2,,,,,,,Alpha,Alpha,-1,-1,-1,-1,-1,0
ERR5963835,5,control,1,False,0,0,274535,Alpha,5,,,,,,,Alpha,Alpha,-1,-1,-1,-1,-1,0
ERR5963839,5,control,1,False,0,0,285560,Alpha,2,,,,,,,Alpha,Alpha,-1,-1,-1,-1,-1,0
ERR5963860,5,control,1,False,0,0,291910,Delta,1,,,,,,,Delta,Delta,-1,-1,-1,-1,-1,272
ERR5963865,5,control,1,False,1,1,255942,Delta,102,,,,,,,Delta,Delta,-1,-1,-1,-1,-1,0
ERR5963867,5,control,1,False,3,3,167595,Alpha,11,,,,,,,Alpha,Alpha,-1,-1,-1,-1,-1,285
ERR5963890,5,control,1,False,0,0,252895,Delta,31,,,,,,,Delta,Delta,-1,-1,-1,-1,-1,272
ERR5963895,5,control,1,False,0,0,287244,Delta,1,,,,,,,Delta,Delta,-1,-1,-1,-1,-1,272
ERR5964087,5,control,1,False,4,4,167127,Delta,1380,,,,,,,Delta,Delta,-1,-1,-1,-1,-1,275
ERR5964111,5,control,1,False,0,0,288801,Alpha,1,,,,,,,Alpha,Alpha,-1,-1,-1,-1,-1,0
ERR5964113,5,control,1,False,1,1,289767,Alpha,1,,,,,,,Alpha,Alpha,-1,-1,-1,-1,-1,0
ERR5964134,5,control,1,False,0,0,291054,Alpha,1,,,,,,,Alpha,Alpha,-1,-1,-1,-1,-1,0
ERR5964192,5,control,1,False,0,0,224174,Delta,63,,,,,,,Delta,Delta,-1,-1,-1,-1,-1,272
ERR5964339,5,control,1,False,0,0,278507,Alpha,4,,,,,,,Alpha,Alpha,-1,-1,-1,-1,-1,0
ERR5964358,5,control,1,False,0,0,266274,Alpha,13,,,,,,,Alpha,Alpha,-1,-1,-1,-1,-1,0
ERR5964360,5,control,1,False,1,1,289952,Alpha,4,,,,,,,Alpha,Alpha,-1,-1,-1,-1,-1,0
ERR5964363,5,control,1,False,1,1,244803,Alpha,26,,,,,,,Alpha,Alpha,-1,-1,-1,-1,-1,0
ERR5964364,5,control,1,False,1,1,278537,Alpha,8,,,,,,,Alpha,Alpha,-1,-1,-1,-1,-1,0
ERR5964366,5,control,1,False,0,0,289969,Alpha,1,,,,,,,Alpha,Alpha,-1,-1,-1,-1,-1,0
ERR5964379,5,control,1,False,1,1,244587,Delta,49,,,,,,,Delta,Delta,-1,-1,-1,-1,-1,0
ERR5964381,5,control,1,False,0,0,289779,Delta,1,,,,,,,Delta,Delta,-1,-1,-1,-1,-1,124
ERR5964393,5,control,1,False,1,1,175408,Delta,593,,,,,,,Delta,Delta,-1,-1,-1,-1,-1,0
ERR5964465,5,control,1,False,2,2,266121,Alpha,1,,,,,,,Alpha,Alpha,-1,-1,-1,-1,-1,0
ERR5964540,5,control,1,False,0,0,289728,Alpha,1,,,,,,,Alpha,Alpha,-1,-1,-1,-1,-1,0
ERR5964542,5,control,1,False,1,1,282304,Alpha,1,,,,,,,Alpha,Alpha,-1,-1,-1,-1,-1,0
ERR5964546,5,control,1,False,0,0,282215,Delta,9,,,,,,,Delta,Delta,-1,-1,-1,-1,-1,0
ERR5964548,5,control,1,False,0,0,282324,Alpha,1,,,,,,,Alpha,Alpha,-1,-1,-1,-1,-1,0
ERR5964550,5,control,1,False,0,0,291779,Delta,1,,,,,,,Delta,Delta,-1,-1,-1,-1,-1,0
ERR5964569,5,control,1,False,0,0,113425,Alpha,386,,,,,,,Alpha,Alpha,-1,-1,-1,-1,-1,0
ERR5964576,5,control,1,False,1,1,197849,Delta,316,,,,,,,Delta,Delta,-1,-1,-1,-1,-1,0
ERR5964580,5,control,1,False,0,0,197849,Delta,316,,,,,,,Delta,Delta,-1,-1,-1,-1,-1,0
ERR5964602,5,control,1,False,1,1,284429,Alpha,3,,,,,,,Alpha,Alpha,-1,-1,-1,-1,-1,0
ERR5964606,5,control,1,False,0,0,285104,Alpha,2,,,,,,,Alpha,Alpha,-1,-1,-1,-1,-1,0
ERR5964609,5,control,1,False,0,0,285825,Delta,2,,,,,,,Delta,Delta,-1,-1,-1,-1,-1,157
rec_00000,5,recombinant,2,True,0,5,175408|287185,Delta|Alpha,593|2,19220,True,False,2301.0,ERR5966478,ERR5964320,Delta,Alpha,16919,23,35,16466,17040,0
rec_00001,5,recombinant,2,True,0,5,197849|242440,Delta|Alpha,316|5,19220,True,True,1662.0,ERR5965822,ERR5965351,Delta,Alpha,17558,24,35,17040,19220,0
rec_00002,5,recombinant,2,True,0,5,184950|288419,Alpha|Delta,19|1381,23604,True,True,57.0,ERR5964916,ERR5966797,Alpha,Delta,23547,32,24,23271,23604,0
rec_00003,5,recombinant,2,True,1,6,175408|282304,Delta|Alpha,593|1,16176,True,True,336.0,ERR5995999,ERR5965071,Delta,Alpha,15840,22,35,15451,16176,0
rec_00004,5,recombinant,2,True,0,5,192937|288599,Alpha|Delta,135|3,15451,True,True,118.0,ERR5971148,ERR5964399,Alpha,Delta,15333,20,37,15279,15451,298
rec_00005,5,recombinant,1,False,4,4,78200,Alpha,1611,,False,False,-1.0,ERR5964937,ERR5971418,Delta,Alpha,3837,3,50,3267,4181,267
rec_00006,5,recombinant,2,True,0,5,175408|275375,Delta|Alpha,593|1,15738,True,True,179.0,ERR5996029,ERR5964663,Delta,Alpha,15559,23,38,15451,15738,0
rec_00007,5,recombinant,2,True,0,5,175408|256068,Delta|Alpha,593|43,16176,True,True,647.0,ERR5966797,ERR5963745,Delta,Alpha,15529,19,34,15451,16176,0
rec_00008,5,recombinant,2,True,0,5,218560|197849,Alpha|Delta,43|316,4181,True,True,715.0,ERR5964913,ERR5965097,Alpha,Delta,3466,5,54,3394,4181,272
rec_00009,5,recombinant,2,True,2,7,274784|288419,Alpha|Delta,3|1381,24914,True,True,336.0,ERR5964382,ERR5966464,Alpha,Delta,24578,36,26,24506,24914,0
rec_00010,5,recombinant,2,True,1,6,216759|288591,Alpha|Delta,2|1,10029,True,True,36.0,ERR5965430,ERR5981701,Alpha,Delta,9993,17,47,9053,10029,272
rec_00011,5,recombinant,1,False,2,2,290964,Delta,1,,False,False,-1.0,ERR5989515,ERR5964871,Alpha,Delta,1991,2,54,913,3267,141
rec_00012,5,recombinant,2,True,0,5,286126|291811,Alpha|Delta,1|2,24914,True,True,178.0,ERR5964934,ERR5964877,Alpha,Delta,24736,35,22,24506,24914,0
rec_00013,5,recombinant,2,True,0,5,279479|218238,Delta|Alpha,3|7,21618,True,True,411.0,ERR5964911,ERR5972864,Delta,Alpha,21207,28,31,20148,21618,0
rec_00014,5,recombinant,2,True,0,5,12629|289799,Other|Alpha,1|1,4633,False,False,1053.0,ERR5965562,ERR5965153,Delta,Alpha,3580,7,54,3294,4181,0
rec_00015,5,recombinant,1,False,3,3,288599,Delta,3,,False,False,-1.0,ERR5965414,ERR5964399,Alpha,Delta,2292,3,59,2137,3267,0
rec_00016,5,recombinant,2,True,2,7,175408|280463,Delta|Alpha,593|1,10029,True,True,729.0,ERR5995971,ERR5989322,Delta,Alpha,9300,15,43,9053,10029,486
rec_00017,5,recombinant,2,True,0,5,197849|113425,Delta|Alpha,316|386,22917,True,True,397.0,ERR5964993,ERR5965283,Delta,Alpha,22520,24,31,21846,22917,0
rec_00018,5,recombinant,1,False,1,1,292269,Alpha,1,,False,False,-1.0,ERR5996017,ERR5965551,Delta,Alpha,322,1,60,210,913,0
rec_00019,5,recombinant,2,True,1,6,288836|263555,Alpha|Delta,1|43,14170,True,True,212.0,ERR5991847,ERR5989016,Alpha,Delta,13958,20,41,12946,14170,225
rec_00020,5,recombinant,2,True,0,5,207737|288419,Alpha|Delta,22|1381,25469,True,True,460.0,ERR5965321,ERR5964911,Alpha,Delta,25009,39,22,24914,25469,285
rec_00021,5,recombinant,2,True,0,5,288419|261985,Delta|Alpha,1383|32,6402,True,True,406.0,ERR5964612,ERR5965668,Delta,Alpha,5996,8,51,5986,6402,0
rec_00022,5,recombinant,2,True,0,5,252270|220729,Delta|Alpha,19|6,5388,True,False,1152.0,ERR5966464,ERR5964916,Delta,Alpha,4236,6,53,4181,4456,0
rec_00023,5,recombinant,2,True,1,6,263367|285154,Alpha|Delta,1|2,10029,True,True,202.0,ERR5989228,ERR5965333,Alpha,Delta,9827,16,42,9053,10029,0
rec_00024,5,recombinant,2,True,0,5,175408|278470,Delta|Alpha,593|6,14676,True,True,1704.0,ERR5995898,ERR5965238,Delta,Alpha,12972,18,42,11332,14676,0
rec_00025,5,recombinant,2,True,0,5,192562|255942,Alpha|Delta,5|102,10029,True,False,867.0,ERR5963869,ERR5965562,Alpha,Delta,9162,14,46,9053,9733,272
rec_00026,5,recombinant,1,False,4,4,285987,Alpha,4,,False,False,-1.0,ERR5964990,ERR5990800,Delta,Alpha,1337,3,56,1264,3231,1
rec_00027,5,recombinant,2,True,0,5,70044|278380,Alpha|Delta,1|3,5986,True,True,172.0,ERR5991732,ERR5964935,Alpha,Delta,5814,7,55,5388,5986,181
rec_00028,5,recombinant,2,True,0,5,285878|260341,Delta|Alpha,1|1,15279,True,True,527.0,ERR5996057,ERR5989657,Delta,Alpha,14752,21,38,14676,15279,0
rec_00029,5,recombinant,2,True,1,6,151198|234948,Alpha|Delta,328|626,25469,True,True,332.0,ERR5965418,ERR5965289,Alpha,Delta,25137,37,19,24914,25469,0
rec_00030,5,recombinant,2,True,0,5,197849|261985,Delta|Alpha,316|32,21618,True,True,2206.0,ERR5966464,ERR5965668,Delta,Alpha,19412,25,35,19220,21618,0
rec_00031,5,recombinant,2,True,0,5,175408|142077,Delta|Alpha,593|141,19220,True,True,864.0,ERR5996053,ERR5991965,Delta,Alpha,18356,23,34,16466,19220,0
rec_00032,5,recombinant,2,True,0,5,216759|197849,Alpha|Delta,2|316,16176,True,True,42.0,ERR5965430,ERR5965475,Alpha,Delta,16134,24,40,15451,16176,0
rec_00033,5,recombinant,2,True,1,6,168896|167126,Alpha|Delta,5|808,11201,True,False,1299.0,ERR5966784,ERR5996025,Alpha,Delta,9902,12,44,9053,10029,0
rec_00034,5,recombinant,2,True,0,5,263555|89799,Delta|Alpha,43|2,26767,True,True,1289.0,ERR5965370,ERR5972503,Delta,Alpha,25478,36,17,25469,26767,1
rec_00035,5,recombinant,2,True,1,6,282215|267619,Delta|Alpha,9|5,9891,True,True,770.0,ERR5964706,ERR5965384,Delta,Alpha,9121,13,49,6954,9891,0
rec_00036,5,recombinant,2,True,5,10,275698|242494,Delta|Alpha,30|1,11201,True,True,1015.0,ERR5994346,ERR5964950,Delta,Alpha,10186,19,46,10029,11201,0
rec_00037,5,recombinant,2,True,1,6,109629|255942,Alpha|Delta,1|102,16176,True,True,715.0,ERR5996015,ERR5963837,Alpha,Delta,15461,20,35,15451,16176,272
rec_00038,5,recombinant,2,True,0,5,282304|288419,Alpha|Delta,1|1381,27577,True,True,145.0,ERR5964637,ERR5995971,Alpha,Delta,27432,40,18,26767,27577,0
rec_00039,5,recombinant,1,False,1,1,98195,Alpha,244,,False,False,-1.0,ERR5965333,ERR5965250,Delta,Alpha,257,1,54,210,913,0
rec_00040,5,recombinant,1,False,1,1,287158,Delta,1,,False,False,-1.0,ERR5965551,ERR5965019,Alpha,Delta,744,1,57,210,913,276
rec_00041,5,recombinant,2,True,0,5,175408|113425,Delta|Alpha,593|386,14676,True,True,2108.0,ERR5965003,ERR5964772,Delta,Alpha,12568,15,38,11332,14676,0
rec_00042,5,recombinant,1,False,1,1,280443,Alpha,1,,False,False,-1.0,ERR5966480,ERR5996051,Delta,Alpha,220,1,57,210,913,0
rec_00043,5,recombinant,2,True,0,5,285973|288419,Alpha|Delta,2|1383,16176,True,True,451.0,ERR5964870,ERR5965567,Alpha,Delta,15725,23,33,15451,16176,272
rec_00044,5,recombinant,2,True,0,5,275780|122329,Delta|Alpha,35|32,19220,True,True,669.0,ERR5964900,ERR5989598,Delta,Alpha,18551,25,32,17040,19220,0
rec_00045,5,recombinant,2,True,0,5,94711|167126,Alpha|Delta,88|806,21618,True,True,2154.0,ERR5964701,ERR5996020,Alpha,Delta,19464,23,34,19220,21618,0
rec_00046,5,recombinant,2,True,0,5,283423|148169,Delta|Alpha,3|3,28881,True,True,78.0,ERR5981429,ERR5965568,Delta,Alpha,28803,49,7,28461,28881,182
rec_00047,5,recombinant,1,False,3,3,289969,Alpha,1,,False,False,-1.0,ERR5996060,ERR5964382,Delta,Alpha,2220,3,57,913,2841,0
rec_00048,5,recombinant,2,True,2,7,175408|262038,Delta|Alpha,593|4,14676,True,True,1515.0,ERR6136344,ERR5963719,Delta,Alpha,13161,20,39,11332,14676,0
rec_00049,5,recombinant,2,True,0,5,175408|220729,Delta|Alpha,593|6,14676,True,True,2210.0,ERR5964399,ERR5964916,Delta,Alpha,12466,18,40,11332,14676,0
