strain,type,left_parent,right_parent,left_lineage,right_lineage,breakpoint,num_informative_left,num_informative_right,interval_left,interval_right,num_missing
rec_00000,recombinant,ERR5966478,ERR5964320,Delta,Alpha,16919,23,35,16466,17040,0
rec_00001,recombinant,ERR5965822,ERR5965351,Delta,Alpha,17558,24,35,17040,19220,0
rec_00002,recombinant,ERR5964916,ERR5966797,Alpha,Delta,23547,32,24,23271,23604,0
rec_00003,recombinant,ERR5995999,ERR5965071,Delta,Alpha,15840,22,35,15451,16176,0
rec_00004,recombinant,ERR5971148,ERR5964399,Alpha,Delta,15333,20,37,15279,15451,298
rec_00005,recombinant,ERR5964937,ERR5971418,Delta,Alpha,3837,3,50,3267,4181,267
rec_00006,recombinant,ERR5996029,ERR5964663,Delta,Alpha,15559,23,38,15451,15738,0
rec_00007,recombinant,ERR5966797,ERR5963745,Delta,Alpha,15529,19,34,15451,16176,0
rec_00008,recombinant,ERR5964913,ERR5965097,Alpha,Delta,3466,5,54,3394,4181,272
rec_00009,recombinant,ERR5964382,ERR5966464,Alpha,Delta,24578,36,26,24506,24914,0
rec_00010,recombinant,ERR5965430,ERR5981701,Alpha,Delta,9993,17,47,9053,10029,272
rec_00011,recombinant,ERR5989515,ERR5964871,Alpha,Delta,1991,2,54,913,3267,141
rec_00012,recombinant,ERR5964934,ERR5964877,Alpha,Delta,24736,35,22,24506,24914,0
rec_00013,recombinant,ERR5964911,ERR5972864,Delta,Alpha,21207,28,31,20148,21618,0
rec_00014,recombinant,ERR5965562,ERR5965153,Delta,Alpha,3580,7,54,3294,4181,0
rec_00015,recombinant,ERR5965414,ERR5964399,Alpha,Delta,2292,3,59,2137,3267,0
rec_00016,recombinant,ERR5995971,ERR5989322,Delta,Alpha,9300,15,43,9053,10029,486
rec_00017,recombinant,ERR5964993,ERR5965283,Delta,Alpha,22520,24,31,21846,22917,0
rec_00018,recombinant,ERR5996017,ERR5965551,Delta,Alpha,322,1,60,210,913,0
rec_00019,recombinant,ERR5991847,ERR5989016,Alpha,Delta,13958,20,41,12946,14170,225
rec_00020,recombinant,ERR5965321,ERR5964911,Alpha,Delta,25009,39,22,24914,25469,285
rec_00021,recombinant,ERR5964612,ERR5965668,Delta,Alpha,5996,8,51,5986,6402,0
rec_00022,recombinant,ERR5966464,ERR5964916,Delta,Alpha,4236,6,53,4181,4456,0
rec_00023,recombinant,ERR5989228,ERR5965333,Alpha,Delta,9827,16,42,9053,10029,0
rec_00024,recombinant,ERR5995898,ERR5965238,Delta,Alpha,12972,18,42,11332,14676,0
rec_00025,recombinant,ERR5963869,ERR5965562,Alpha,Delta,9162,14,46,9053,9733,272
rec_00026,recombinant,ERR5964990,ERR5990800,Delta,Alpha,1337,3,56,1264,3231,1
rec_00027,recombinant,ERR5991732,ERR5964935,Alpha,Delta,5814,7,55,5388,5986,181
rec_00028,recombinant,ERR5996057,ERR5989657,Delta,Alpha,14752,21,38,14676,15279,0
rec_00029,recombinant,ERR5965418,ERR5965289,Alpha,Delta,25137,37,19,24914,25469,0
rec_00030,recombinant,ERR5966464,ERR5965668,Delta,Alpha,19412,25,35,19220,21618,0
rec_00031,recombinant,ERR5996053,ERR5991965,Delta,Alpha,18356,23,34,16466,19220,0
rec_00032,recombinant,ERR5965430,ERR5965475,Alpha,Delta,16134,24,40,15451,16176,0
rec_00033,recombinant,ERR5966784,ERR5996025,Alpha,Delta,9902,12,44,9053,10029,0
rec_00034,recombinant,ERR5965370,ERR5972503,Delta,Alpha,25478,36,17,25469,26767,1
rec_00035,recombinant,ERR5964706,ERR5965384,Delta,Alpha,9121,13,49,6954,9891,0
rec_00036,recombinant,ERR5994346,ERR5964950,Delta,Alpha,10186,19,46,10029,11201,0
rec_00037,recombinant,ERR5996015,ERR5963837,Alpha,Delta,15461,20,35,15451,16176,272
rec_00038,recombinant,ERR5964637,ERR5995971,Alpha,Delta,27432,40,18,26767,27577,0
rec_00039,recombinant,ERR5965333,ERR5965250,Delta,Alpha,257,1,54,210,913,0
rec_00040,recombinant,ERR5965551,ERR5965019,Alpha,Delta,744,1,57,210,913,276
rec_00041,recombinant,ERR5965003,ERR5964772,Delta,Alpha,12568,15,38,11332,14676,0
rec_00042,recombinant,ERR5966480,ERR5996051,Delta,Alpha,220,1,57,210,913,0
rec_00043,recombinant,ERR5964870,ERR5965567,Alpha,Delta,15725,23,33,15451,16176,272
rec_00044,recombinant,ERR5964900,ERR5989598,Delta,Alpha,18551,25,32,17040,19220,0
rec_00045,recombinant,ERR5964701,ERR5996020,Alpha,Delta,19464,23,34,19220,21618,0
rec_00046,recombinant,ERR5981429,ERR5965568,Delta,Alpha,28803,49,7,28461,28881,182
rec_00047,recombinant,ERR5996060,ERR5964382,Delta,Alpha,2220,3,57,913,2841,0
rec_00048,recombinant,ERR6136344,ERR5963719,Delta,Alpha,13161,20,39,11332,14676,0
rec_00049,recombinant,ERR5964399,ERR5964916,Delta,Alpha,12466,18,40,11332,14676,0
rec_00050,recombinant,ERR6008912,ERR5965258,Delta,Alpha,8620,10,46,7851,8986,0
rec_00051,recombinant,ERR5965446,ERR5965350,Delta,Alpha,19049,23,34,17040,19220,0
rec_00052,recombinant,ERR5964320,ERR5964676,Alpha,Delta,1226,2,57,913,3267,0
rec_00053,recombinant,ERR5964399,ERR5981439,Delta,Alpha,26166,39,20,25469,26767,0
rec_00054,recombinant,ERR5964701,ERR5996061,Alpha,Delta,29243,59,2,28977,29402,0
rec_00055,recombinant,ERR6062051,ERR5996053,Alpha,Delta,19433,26,28,19220,21618,0
rec_00056,recombinant,ERR5996086,ERR5965427,Delta,Alpha,23985,37,25,23709,24506,0
rec_00057,recombinant,ERR5964938,ERR5965452,Delta,Alpha,7130,11,51,7124,7851,0
rec_00058,recombinant,ERR5965126,ERR5964612,Alpha,Delta,1458,2,53,913,3267,0
rec_00059,recombinant,ERR5966784,ERR5965042,Alpha,Delta,22808,25,30,21618,22917,0
rec_00060,recombinant,ERR5964691,ERR5964571,Delta,Alpha,25880,41,19,25469,26551,272
rec_00061,recombinant,ERR5965333,ERR5981410,Delta,Alpha,11419,20,38,11332,14676,0
rec_00062,recombinant,ERR5994263,ERR5965147,Alpha,Delta,18597,27,34,17615,19220,231
rec_00063,recombinant,ERR5964938,ERR5965128,Delta,Alpha,28460,53,11,28282,28461,272
rec_00064,recombinant,ERR5966805,ERR5965390,Delta,Alpha,887,3,54,823,913,0
rec_00065,recombinant,ERR5964678,ERR5965604,Alpha,Delta,18260,26,33,17040,19220,0
rec_00066,recombinant,ERR5965153,ERR5964911,Alpha,Delta,25501,45,19,25469,26767,0
rec_00067,recombinant,ERR5964933,ERR5964960,Alpha,Delta,26989,41,18,26767,27638,0
rec_00068,recombinant,ERR5964676,ERR5964772,Delta,Alpha,11871,15,40,11332,14676,0
rec_00069,recombinant,ERR5965229,ERR5965544,Alpha,Delta,25907,42,18,25469,26767,0
rec_00070,recombinant,ERR5991732,ERR5965042,Alpha,Delta,10226,14,45,10029,11201,272
rec_00071,recombinant,ERR5964066,ERR5963719,Delta,Alpha,15957,22,34,15451,16176,0
rec_00072,recombinant,ERR5995986,ERR5996088,Alpha,Delta,12200,18,41,11332,14478,0
rec_00073,recombinant,ERR5966786,ERR5964752,Alpha,Delta,5584,6,50,5388,5986,231
rec_00074,recombinant,ERR5995971,ERR5964663,Delta,Alpha,17800,28,35,16466,18115,0
rec_00075,recombinant,ERR5990141,ERR5995908,Alpha,Delta,6565,9,51,6402,6954,0
rec_00076,recombinant,ERR5990141,ERR5965147,Alpha,Delta,10927,16,45,10029,11201,231
rec_00077,recombinant,ERR5964320,ERR5965692,Alpha,Delta,16591,23,36,16466,17040,0
rec_00078,recombinant,ERR5964318,ERR5964399,Alpha,Delta,18976,24,34,17040,19220,0
rec_00079,recombinant,ERR5964772,ERR5964066,Alpha,Delta,26536,33,19,25690,26767,0
rec_00080,recombinant,ERR5964399,ERR5964353,Delta,Alpha,16174,24,36,15451,16176,0
rec_00081,recombinant,ERR5964320,ERR5965604,Alpha,Delta,11553,18,41,11332,14676,0
rec_00082,recombinant,ERR5965300,ERR5965544,Alpha,Delta,27184,47,17,26767,27638,0
rec_00083,recombinant,ERR6883067,ERR5965295,Delta,Alpha,6449,9,46,5986,6954,0
rec_00084,recombinant,ERR5994346,ERR5989570,Delta,Alpha,8954,14,44,7851,8986,0
rec_00085,recombinant,ERR5964362,ERR5964876,Alpha,Delta,5306,6,53,4181,5388,157
rec_00086,recombinant,ERR5965562,ERR5965128,Delta,Alpha,8471,14,47,8084,8986,0
rec_00087,recombinant,ERR5966797,ERR5964921,Delta,Alpha,17495,22,34,16466,19220,0
rec_00088,recombinant,ERR5965235,ERR5965140,Alpha,Delta,14243,18,43,11580,14676,459
rec_00089,recombinant,ERR5994346,ERR5964778,Delta,Alpha,7646,10,45,7124,7851,0
rec_00090,recombinant,ERR5965148,ERR5965418,Delta,Alpha,23552,35,27,23530,23604,0
rec_00091,recombinant,ERR5964870,ERR5964937,Alpha,Delta,9554,15,44,9053,10029,193
rec_00092,recombinant,ERR5965147,ERR5964866,Delta,Alpha,28568,55,7,28461,28881,231
rec_00093,recombinant,ERR5965015,ERR5964958,Delta,Alpha,4178,3,57,3267,4181,1
rec_00094,recombinant,ERR5964119,ERR5965295,Delta,Alpha,3081,2,52,913,3267,0
rec_00095,recombinant,ERR5994263,ERR5966797,Alpha,Delta,17110,25,32,16939,17615,212
rec_00096,recombinant,ERR5972552,ERR5965239,Alpha,Delta,15434,18,32,15279,15451,0
rec_00097,recombinant,ERR5994263,ERR5963777,Alpha,Delta,25478,39,17,25469,25571,0
rec_00098,recombinant,ERR5989209,ERR5996088,Alpha,Delta,1811,2,56,913,3267,0
rec_00099,recombinant,ERR5963674,ERR5990213,Delta,Alpha,29220,50,4,28977,29348,0
ERR5963613,control,,,Alpha,Alpha,-1,-1,-1,-1,-1,0
ERR5963617,control,,,Delta,Delta,-1,-1,-1,-1,-1,266
ERR5963620,control,,,Delta,Delta,-1,-1,-1,-1,-1,96
ERR5963642,control,,,Delta,Delta,-1,-1,-1,-1,-1,0
ERR5963644,control,,,Delta,Delta,-1,-1,-1,-1,-1,0
ERR5963650,control,,,Delta,Delta,-1,-1,-1,-1,-1,182
ERR5963652,control,,,Alpha,Alpha,-1,-1,-1,-1,-1,0
ERR5963670,control,,,Alpha,Alpha,-1,-1,-1,-1,-1,0
ERR5963699,control,,,Alpha,Alpha,-1,-1,-1,-1,-1,0
ERR5963724,control,,,Delta,Delta,-1,-1,-1,-1,-1,231
ERR5963726,control,,,Delta,Delta,-1,-1,-1,-1,-1,172
ERR5963753,control,,,Delta,Delta,-1,-1,-1,-1,-1,0
ERR5963780,control,,,Alpha,Alpha,-1,-1,-1,-1,-1,0
ERR5963784,control,,,Alpha,Alpha,-1,-1,-1,-1,-1,0
ERR5963806,control,,,Delta,Delta,-1,-1,-1,-1,-1,272
ERR5963808,control,,,Alpha,Alpha,-1,-1,-1,-1,-1,0
ERR5963829,control,,,Alpha,Alpha,-1,-1,-1,-1,-1,0
ERR5963835,control,,,Alpha,Alpha,-1,-1,-1,-1,-1,0
ERR5963839,control,,,Alpha,Alpha,-1,-1,-1,-1,-1,0
ERR5963860,control,,,Delta,Delta,-1,-1,-1,-1,-1,272
ERR5963865,control,,,Delta,Delta,-1,-1,-1,-1,-1,0
ERR5963867,control,,,Alpha,Alpha,-1,-1,-1,-1,-1,285
ERR5963890,control,,,Delta,Delta,-1,-1,-1,-1,-1,272
ERR5963895,control,,,Delta,Delta,-1,-1,-1,-1,-1,272
ERR5964087,control,,,Delta,Delta,-1,-1,-1,-1,-1,275
ERR5964111,control,,,Alpha,Alpha,-1,-1,-1,-1,-1,0
ERR5964113,control,,,Alpha,Alpha,-1,-1,-1,-1,-1,0
ERR5964134,control,,,Alpha,Alpha,-1,-1,-1,-1,-1,0
ERR5964192,control,,,Delta,Delta,-1,-1,-1,-1,-1,272
ERR5964339,control,,,Alpha,Alpha,-1,-1,-1,-1,-1,0
ERR5964358,control,,,Alpha,Alpha,-1,-1,-1,-1,-1,0
ERR5964360,control,,,Alpha,Alpha,-1,-1,-1,-1,-1,0
ERR5964363,control,,,Alpha,Alpha,-1,-1,-1,-1,-1,0
ERR5964364,control,,,Alpha,Alpha,-1,-1,-1,-1,-1,0
ERR5964366,control,,,Alpha,Alpha,-1,-1,-1,-1,-1,0
ERR5964379,control,,,Delta,Delta,-1,-1,-1,-1,-1,0
ERR5964381,control,,,Delta,Delta,-1,-1,-1,-1,-1,124
ERR5964393,control,,,Delta,Delta,-1,-1,-1,-1,-1,0
ERR5964465,control,,,Alpha,Alpha,-1,-1,-1,-1,-1,0
ERR5964540,control,,,Alpha,Alpha,-1,-1,-1,-1,-1,0
ERR5964542,control,,,Alpha,Alpha,-1,-1,-1,-1,-1,0
ERR5964546,control,,,Delta,Delta,-1,-1,-1,-1,-1,0
ERR5964548,control,,,Alpha,Alpha,-1,-1,-1,-1,-1,0
ERR5964550,control,,,Delta,Delta,-1,-1,-1,-1,-1,0
ERR5964569,control,,,Alpha,Alpha,-1,-1,-1,-1,-1,0
ERR5964576,control,,,Delta,Delta,-1,-1,-1,-1,-1,0
ERR5964580,control,,,Delta,Delta,-1,-1,-1,-1,-1,0
ERR5964602,control,,,Alpha,Alpha,-1,-1,-1,-1,-1,0
ERR5964606,control,,,Alpha,Alpha,-1,-1,-1,-1,-1,0
ERR5964609,control,,,Delta,Delta,-1,-1,-1,-1,-1,157
ERR5964635,control,,,Delta,Delta,-1,-1,-1,-1,-1,0
ERR5964656,control,,,Delta,Delta,-1,-1,-1,-1,-1,1
ERR5964658,control,,,Alpha,Alpha,-1,-1,-1,-1,-1,331
ERR5964660,control,,,Delta,Delta,-1,-1,-1,-1,-1,0
ERR5964680,control,,,Delta,Delta,-1,-1,-1,-1,-1,0
ERR5964684,control,,,Delta,Delta,-1,-1,-1,-1,-1,0
ERR5964686,control,,,Alpha,Alpha,-1,-1,-1,-1,-1,0
ERR5964690,control,,,Alpha,Alpha,-1,-1,-1,-1,-1,0
ERR5964710,control,,,Delta,Delta,-1,-1,-1,-1,-1,0
ERR5964718,control,,,Delta,Delta,-1,-1,-1,-1,-1,0
ERR5964740,control,,,Alpha,Alpha,-1,-1,-1,-1,-1,0
ERR5964747,control,,,Alpha,Alpha,-1,-1,-1,-1,-1,0
ERR5964770,control,,,Alpha,Alpha,-1,-1,-1,-1,-1,0
ERR5964776,control,,,Alpha,Alpha,-1,-1,-1,-1,-1,0
ERR5964780,control,,,Delta,Delta,-1,-1,-1,-1,-1,0
ERR5964797,control,,,Alpha,Alpha,-1,-1,-1,-1,-1,0
ERR5964799,control,,,Delta,Delta,-1,-1,-1,-1,-1,0
ERR5964803,control,,,Alpha,Alpha,-1,-1,-1,-1,-1,0
ERR5964807,control,,,Delta,Delta,-1,-1,-1,-1,-1,0
ERR5964809,control,,,Delta,Delta,-1,-1,-1,-1,-1,158
ERR5964828,control,,,Delta,Delta,-1,-1,-1,-1,-1,0
ERR5964829,control,,,Alpha,Alpha,-1,-1,-1,-1,-1,346
ERR5964831,control,,,Alpha,Alpha,-1,-1,-1,-1,-1,0
ERR5964835,control,,,Alpha,Alpha,-1,-1,-1,-1,-1,0
ERR5964836,control,,,Delta,Delta,-1,-1,-1,-1,-1,0
ERR5964840,control,,,Delta,Delta,-1,-1,-1,-1,-1,195
ERR5964856,control,,,Delta,Delta,-1,-1,-1,-1,-1,179
ERR5964860,control,,,Delta,Delta,-1,-1,-1,-1,-1,0
ERR5964862,control,,,Alpha,Alpha,-1,-1,-1,-1,-1,0
ERR5964869,control,,,Alpha,Alpha,-1,-1,-1,-1,-1,0
ERR5964873,control,,,Alpha,Alpha,-1,-1,-1,-1,-1,0
ERR5964879,control,,,Delta,Delta,-1,-1,-1,-1,-1,0
ERR5964881,control,,,Delta,Delta,-1,-1,-1,-1,-1,0
ERR5964882,control,,,Delta,Delta,-1,-1,-1,-1,-1,272
ERR5964883,control,,,Delta,Delta,-1,-1,-1,-1,-1,272
ERR5964887,control,,,Delta,Delta,-1,-1,-1,-1,-1,0
ERR5964888,control,,,Delta,Delta,-1,-1,-1,-1,-1,205
ERR5964892,control,,,Alpha,Alpha,-1,-1,-1,-1,-1,0
ERR5964893,control,,,Alpha,Alpha,-1,-1,-1,-1,-1,0
ERR5964894,control,,,Alpha,Alpha,-1,-1,-1,-1,-1,0
ERR5964895,control,,,Delta,Delta,-1,-1,-1,-1,-1,272
ERR5964896,control,,,Delta,Delta,-1,-1,-1,-1,-1,272
ERR5964909,control,,,Delta,Delta,-1,-1,-1,-1,-1,183
ERR5964917,control,,,Delta,Delta,-1,-1,-1,-1,-1,0
ERR5964918,control,,,Alpha,Alpha,-1,-1,-1,-1,-1,0
ERR5964919,control,,,Alpha,Alpha,-1,-1,-1,-1,-1,0
ERR5964923,control,,,Alpha,Alpha,-1,-1,-1,-1,-1,0
ERR5964930,control,,,Alpha,Alpha,-1,-1,-1,-1,-1,0
ERR5964932,control,,,Delta,Delta,-1,-1,-1,-1,-1,0
ERR5964936,control,,,Delta,Delta,-1,-1,-1,-1,-1,231
ERR5964941,control,,,Alpha,Alpha,-1,-1,-1,-1,-1,0
ERR5964954,control,,,Alpha,Alpha,-1,-1,-1,-1,-1,0
ERR5964959,control,,,Delta,Delta,-1,-1,-1,-1,-1,145
ERR5964976,control,,,Alpha,Alpha,-1,-1,-1,-1,-1,0
ERR5964977,control,,,Delta,Delta,-1,-1,-1,-1,-1,0
ERR5964980,control,,,Alpha,Alpha,-1,-1,-1,-1,-1,0
ERR5964984,control,,,Delta,Delta,-1,-1,-1,-1,-1,157
ERR5964992,control,,,Delta,Delta,-1,-1,-1,-1,-1,272
ERR5964996,control,,,Delta,Delta,-1,-1,-1,-1,-1,125
ERR5965005,control,,,Alpha,Alpha,-1,-1,-1,-1,-1,0
ERR5965013,control,,,Delta,Delta,-1,-1,-1,-1,-1,0
ERR5965017,control,,,Alpha,Alpha,-1,-1,-1,-1,-1,0
ERR5965025,control,,,Alpha,Alpha,-1,-1,-1,-1,-1,0
ERR5965027,control,,,Alpha,Alpha,-1,-1,-1,-1,-1,0
ERR5965029,control,,,Alpha,Alpha,-1,-1,-1,-1,-1,0
ERR5965037,control,,,Alpha,Alpha,-1,-1,-1,-1,-1,427
ERR5965040,control,,,Delta,Delta,-1,-1,-1,-1,-1,0
ERR5965047,control,,,Alpha,Alpha,-1,-1,-1,-1,-1,0
ERR5965060,control,,,Alpha,Alpha,-1,-1,-1,-1,-1,0
ERR5965064,control,,,Alpha,Alpha,-1,-1,-1,-1,-1,0
ERR5965066,control,,,Alpha,Alpha,-1,-1,-1,-1,-1,0
ERR5965069,control,,,Delta,Delta,-1,-1,-1,-1,-1,125
ERR5965091,control,,,Alpha,Alpha,-1,-1,-1,-1,-1,0
ERR5965092,control,,,Delta,Delta,-1,-1,-1,-1,-1,0
ERR5965093,control,,,Alpha,Alpha,-1,-1,-1,-1,-1,0
ERR5965099,control,,,Delta,Delta,-1,-1,-1,-1,-1,0
ERR5965101,control,,,Alpha,Alpha,-1,-1,-1,-1,-1,0
ERR5965103,control,,,Alpha,Alpha,-1,-1,-1,-1,-1,0
ERR5965105,control,,,Delta,Delta,-1,-1,-1,-1,-1,0
ERR5965120,control,,,Alpha,Alpha,-1,-1,-1,-1,-1,0
ERR5965122,control,,,Alpha,Alpha,-1,-1,-1,-1,-1,0
ERR5965124,control,,,Alpha,Alpha,-1,-1,-1,-1,-1,0
ERR5965130,control,,,Alpha,Alpha,-1,-1,-1,-1,-1,281
ERR5965132,control,,,Alpha,Alpha,-1,-1,-1,-1,-1,0
ERR5965135,control,,,Alpha,Alpha,-1,-1,-1,-1,-1,0
ERR5965144,control,,,Delta,Delta,-1,-1,-1,-1,-1,0
ERR5965156,control,,,Alpha,Alpha,-1,-1,-1,-1,-1,0
ERR5965162,control,,,Alpha,Alpha,-1,-1,-1,-1,-1,0
ERR5965165,control,,,Alpha,Alpha,-1,-1,-1,-1,-1,0
ERR5965181,control,,,Alpha,Alpha,-1,-1,-1,-1,-1,0
ERR5965193,control,,,Delta,Delta,-1,-1,-1,-1,-1,0
ERR5965199,control,,,Alpha,Alpha,-1,-1,-1,-1,-1,0
ERR5965211,control,,,Delta,Delta,-1,-1,-1,-1,-1,0
ERR5965215,control,,,Delta,Delta,-1,-1,-1,-1,-1,272
ERR5965218,control,,,Delta,Delta,-1,-1,-1,-1,-1,0
ERR5965220,control,,,Alpha,Alpha,-1,-1,-1,-1,-1,0
ERR5965225,control,,,Alpha,Alpha,-1,-1,-1,-1,-1,0
ERR5965244,control,,,Alpha,Alpha,-1,-1,-1,-1,-1,0
ERR5965260,control,,,Delta,Delta,-1,-1,-1,-1,-1,0
ERR5965275,control,,,Delta,Delta,-1,-1,-1,-1,-1,0
ERR5965277,control,,,Delta,Delta,-1,-1,-1,-1,-1,0
ERR5965280,control,,,Alpha,Alpha,-1,-1,-1,-1,-1,0
ERR5965292,control,,,Alpha,Alpha,-1,-1,-1,-1,-1,0
ERR5965302,control,,,Alpha,Alpha,-1,-1,-1,-1,-1,0
ERR5965304,control,,,Delta,Delta,-1,-1,-1,-1,-1,0
ERR5965323,control,,,Delta,Delta,-1,-1,-1,-1,-1,285
ERR5965325,control,,,Delta,Delta,-1,-1,-1,-1,-1,0
ERR5965327,control,,,Delta,Delta,-1,-1,-1,-1,-1,0
ERR5965329,control,,,Alpha,Alpha,-1,-1,-1,-1,-1,0
ERR5965335,control,,,Delta,Delta,-1,-1,-1,-1,-1,0
ERR5965354,control,,,Alpha,Alpha,-1,-1,-1,-1,-1,0
ERR5965363,control,,,Alpha,Alpha,-1,-1,-1,-1,-1,0
ERR5965386,control,,,Delta,Delta,-1,-1,-1,-1,-1,0
ERR5965392,control,,,Alpha,Alpha,-1,-1,-1,-1,-1,0
ERR5965394,control,,,Alpha,Alpha,-1,-1,-1,-1,-1,0
ERR5965402,control,,,Delta,Delta,-1,-1,-1,-1,-1,0
ERR5965411,control,,,Delta,Delta,-1,-1,-1,-1,-1,110
ERR5965412,control,,,Alpha,Alpha,-1,-1,-1,-1,-1,0
ERR5965432,control,,,Alpha,Alpha,-1,-1,-1,-1,-1,0
ERR5965448,control,,,Delta,Delta,-1,-1,-1,-1,-1,1
ERR5965450,control,,,Alpha,Alpha,-1,-1,-1,-1,-1,0
ERR5965454,control,,,Delta,Delta,-1,-1,-1,-1,-1,231
ERR5965464,control,,,Alpha,Alpha,-1,-1,-1,-1,-1,0
ERR5965471,control,,,Alpha,Alpha,-1,-1,-1,-1,-1,0
ERR5965473,control,,,Alpha,Alpha,-1,-1,-1,-1,-1,0
ERR5965479,control,,,Alpha,Alpha,-1,-1,-1,-1,-1,0
ERR5965481,control,,,Alpha,Alpha,-1,-1,-1,-1,-1,0
ERR5965493,control,,,Alpha,Alpha,-1,-1,-1,-1,-1,0
ERR5965509,control,,,Alpha,Alpha,-1,-1,-1,-1,-1,0
ERR5965510,control,,,Alpha,Alpha,-1,-1,-1,-1,-1,0
ERR5965520,control,,,Delta,Delta,-1,-1,-1,-1,-1,0
ERR5965521,control,,,Delta,Delta,-1,-1,-1,-1,-1,0
ERR5965532,control,,,Delta,Delta,-1,-1,-1,-1,-1,0
ERR5965534,control,,,Alpha,Alpha,-1,-1,-1,-1,-1,285
ERR5965537,control,,,Delta,Delta,-1,-1,-1,-1,-1,0
ERR5965539,control,,,Alpha,Alpha,-1,-1,-1,-1,-1,0
ERR5965555,control,,,Alpha,Alpha,-1,-1,-1,-1,-1,0
ERR5965557,control,,,Alpha,Alpha,-1,-1,-1,-1,-1,0
ERR5965559,control,,,Alpha,Alpha,-1,-1,-1,-1,-1,0
ERR5965573,control,,,Delta,Delta,-1,-1,-1,-1,-1,0
ERR5965574,control,,,Delta,Delta,-1,-1,-1,-1,-1,272
ERR5965592,control,,,Delta,Delta,-1,-1,-1,-1,-1,0
ERR5965609,control,,,Alpha,Alpha,-1,-1,-1,-1,-1,0
ERR5965613,control,,,Alpha,Alpha,-1,-1,-1,-1,-1,27
ERR5965615,control,,,Delta,Delta,-1,-1,-1,-1,-1,0
ERR5965620,control,,,Delta,Delta,-1,-1,-1,-1,-1,0
ERR5965621,control,,,Delta,Delta,-1,-1,-1,-1,-1,0
ERR5965624,control,,,Delta,Delta,-1,-1,-1,-1,-1,0
ERR5965626,control,,,Delta,Delta,-1,-1,-1,-1,-1,0
ERR5965637,control,,,Alpha,Alpha,-1,-1,-1,-1,-1,0
ERR5965638,control,,,Delta,Delta,-1,-1,-1,-1,-1,0
ERR5965641,control,,,Alpha,Alpha,-1,-1,-1,-1,-1,0
ERR5965643,control,,,Delta,Delta,-1,-1,-1,-1,-1,0
ERR5965648,control,,,Alpha,Alpha,-1,-1,-1,-1,-1,0
ERR5965661,control,,,Delta,Delta,-1,-1,-1,-1,-1,0
ERR5965663,control,,,Delta,Delta,-1,-1,-1,-1,-1,0
ERR5965665,control,,,Delta,Delta,-1,-1,-1,-1,-1,0
ERR5965666,control,,,Delta,Delta,-1,-1,-1,-1,-1,231
ERR5965670,control,,,Delta,Delta,-1,-1,-1,-1,-1,0
ERR5965672,control,,,Delta,Delta,-1,-1,-1,-1,-1,0
ERR5965681,control,,,Delta,Delta,-1,-1,-1,-1,-1,0
ERR5965697,control,,,Delta,Delta,-1,-1,-1,-1,-1,0
ERR5965698,control,,,Alpha,Alpha,-1,-1,-1,-1,-1,0
ERR5965716,control,,,Delta,Delta,-1,-1,-1,-1,-1,0
ERR5965719,control,,,Delta,Delta,-1,-1,-1,-1,-1,0
ERR5965725,control,,,Delta,Delta,-1,-1,-1,-1,-1,231
ERR5965789,control,,,Alpha,Alpha,-1,-1,-1,-1,-1,0
ERR5965799,control,,,Delta,Delta,-1,-1,-1,-1,-1,0
ERR5965804,control,,,Delta,Delta,-1,-1,-1,-1,-1,0
ERR5965806,control,,,Delta,Delta,-1,-1,-1,-1,-1,0
ERR5965808,control,,,Delta,Delta,-1,-1,-1,-1,-1,0
ERR5965809,control,,,Alpha,Alpha,-1,-1,-1,-1,-1,0
ERR5965813,control,,,Delta,Delta,-1,-1,-1,-1,-1,0
ERR5965823,control,,,Alpha,Alpha,-1,-1,-1,-1,-1,0
ERR5966276,control,,,Alpha,Alpha,-1,-1,-1,-1,-1,0
ERR5966294,control,,,Alpha,Alpha,-1,-1,-1,-1,-1,0
ERR5966384,control,,,Delta,Delta,-1,-1,-1,-1,-1,126
ERR5966386,control,,,Delta,Delta,-1,-1,-1,-1,-1,272
ERR5966454,control,,,Delta,Delta,-1,-1,-1,-1,-1,272
ERR5966490,control,,,Delta,Delta,-1,-1,-1,-1,-1,231
ERR5966783,control,,,Alpha,Alpha,-1,-1,-1,-1,-1,0
ERR5966790,control,,,Alpha,Alpha,-1,-1,-1,-1,-1,0
ERR5966791,control,,,Alpha,Alpha,-1,-1,-1,-1,-1,0
ERR5966799,control,,,Delta,Delta,-1,-1,-1,-1,-1,139
ERR5966801,control,,,Delta,Delta,-1,-1,-1,-1,-1,245
ERR5970733,control,,,Alpha,Alpha,-1,-1,-1,-1,-1,0
ERR5972198,control,,,Alpha,Alpha,-1,-1,-1,-1,-1,0
ERR5972750,control,,,Delta,Delta,-1,-1,-1,-1,-1,275
ERR5981395,control,,,Alpha,Alpha,-1,-1,-1,-1,-1,0
ERR5981401,control,,,Delta,Delta,-1,-1,-1,-1,-1,0
ERR5981416,control,,,Alpha,Alpha,-1,-1,-1,-1,-1,0
ERR5981425,control,,,Alpha,Alpha,-1,-1,-1,-1,-1,0
ERR5981431,control,,,Alpha,Alpha,-1,-1,-1,-1,-1,0
ERR5981518,control,,,Alpha,Alpha,-1,-1,-1,-1,-1,0
ERR5981550,control,,,Alpha,Alpha,-1,-1,-1,-1,-1,0
ERR5981606,control,,,Delta,Delta,-1,-1,-1,-1,-1,156
ERR5989114,control,,,Alpha,Alpha,-1,-1,-1,-1,-1,0
ERR5989156,control,,,Delta,Delta,-1,-1,-1,-1,-1,244
ERR5989344,control,,,Alpha,Alpha,-1,-1,-1,-1,-1,0
ERR5989507,control,,,Alpha,Alpha,-1,-1,-1,-1,-1,0
ERR5989567,control,,,Alpha,Alpha,-1,-1,-1,-1,-1,243
ERR5989630,control,,,Alpha,Alpha,-1,-1,-1,-1,-1,0
ERR5989648,control,,,Alpha,Alpha,-1,-1,-1,-1,-1,0
ERR5989833,control,,,Delta,Delta,-1,-1,-1,-1,-1,23
ERR5989834,control,,,Alpha,Alpha,-1,-1,-1,-1,-1,350
ERR5990007,control,,,Alpha,Alpha,-1,-1,-1,-1,-1,0
ERR5990175,control,,,Delta,Delta,-1,-1,-1,-1,-1,394
ERR5990206,control,,,Alpha,Alpha,-1,-1,-1,-1,-1,5
ERR5990266,control,,,Alpha,Alpha,-1,-1,-1,-1,-1,149
ERR5990287,control,,,Alpha,Alpha,-1,-1,-1,-1,-1,192
ERR5990437,control,,,Alpha,Alpha,-1,-1,-1,-1,-1,464
ERR5990479,control,,,Delta,Delta,-1,-1,-1,-1,-1,23
ERR5990516,control,,,Alpha,Alpha,-1,-1,-1,-1,-1,0
ERR5990620,control,,,Alpha,Alpha,-1,-1,-1,-1,-1,0
ERR5990714,control,,,Alpha,Alpha,-1,-1,-1,-1,-1,21
ERR5990767,control,,,Alpha,Alpha,-1,-1,-1,-1,-1,0
ERR5990866,control,,,Alpha,Alpha,-1,-1,-1,-1,-1,0
ERR5990935,control,,,Alpha,Alpha,-1,-1,-1,-1,-1,0
ERR5990955,control,,,Alpha,Alpha,-1,-1,-1,-1,-1,0
ERR5990986,control,,,Alpha,Alpha,-1,-1,-1,-1,-1,3
ERR5991038,control,,,Alpha,Alpha,-1,-1,-1,-1,-1,116
ERR5991071,control,,,Alpha,Alpha,-1,-1,-1,-1,-1,32
ERR5991105,control,,,Delta,Delta,-1,-1,-1,-1,-1,156
ERR5991209,control,,,Alpha,Alpha,-1,-1,-1,-1,-1,7
ERR5991283,control,,,Alpha,Alpha,-1,-1,-1,-1,-1,0
ERR5991285,control,,,Alpha,Alpha,-1,-1,-1,-1,-1,0
ERR5991353,control,,,Delta,Delta,-1,-1,-1,-1,-1,146
ERR5991480,control,,,Alpha,Alpha,-1,-1,-1,-1,-1,5
ERR5991600,control,,,Alpha,Alpha,-1,-1,-1,-1,-1,0
ERR5991603,control,,,Alpha,Alpha,-1,-1,-1,-1,-1,0
ERR5991780,control,,,Alpha,Alpha,-1,-1,-1,-1,-1,0
ERR5991872,control,,,Alpha,Alpha,-1,-1,-1,-1,-1,0
ERR5992093,control,,,Alpha,Alpha,-1,-1,-1,-1,-1,0
ERR5992117,control,,,Alpha,Alpha,-1,-1,-1,-1,-1,0
ERR5992138,control,,,Alpha,Alpha,-1,-1,-1,-1,-1,0
ERR5992154,control,,,Alpha,Alpha,-1,-1,-1,-1,-1,0
ERR5993439,control,,,Delta,Delta,-1,-1,-1,-1,-1,253
ERR5993644,control,,,Delta,Delta,-1,-1,-1,-1,-1,0
ERR5993918,control,,,Alpha,Alpha,-1,-1,-1,-1,-1,0
ERR5994033,control,,,Delta,Delta,-1,-1,-1,-1,-1,272
ERR5994341,control,,,Alpha,Alpha,-1,-1,-1,-1,-1,285
ERR5995227,control,,,Delta,Delta,-1,-1,-1,-1,-1,196
ERR5995364,control,,,Delta,Delta,-1,-1,-1,-1,-1,0
ERR5995365,control,,,Delta,Delta,-1,-1,-1,-1,-1,231
ERR5995793,control,,,Delta,Delta,-1,-1,-1,-1,-1,0
ERR5995827,control,,,Delta,Delta,-1,-1,-1,-1,-1,0
ERR5995900,control,,,Delta,Delta,-1,-1,-1,-1,-1,0
ERR5995906,control,,,Delta,Delta,-1,-1,-1,-1,-1,0
ERR5995925,control,,,Delta,Delta,-1,-1,-1,-1,-1,0
ERR5995927,control,,,Delta,Delta,-1,-1,-1,-1,-1,0
ERR5995929,control,,,Delta,Delta,-1,-1,-1,-1,-1,0
ERR5995935,control,,,Delta,Delta,-1,-1,-1,-1,-1,0
ERR5995939,control,,,Delta,Delta,-1,-1,-1,-1,-1,0
ERR5995958,control,,,Delta,Delta,-1,-1,-1,-1,-1,0
ERR5995962,control,,,Delta,Delta,-1,-1,-1,-1,-1,0
ERR5995964,control,,,Delta,Delta,-1,-1,-1,-1,-1,0
ERR5995966,control,,,Delta,Delta,-1,-1,-1,-1,-1,0
ERR5995968,control,,,Delta,Delta,-1,-1,-1,-1,-1,0
ERR5995985,control,,,Delta,Delta,-1,-1,-1,-1,-1,0
ERR5995987,control,,,Alpha,Alpha,-1,-1,-1,-1,-1,0
ERR5995989,control,,,Delta,Delta,-1,-1,-1,-1,-1,0
ERR5995990,control,,,Delta,Delta,-1,-1,-1,-1,-1,0
ERR5995992,control,,,Delta,Delta,-1,-1,-1,-1,-1,0
ERR5995994,control,,,Alpha,Alpha,-1,-1,-1,-1,-1,0
ERR5995997,control,,,Alpha,Alpha,-1,-1,-1,-1,-1,0
ERR5996018,control,,,Delta,Delta,-1,-1,-1,-1,-1,271
ERR5996021,control,,,Delta,Delta,-1,-1,-1,-1,-1,0
ERR5996022,control,,,Delta,Delta,-1,-1,-1,-1,-1,0
ERR5996024,control,,,Delta,Delta,-1,-1,-1,-1,-1,0
ERR5996030,control,,,Delta,Delta,-1,-1,-1,-1,-1,0
ERR5996047,control,,,Delta,Delta,-1,-1,-1,-1,-1,0
ERR5996048,control,,,Delta,Delta,-1,-1,-1,-1,-1,0
ERR5996052,control,,,Delta,Delta,-1,-1,-1,-1,-1,0
ERR5996055,control,,,Delta,Delta,-1,-1,-1,-1,-1,0
ERR5996078,control,,,Delta,Delta,-1,-1,-1,-1,-1,0
ERR5996079,control,,,Delta,Delta,-1,-1,-1,-1,-1,0
ERR5996085,control,,,Delta,Delta,-1,-1,-1,-1,-1,0
ERR5996090,control,,,Delta,Delta,-1,-1,-1,-1,-1,0
ERR5996092,control,,,Delta,Delta,-1,-1,-1,-1,-1,0
ERR5996656,control,,,Alpha,Alpha,-1,-1,-1,-1,-1,0
ERR6007721,control,,,Delta,Delta,-1,-1,-1,-1,-1,0
ERR6008959,control,,,Delta,Delta,-1,-1,-1,-1,-1,0
ERR6009153,control,,,Delta,Delta,-1,-1,-1,-1,-1,73
ERR6058933,control,,,Alpha,Alpha,-1,-1,-1,-1,-1,445
ERR6059393,control,,,Alpha,Alpha,-1,-1,-1,-1,-1,123
ERR6060204,control,,,Alpha,Alpha,-1,-1,-1,-1,-1,354
ERR6060812,control,,,Alpha,Alpha,-1,-1,-1,-1,-1,465
ERR6064588,control,,,Delta,Delta,-1,-1,-1,-1,-1,420
