pathogen,rep,samples_per_day,k,gen,num_samples,num_placed,num_exact_matches
flu_like,0,200,3,0,1,1,1
flu_like,0,200,3,1,1,1,1
flu_like,0,200,3,2,2,2,2
flu_like,0,200,3,3,2,2,2
flu_like,0,200,3,4,3,3,3
flu_like,0,200,3,5,4,4,4
flu_like,0,200,3,6,5,5,4
flu_like,0,200,3,7,7,7,7
flu_like,0,200,3,8,9,9,7
flu_like,0,200,3,9,12,12,11
flu_like,0,200,3,10,16,16,14
flu_like,0,200,3,11,21,21,21
flu_like,0,200,3,12,28,28,27
flu_like,0,200,3,13,36,36,34
flu_like,0,200,3,14,48,48,43
flu_like,0,200,3,15,63,63,60
flu_like,0,200,3,16,83,83,76
flu_like,0,200,3,17,110,110,98
flu_like,0,200,3,18,145,145,132
flu_like,0,200,3,19,191,191,178
flu_like,0,200,3,20,200,200,178
flu_like,0,200,3,21,200,200,171
flu_like,0,200,3,22,200,200,172
flu_like,0,200,3,23,200,200,169
flu_like,0,200,3,24,200,200,165
flu_like,0,200,3,25,200,200,167
flu_like,0,200,3,26,200,200,157
flu_like,0,200,3,27,200,200,150
flu_like,0,200,3,28,200,200,141
flu_like,0,200,3,29,200,200,152
flu_like,0,200,3,30,200,200,143
flu_like,0,200,3,31,200,200,121
flu_like,0,200,3,32,200,200,124
flu_like,0,200,3,33,200,200,125
flu_like,0,200,3,34,200,200,106
flu_like,0,200,3,35,200,200,110
flu_like,0,200,3,36,200,200,106
flu_like,0,200,3,37,200,200,101
flu_like,0,200,3,38,200,200,98
flu_like,0,200,3,39,200,200,94
flu_like,0,200,3,40,200,200,79
flu_like,0,200,3,41,200,200,84
flu_like,0,200,3,42,200,200,72
flu_like,0,200,3,43,200,200,74
flu_like,0,200,3,44,200,200,62
flu_like,0,200,3,45,200,200,54
flu_like,0,200,3,46,200,200,53
flu_like,0,200,3,47,200,200,47
flu_like,0,200,3,48,200,200,55
flu_like,0,200,3,49,200,200,51
flu_like,0,200,3,50,200,200,42
flu_like,0,200,3,51,200,200,43
flu_like,0,200,3,52,200,200,33
flu_like,0,200,3,53,200,200,32
flu_like,0,200,3,54,200,200,36
flu_like,0,200,3,55,200,200,26
flu_like,0,200,3,56,200,200,28
flu_like,0,200,3,57,200,200,20
flu_like,0,200,3,58,200,200,17
flu_like,0,200,3,59,200,200,15
flu_like,0,200,3,60,200,200,14
flu_like,0,200,3,61,200,200,14
flu_like,0,200,3,62,200,200,16
flu_like,0,200,3,63,200,200,20
flu_like,0,200,3,64,200,200,9
flu_like,0,200,3,65,200,200,18
flu_like,0,200,3,66,200,200,15
flu_like,0,200,3,67,200,200,8
flu_like,0,200,3,68,200,200,6
flu_like,0,200,3,69,200,200,13
flu_like,0,200,3,70,200,200,6
flu_like,0,200,3,71,200,200,4
flu_like,0,200,3,72,200,200,5
flu_like,0,200,3,73,200,200,10
flu_like,0,200,3,74,200,200,5
flu_like,0,200,3,75,200,200,9
flu_like,0,200,3,76,200,200,6
flu_like,0,200,3,77,200,200,1
flu_like,0,200,3,78,200,200,9
flu_like,0,200,3,79,200,200,5
flu_like,0,200,3,80,200,200,8
flu_like,0,200,3,81,200,200,5
flu_like,0,200,3,82,200,200,9
flu_like,0,200,3,83,200,200,7
flu_like,0,200,3,84,200,200,7
flu_like,0,200,3,85,200,200,4
flu_like,0,200,3,86,200,200,2
flu_like,0,200,3,87,200,200,5
flu_like,0,200,3,88,200,200,5
flu_like,0,200,3,89,200,200,2
flu_like,0,200,3,90,200,200,1
flu_like,0,200,3,91,200,200,2
flu_like,0,200,3,92,200,200,1
flu_like,0,200,3,93,200,200,1
flu_like,0,200,3,94,200,200,5
flu_like,0,200,3,95,200,200,4
flu_like,0,200,3,96,200,200,4
flu_like,0,200,3,97,200,200,0
flu_like,0,200,3,98,200,200,1
flu_like,0,200,3,99,200,200,1
flu_like,0,200,3,100,200,200,5
flu_like,0,200,4,0,1,1,1
flu_like,0,200,4,1,1,1,1
flu_like,0,200,4,2,2,2,2
flu_like,0,200,4,3,2,2,2
flu_like,0,200,4,4,3,3,3
flu_like,0,200,4,5,4,4,4
flu_like,0,200,4,6,5,5,4
flu_like,0,200,4,7,7,7,7
flu_like,0,200,4,8,9,9,7
flu_like,0,200,4,9,12,12,11
flu_like,0,200,4,10,16,16,14
flu_like,0,200,4,11,21,21,21
flu_like,0,200,4,12,28,28,27
flu_like,0,200,4,13,36,36,34
flu_like,0,200,4,14,48,48,43
flu_like,0,200,4,15,63,63,60
flu_like,0,200,4,16,83,83,76
flu_like,0,200,4,17,110,110,98
flu_like,0,200,4,18,145,145,132
flu_like,0,200,4,19,191,191,178
flu_like,0,200,4,20,200,200,178
flu_like,0,200,4,21,200,200,171
flu_like,0,200,4,22,200,200,172
flu_like,0,200,4,23,200,200,169
flu_like,0,200,4,24,200,200,165
flu_like,0,200,4,25,200,200,167
flu_like,0,200,4,26,200,200,157
flu_like,0,200,4,27,200,200,150
flu_like,0,200,4,28,200,200,141
flu_like,0,200,4,29,200,200,152
flu_like,0,200,4,30,200,200,143
flu_like,0,200,4,31,200,200,121
flu_like,0,200,4,32,200,200,124
flu_like,0,200,4,33,200,200,125
flu_like,0,200,4,34,200,200,106
flu_like,0,200,4,35,200,200,110
flu_like,0,200,4,36,200,200,106
flu_like,0,200,4,37,200,200,101
flu_like,0,200,4,38,200,200,98
flu_like,0,200,4,39,200,200,94
flu_like,0,200,4,40,200,200,79
flu_like,0,200,4,41,200,200,84
flu_like,0,200,4,42,200,200,72
flu_like,0,200,4,43,200,200,74
flu_like,0,200,4,44,200,200,62
flu_like,0,200,4,45,200,200,54
flu_like,0,200,4,46,200,200,53
flu_like,0,200,4,47,200,200,47
flu_like,0,200,4,48,200,200,55
flu_like,0,200,4,49,200,200,51
flu_like,0,200,4,50,200,200,42
flu_like,0,200,4,51,200,200,43
flu_like,0,200,4,52,200,200,33
flu_like,0,200,4,53,200,200,32
flu_like,0,200,4,54,200,200,36
flu_like,0,200,4,55,200,200,26
flu_like,0,200,4,56,200,200,28
flu_like,0,200,4,57,200,200,20
flu_like,0,200,4,58,200,200,17
flu_like,0,200,4,59,200,200,15
flu_like,0,200,4,60,200,200,14
flu_like,0,200,4,61,200,200,14
flu_like,0,200,4,62,200,200,16
flu_like,0,200,4,63,200,200,20
flu_like,0,200,4,64,200,200,9
flu_like,0,200,4,65,200,200,18
flu_like,0,200,4,66,200,200,15
flu_like,0,200,4,67,200,200,8
flu_like,0,200,4,68,200,200,6
flu_like,0,200,4,69,200,200,13
flu_like,0,200,4,70,200,200,6
flu_like,0,200,4,71,200,200,4
flu_like,0,200,4,72,200,200,5
flu_like,0,200,4,73,200,200,10
flu_like,0,200,4,74,200,200,5
flu_like,0,200,4,75,200,200,9
flu_like,0,200,4,76,200,200,6
flu_like,0,200,4,77,200,200,1
flu_like,0,200,4,78,200,200,9
flu_like,0,200,4,79,200,200,5
flu_like,0,200,4,80,200,200,8
flu_like,0,200,4,81,200,200,5
flu_like,0,200,4,82,200,200,9
flu_like,0,200,4,83,200,200,7
flu_like,0,200,4,84,200,200,7
flu_like,0,200,4,85,200,200,4
flu_like,0,200,4,86,200,200,2
flu_like,0,200,4,87,200,200,5
flu_like,0,200,4,88,200,200,5
flu_like,0,200,4,89,200,200,2
flu_like,0,200,4,90,200,200,1
flu_like,0,200,4,91,200,200,2
flu_like,0,200,4,92,200,200,1
flu_like,0,200,4,93,200,200,1
flu_like,0,200,4,94,200,200,5
flu_like,0,200,4,95,200,200,4
flu_like,0,200,4,96,200,200,4
flu_like,0,200,4,97,200,200,0
flu_like,0,200,4,98,200,200,1
flu_like,0,200,4,99,200,200,1
flu_like,0,200,4,100,200,200,5
flu_like,0,200,5,0,1,1,1
flu_like,0,200,5,1,1,1,1
flu_like,0,200,5,2,2,2,2
flu_like,0,200,5,3,2,2,2
flu_like,0,200,5,4,3,3,3
flu_like,0,200,5,5,4,4,4
flu_like,0,200,5,6,5,5,4
flu_like,0,200,5,7,7,7,7
flu_like,0,200,5,8,9,9,7
flu_like,0,200,5,9,12,12,11
flu_like,0,200,5,10,16,16,14
flu_like,0,200,5,11,21,21,21
flu_like,0,200,5,12,28,28,27
flu_like,0,200,5,13,36,36,34
flu_like,0,200,5,14,48,48,43
flu_like,0,200,5,15,63,63,60
flu_like,0,200,5,16,83,83,76
flu_like,0,200,5,17,110,110,98
flu_like,0,200,5,18,145,145,132
flu_like,0,200,5,19,191,191,178
flu_like,0,200,5,20,200,200,178
flu_like,0,200,5,21,200,200,171
flu_like,0,200,5,22,200,200,172
flu_like,0,200,5,23,200,200,169
flu_like,0,200,5,24,200,200,165
flu_like,0,200,5,25,200,200,167
flu_like,0,200,5,26,200,200,157
flu_like,0,200,5,27,200,200,150
flu_like,0,200,5,28,200,200,141
flu_like,0,200,5,29,200,200,152
flu_like,0,200,5,30,200,200,143
flu_like,0,200,5,31,200,200,121
flu_like,0,200,5,32,200,200,124
flu_like,0,200,5,33,200,200,125
flu_like,0,200,5,34,200,200,106
flu_like,0,200,5,35,200,200,110
flu_like,0,200,5,36,200,200,106
flu_like,0,200,5,37,200,200,101
flu_like,0,200,5,38,200,200,98
flu_like,0,200,5,39,200,200,94
flu_like,0,200,5,40,200,200,79
flu_like,0,200,5,41,200,200,84
flu_like,0,200,5,42,200,200,72
flu_like,0,200,5,43,200,200,74
flu_like,0,200,5,44,200,200,62
flu_like,0,200,5,45,200,200,54
flu_like,0,200,5,46,200,200,53
flu_like,0,200,5,47,200,200,47
flu_like,0,200,5,48,200,200,55
flu_like,0,200,5,49,200,200,51
flu_like,0,200,5,50,200,200,42
flu_like,0,200,5,51,200,200,43
flu_like,0,200,5,52,200,200,33
flu_like,0,200,5,53,200,200,32
flu_like,0,200,5,54,200,200,36
flu_like,0,200,5,55,200,200,26
flu_like,0,200,5,56,200,200,28
flu_like,0,200,5,57,200,200,20
flu_like,0,200,5,58,200,200,17
flu_like,0,200,5,59,200,200,15
flu_like,0,200,5,60,200,200,14
flu_like,0,200,5,61,200,200,14
flu_like,0,200,5,62,200,200,16
flu_like,0,200,5,63,200,200,20
flu_like,0,200,5,64,200,200,9
flu_like,0,200,5,65,200,200,18
flu_like,0,200,5,66,200,200,15
flu_like,0,200,5,67,200,200,8
flu_like,0,200,5,68,200,200,6
flu_like,0,200,5,69,200,200,13
flu_like,0,200,5,70,200,200,6
flu_like,0,200,5,71,200,200,4
flu_like,0,200,5,72,200,200,5
flu_like,0,200,5,73,200,200,10
flu_like,0,200,5,74,200,200,5
flu_like,0,200,5,75,200,200,9
flu_like,0,200,5,76,200,200,6
flu_like,0,200,5,77,200,200,1
flu_like,0,200,5,78,200,200,9
flu_like,0,200,5,79,200,200,5
flu_like,0,200,5,80,200,200,8
flu_like,0,200,5,81,200,200,5
flu_like,0,200,5,82,200,200,9
flu_like,0,200,5,83,200,200,7
flu_like,0,200,5,84,200,200,7
flu_like,0,200,5,85,200,200,4
flu_like,0,200,5,86,200,200,2
flu_like,0,200,5,87,200,200,5
flu_like,0,200,5,88,200,200,5
flu_like,0,200,5,89,200,200,2
flu_like,0,200,5,90,200,200,1
flu_like,0,200,5,91,200,200,2
flu_like,0,200,5,92,200,200,1
flu_like,0,200,5,93,200,200,1
flu_like,0,200,5,94,200,200,5
flu_like,0,200,5,95,200,200,4
flu_like,0,200,5,96,200,200,4
flu_like,0,200,5,97,200,200,0
flu_like,0,200,5,98,200,200,1
flu_like,0,200,5,99,200,200,1
flu_like,0,200,5,100,200,200,5
flu_like,0,1000,3,0,1,1,1
flu_like,0,1000,3,1,1,1,1
flu_like,0,1000,3,2,2,2,2
flu_like,0,1000,3,3,2,2,2
flu_like,0,1000,3,4,3,3,3
flu_like,0,1000,3,5,4,4,4
flu_like,0,1000,3,6,5,5,4
flu_like,0,1000,3,7,7,7,7
flu_like,0,1000,3,8,9,9,7
flu_like,0,1000,3,9,12,12,11
flu_like,0,1000,3,10,16,16,14
flu_like,0,1000,3,11,21,21,21
flu_like,0,1000,3,12,28,28,27
flu_like,0,1000,3,13,36,36,34
flu_like,0,1000,3,14,48,48,43
flu_like,0,1000,3,15,63,63,60
flu_like,0,1000,3,16,83,83,76
flu_like,0,1000,3,17,110,110,98
flu_like,0,1000,3,18,145,145,132
flu_like,0,1000,3,19,191,191,178
flu_like,0,1000,3,20,251,251,225
flu_like,0,1000,3,21,331,331,289
flu_like,0,1000,3,22,437,437,392
flu_like,0,1000,3,23,575,575,523
flu_like,0,1000,3,24,759,759,689
flu_like,0,1000,3,25,1000,1000,918
flu_like,0,1000,3,26,1000,1000,889
flu_like,0,1000,3,27,1000,1000,880
flu_like,0,1000,3,28,1000,1000,880
flu_like,0,1000,3,29,1000,1000,842
flu_like,0,1000,3,30,1000,1000,812
flu_like,0,1000,3,31,1000,1000,811
flu_like,0,1000,3,32,1000,1000,788
flu_like,0,1000,3,33,1000,1000,766
flu_like,0,1000,3,34,1000,1000,743
flu_like,0,1000,3,35,1000,1000,712
flu_like,0,1000,3,36,1000,1000,675
flu_like,0,1000,3,37,1000,1000,658
flu_like,0,1000,3,38,1000,1000,608
flu_like,0,1000,3,39,1000,1000,618
flu_like,0,1000,3,40,1000,1000,583
flu_like,0,1000,3,41,1000,1000,560
flu_like,0,1000,3,42,1000,1000,539
flu_like,0,1000,3,43,1000,1000,485
flu_like,0,1000,3,44,1000,1000,467
flu_like,0,1000,3,45,1000,1000,425
flu_like,0,1000,3,46,1000,1000,410
flu_like,0,1000,3,47,1000,1000,372
flu_like,0,1000,3,48,1000,1000,380
flu_like,0,1000,3,49,1000,1000,347
flu_like,0,1000,3,50,1000,1000,315
flu_like,0,1000,3,51,1000,1000,305
flu_like,0,1000,3,52,1000,1000,286
flu_like,0,1000,3,53,1000,1000,268
flu_like,0,1000,3,54,1000,1000,228
flu_like,0,1000,3,55,1000,1000,216
flu_like,0,1000,3,56,1000,1000,201
flu_like,0,1000,3,57,1000,1000,180
flu_like,0,1000,3,58,1000,1000,163
flu_like,0,1000,3,59,1000,1000,146
flu_like,0,1000,3,60,1000,1000,138
flu_like,0,1000,3,61,1000,1000,117
flu_like,0,1000,3,62,1000,1000,137
flu_like,0,1000,3,63,1000,1000,125
flu_like,0,1000,3,64,1000,1000,121
flu_like,0,1000,3,65,1000,1000,121
flu_like,0,1000,3,66,1000,1000,116
flu_like,0,1000,3,67,1000,1000,95
flu_like,0,1000,3,68,1000,1000,101
flu_like,0,1000,3,69,1000,1000,107
flu_like,0,1000,3,70,1000,1000,80
flu_like,0,1000,3,71,1000,1000,83
flu_like,0,1000,3,72,1000,1000,84
flu_like,0,1000,3,73,1000,1000,83
flu_like,0,1000,3,74,1000,1000,76
flu_like,0,1000,3,75,1000,1000,76
flu_like,0,1000,3,76,1000,1000,62
flu_like,0,1000,3,77,1000,1000,80
flu_like,0,1000,3,78,1000,1000,69
flu_like,0,1000,3,79,1000,1000,68
flu_like,0,1000,3,80,1000,1000,67
flu_like,0,1000,3,81,1000,1000,59
flu_like,0,1000,3,82,1000,1000,74
flu_like,0,1000,3,83,1000,1000,59
flu_like,0,1000,3,84,1000,1000,66
flu_like,0,1000,3,85,1000,1000,63
flu_like,0,1000,3,86,1000,1000,65
flu_like,0,1000,3,87,1000,1000,60
flu_like,0,1000,3,88,1000,1000,55
flu_like,0,1000,3,89,1000,1000,45
flu_like,0,1000,3,90,1000,1000,48
flu_like,0,1000,3,91,1000,1000,50
flu_like,0,1000,3,92,1000,1000,65
flu_like,0,1000,3,93,1000,1000,46
flu_like,0,1000,3,94,1000,1000,60
flu_like,0,1000,3,95,1000,1000,67
flu_like,0,1000,3,96,1000,1000,55
flu_like,0,1000,3,97,1000,1000,55
flu_like,0,1000,3,98,1000,1000,40
flu_like,0,1000,3,99,1000,1000,48
flu_like,0,1000,3,100,1000,1000,61
flu_like,0,1000,4,0,1,1,1
flu_like,0,1000,4,1,1,1,1
flu_like,0,1000,4,2,2,2,2
flu_like,0,1000,4,3,2,2,2
flu_like,0,1000,4,4,3,3,3
flu_like,0,1000,4,5,4,4,4
flu_like,0,1000,4,6,5,5,4
flu_like,0,1000,4,7,7,7,7
flu_like,0,1000,4,8,9,9,7
flu_like,0,1000,4,9,12,12,11
flu_like,0,1000,4,10,16,16,14
flu_like,0,1000,4,11,21,21,21
flu_like,0,1000,4,12,28,28,27
flu_like,0,1000,4,13,36,36,34
flu_like,0,1000,4,14,48,48,43
flu_like,0,1000,4,15,63,63,60
flu_like,0,1000,4,16,83,83,76
flu_like,0,1000,4,17,110,110,98
flu_like,0,1000,4,18,145,145,132
flu_like,0,1000,4,19,191,191,178
flu_like,0,1000,4,20,251,251,225
flu_like,0,1000,4,21,331,331,289
flu_like,0,1000,4,22,437,437,392
flu_like,0,1000,4,23,575,575,523
flu_like,0,1000,4,24,759,759,689
flu_like,0,1000,4,25,1000,1000,918
flu_like,0,1000,4,26,1000,1000,889
flu_like,0,1000,4,27,1000,1000,880
flu_like,0,1000,4,28,1000,1000,880
flu_like,0,1000,4,29,1000,1000,842
flu_like,0,1000,4,30,1000,1000,812
flu_like,0,1000,4,31,1000,1000,811
flu_like,0,1000,4,32,1000,1000,788
flu_like,0,1000,4,33,1000,1000,766
flu_like,0,1000,4,34,1000,1000,743
flu_like,0,1000,4,35,1000,1000,712
flu_like,0,1000,4,36,1000,1000,675
flu_like,0,1000,4,37,1000,1000,658
flu_like,0,1000,4,38,1000,1000,608
flu_like,0,1000,4,39,1000,1000,618
flu_like,0,1000,4,40,1000,1000,583
flu_like,0,1000,4,41,1000,1000,560
flu_like,0,1000,4,42,1000,1000,539
flu_like,0,1000,4,43,1000,1000,485
flu_like,0,1000,4,44,1000,1000,467
flu_like,0,1000,4,45,1000,1000,425
flu_like,0,1000,4,46,1000,1000,410
flu_like,0,1000,4,47,1000,1000,372
flu_like,0,1000,4,48,1000,1000,380
flu_like,0,1000,4,49,1000,1000,347
flu_like,0,1000,4,50,1000,1000,315
flu_like,0,1000,4,51,1000,1000,305
flu_like,0,1000,4,52,1000,1000,286
flu_like,0,1000,4,53,1000,1000,268
flu_like,0,1000,4,54,1000,1000,228
flu_like,0,1000,4,55,1000,1000,216
flu_like,0,1000,4,56,1000,1000,201
flu_like,0,1000,4,57,1000,1000,180
flu_like,0,1000,4,58,1000,1000,163
flu_like,0,1000,4,59,1000,1000,146
flu_like,0,1000,4,60,1000,1000,138
flu_like,0,1000,4,61,1000,1000,117
flu_like,0,1000,4,62,1000,1000,137
flu_like,0,1000,4,63,1000,1000,125
flu_like,0,1000,4,64,1000,1000,121
flu_like,0,1000,4,65,1000,1000,121
flu_like,0,1000,4,66,1000,1000,116
flu_like,0,1000,4,67,1000,1000,95
flu_like,0,1000,4,68,1000,1000,102
flu_like,0,1000,4,69,1000,1000,107
flu_like,0,1000,4,70,1000,1000,80
flu_like,0,1000,4,71,1000,1000,83
flu_like,0,1000,4,72,1000,1000,84
flu_like,0,1000,4,73,1000,1000,83
flu_like,0,1000,4,74,1000,1000,76
flu_like,0,1000,4,75,1000,1000,76
flu_like,0,1000,4,76,1000,1000,62
flu_like,0,1000,4,77,1000,1000,80
flu_like,0,1000,4,78,1000,1000,69
flu_like,0,1000,4,79,1000,1000,68
flu_like,0,1000,4,80,1000,1000,67
flu_like,0,1000,4,81,1000,1000,59
flu_like,0,1000,4,82,1000,1000,74
flu_like,0,1000,4,83,1000,1000,59
flu_like,0,1000,4,84,1000,1000,66
flu_like,0,1000,4,85,1000,1000,63
flu_like,0,1000,4,86,1000,1000,65
flu_like,0,1000,4,87,1000,1000,60
flu_like,0,1000,4,88,1000,1000,55
flu_like,0,1000,4,89,1000,1000,45
flu_like,0,1000,4,90,1000,1000,49
flu_like,0,1000,4,91,1000,1000,50
flu_like,0,1000,4,92,1000,1000,65
flu_like,0,1000,4,93,1000,1000,46
flu_like,0,1000,4,94,1000,1000,60
flu_like,0,1000,4,95,1000,1000,67
flu_like,0,1000,4,96,1000,1000,55
flu_like,0,1000,4,97,1000,1000,55
flu_like,0,1000,4,98,1000,1000,40
flu_like,0,1000,4,99,1000,1000,48
flu_like,0,1000,4,100,1000,1000,61
flu_like,0,1000,5,0,1,1,1
flu_like,0,1000,5,1,1,1,1
flu_like,0,1000,5,2,2,2,2
flu_like,0,1000,5,3,2,2,2
flu_like,0,1000,5,4,3,3,3
flu_like,0,1000,5,5,4,4,4
flu_like,0,1000,5,6,5,5,4
flu_like,0,1000,5,7,7,7,7
flu_like,0,1000,5,8,9,9,7
flu_like,0,1000,5,9,12,12,11
flu_like,0,1000,5,10,16,16,14
flu_like,0,1000,5,11,21,21,21
flu_like,0,1000,5,12,28,28,27
flu_like,0,1000,5,13,36,36,34
flu_like,0,1000,5,14,48,48,43
flu_like,0,1000,5,15,63,63,60
flu_like,0,1000,5,16,83,83,76
flu_like,0,1000,5,17,110,110,98
flu_like,0,1000,5,18,145,145,132
flu_like,0,1000,5,19,191,191,178
flu_like,0,1000,5,20,251,251,225
flu_like,0,1000,5,21,331,331,289
flu_like,0,1000,5,22,437,437,392
flu_like,0,1000,5,23,575,575,523
flu_like,0,1000,5,24,759,759,689
flu_like,0,1000,5,25,1000,1000,918
flu_like,0,1000,5,26,1000,1000,889
flu_like,0,1000,5,27,1000,1000,880
flu_like,0,1000,5,28,1000,1000,880
flu_like,0,1000,5,29,1000,1000,842
flu_like,0,1000,5,30,1000,1000,812
flu_like,0,1000,5,31,1000,1000,811
flu_like,0,1000,5,32,1000,1000,788
flu_like,0,1000,5,33,1000,1000,766
flu_like,0,1000,5,34,1000,1000,743
flu_like,0,1000,5,35,1000,1000,712
flu_like,0,1000,5,36,1000,1000,675
flu_like,0,1000,5,37,1000,1000,658
flu_like,0,1000,5,38,1000,1000,608
flu_like,0,1000,5,39,1000,1000,618
flu_like,0,1000,5,40,1000,1000,583
flu_like,0,1000,5,41,1000,1000,560
flu_like,0,1000,5,42,1000,1000,539
flu_like,0,1000,5,43,1000,1000,485
flu_like,0,1000,5,44,1000,1000,467
flu_like,0,1000,5,45,1000,1000,425
flu_like,0,1000,5,46,1000,1000,410
flu_like,0,1000,5,47,1000,1000,372
flu_like,0,1000,5,48,1000,1000,380
flu_like,0,1000,5,49,1000,1000,347
flu_like,0,1000,5,50,1000,1000,315
flu_like,0,1000,5,51,1000,1000,305
flu_like,0,1000,5,52,1000,1000,286
flu_like,0,1000,5,53,1000,1000,268
flu_like,0,1000,5,54,1000,1000,228
flu_like,0,1000,5,55,1000,1000,216
flu_like,0,1000,5,56,1000,1000,201
flu_like,0,1000,5,57,1000,1000,180
flu_like,0,1000,5,58,1000,1000,163
flu_like,0,1000,5,59,1000,1000,146
flu_like,0,1000,5,60,1000,1000,138
flu_like,0,1000,5,61,1000,1000,117
flu_like,0,1000,5,62,1000,1000,137
flu_like,0,1000,5,63,1000,1000,125
flu_like,0,1000,5,64,1000,1000,121
flu_like,0,1000,5,65,1000,1000,121
flu_like,0,1000,5,66,1000,1000,116
flu_like,0,1000,5,67,1000,1000,95
flu_like,0,1000,5,68,1000,1000,102
flu_like,0,1000,5,69,1000,1000,107
flu_like,0,1000,5,70,1000,1000,80
flu_like,0,1000,5,71,1000,1000,83
flu_like,0,1000,5,72,1000,1000,84
flu_like,0,1000,5,73,1000,1000,83
flu_like,0,1000,5,74,1000,1000,76
flu_like,0,1000,5,75,1000,1000,76
flu_like,0,1000,5,76,1000,1000,62
flu_like,0,1000,5,77,1000,1000,80
flu_like,0,1000,5,78,1000,1000,69
flu_like,0,1000,5,79,1000,1000,68
flu_like,0,1000,5,80,1000,1000,67
flu_like,0,1000,5,81,1000,1000,59
flu_like,0,1000,5,82,1000,1000,74
flu_like,0,1000,5,83,1000,1000,59
flu_like,0,1000,5,84,1000,1000,65
flu_like,0,1000,5,85,1000,1000,63
flu_like,0,1000,5,86,1000,1000,65
flu_like,0,1000,5,87,1000,1000,60
flu_like,0,1000,5,88,1000,1000,55
flu_like,0,1000,5,89,1000,1000,45
flu_like,0,1000,5,90,1000,1000,49
flu_like,0,1000,5,91,1000,1000,50
flu_like,0,1000,5,92,1000,1000,65
flu_like,0,1000,5,93,1000,1000,46
flu_like,0,1000,5,94,1000,1000,60
flu_like,0,1000,5,95,1000,1000,67
flu_like,0,1000,5,96,1000,1000,55
flu_like,0,1000,5,97,1000,1000,55
flu_like,0,1000,5,98,1000,1000,40
flu_like,0,1000,5,99,1000,1000,48
flu_like,0,1000,5,100,1000,1000,61
