strain,lineage,Viridian_pangolin,Viridian_scorpio
ERR5963603,Alpha,B.1.1.7,Alpha (B.1.1.7-like)
ERR5963613,Alpha,B.1.1.7,Alpha (B.1.1.7-like)
ERR5963617,Delta,AY.9,Delta (B.1.617.2-like)
ERR5963618,Alpha,B.1.1.7,Alpha (B.1.1.7-like)
ERR5963620,Delta,AY.5,Delta (B.1.617.2-like)
ERR5963625,Delta,AY.4,Delta (AY.4-like)
ERR5963642,Delta,AY.122,Delta (B.1.617.2-like)
ERR5963644,Delta,AY.9,Delta (B.1.617.2-like)
ERR5963646,Alpha,B.1.1.7,Alpha (B.1.1.7-like)
ERR5963650,Delta,AY.9,Delta (B.1.617.2-like)
ERR5963652,Alpha,B.1.1.7,Alpha (B.1.1.7-like)
ERR5963670,Alpha,B.1.1.7,Alpha (B.1.1.7-like)
ERR5963674,Delta,AY.5,Delta (B.1.617.2-like)
ERR5963699,Alpha,B.1.1.7,Alpha (B.1.1.7-like)
ERR5963700,Delta,AY.5,Delta (B.1.617.2-like)
ERR5963719,Alpha,B.1.1.7,Alpha (B.1.1.7-like)
ERR5963724,Delta,AY.5,Delta (B.1.617.2-like)
ERR5963726,Delta,AY.5,Delta (B.1.617.2-like)
ERR5963745,Alpha,B.1.1.7,Alpha (B.1.1.7-like)
ERR5963751,Alpha,B.1.1.7,Alpha (B.1.1.7-like)
ERR5963753,Delta,AY.5,Delta (B.1.617.2-like)
ERR5963777,Delta,AY.9,Delta (B.1.617.2-like)
ERR5963780,Alpha,B.1.1.7,Alpha (B.1.1.7-like)
ERR5963782,Delta,AY.5,Delta (B.1.617.2-like)
ERR5963784,Alpha,B.1.1.7,Alpha (B.1.1.7-like)
ERR5963804,Alpha,B.1.1.7,Alpha (B.1.1.7-like)
ERR5963806,Delta,AY.5,Delta (B.1.617.2-like)
ERR5963808,Alpha,B.1.1.7,Alpha (B.1.1.7-like)
ERR5963829,Alpha,B.1.1.7,Alpha (B.1.1.7-like)
ERR5963835,Alpha,B.1.1.7,Alpha (B.1.1.7-like)
ERR5963837,Delta,AY.5,Delta (B.1.617.2-like)
ERR5963839,Alpha,B.1.1.7,Alpha (B.1.1.7-like)
ERR5963860,Delta,AY.9,Delta (B.1.617.2-like)
ERR5963865,Delta,AY.5,Delta (B.1.617.2-like)
ERR5963867,Alpha,B.1.1.7,Alpha (B.1.1.7-like)
ERR5963869,Alpha,B.1.1.7,Alpha (B.1.1.7-like)
ERR5963889,Alpha,B.1.1.7,Alpha (B.1.1.7-like)
ERR5963890,Delta,AY.10,Delta (B.1.617.2-like)
ERR5963893,Delta,AY.4,Delta (AY.4-like)
ERR5963895,Delta,AY.4,Delta (AY.4-like)
ERR5963917,Alpha,B.1.1.7,Alpha (B.1.1.7-like)
ERR5963922,Delta,B.1.617.2,Delta (B.1.617.2-like)
ERR5964060,Delta,AY.8,Delta (B.1.617.2-like)
ERR5964066,Delta,AY.8,Delta (B.1.617.2-like)
ERR5964087,Delta,B.1.617.2,Delta (B.1.617.2-like)
ERR5964111,Alpha,B.1.1.7,B.1.1.7-like+E484K
ERR5964113,Alpha,B.1.1.7,Alpha (B.1.1.7-like)
ERR5964119,Delta,AY.5,Delta (B.1.617.2-like)
ERR5964132,Delta,AY.11,Delta (B.1.617.2-like)
ERR5964134,Alpha,B.1.1.7,Alpha (B.1.1.7-like)
ERR5964142,Alpha,B.1.1.7,Alpha (B.1.1.7-like)
ERR5964175,Alpha,B.1.1.7,Alpha (B.1.1.7-like)
ERR5964192,Delta,AY.9,Delta (B.1.617.2-like)
ERR5964318,Alpha,B.1.1.7,Alpha (B.1.1.7-like)
ERR5964320,Alpha,B.1.1.7,Alpha (B.1.1.7-like)
ERR5964324,Delta,AY.4,Delta (AY.4-like)
ERR5964326,Delta,AY.4,Delta (AY.4-like)
ERR5964339,Alpha,B.1.1.7,Alpha (B.1.1.7-like)
ERR5964341,Alpha,B.1.1.7,Alpha (B.1.1.7-like)
ERR5964353,Alpha,B.1.1.7,Alpha (B.1.1.7-like)
ERR5964354,Delta,AY.10,Delta (B.1.617.2-like)
ERR5964358,Alpha,B.1.1.7,Alpha (B.1.1.7-like)
ERR5964360,Alpha,B.1.1.7,Alpha (B.1.1.7-like)
ERR5964362,Alpha,B.1.1.7,Alpha (B.1.1.7-like)
ERR5964363,Alpha,B.1.1.7,Alpha (B.1.1.7-like)
ERR5964364,Alpha,B.1.1.7,Alpha (B.1.1.7-like)
ERR5964366,Alpha,B.1.1.7,Alpha (B.1.1.7-like)
ERR5964376,Delta,AY.4,Delta (AY.4-like)
ERR5964379,Delta,B.1.617.2,Delta (B.1.617.2-like)
ERR5964381,Delta,AY.4,Delta (AY.4-like)
ERR5964382,Alpha,B.1.1.7,Alpha (B.1.1.7-like)
ERR5964384,Alpha,B.1.1.7,Alpha (B.1.1.7-like)
ERR5964393,Delta,AY.4,Delta (AY.4-like)
ERR5964395,Delta,AY.4,Delta (AY.4-like)
ERR5964399,Delta,AY.4,Delta (AY.4-like)
ERR5964465,Alpha,B.1.1.7,Alpha (B.1.1.7-like)
ERR5964481,Alpha,B.1.1.7,Alpha (B.1.1.7-like)
ERR5964538,Delta,AY.4,Delta (AY.4-like)
ERR5964540,Alpha,B.1.1.7,Alpha (B.1.1.7-like)
ERR5964542,Alpha,B.1.1.7,Alpha (B.1.1.7-like)
ERR5964544,Delta,AY.98,Delta (B.1.617.2-like)
ERR5964546,Delta,B.1.617.2,Delta (B.1.617.2-like)
ERR5964548,Alpha,B.1.1.7,Alpha (B.1.1.7-like)
ERR5964550,Delta,AY.4,Delta (AY.4-like)
ERR5964569,Alpha,B.1.1.7,Alpha (B.1.1.7-like)
ERR5964571,Alpha,B.1.1.7,Alpha (B.1.1.7-like)
ERR5964574,Delta,AY.4,Delta (AY.4-like)
ERR5964576,Delta,AY.4,Delta (AY.4-like)
ERR5964580,Delta,AY.4,Delta (AY.4-like)
ERR5964582,Alpha,B.1.1.7,Alpha (B.1.1.7-like)
ERR5964600,Alpha,B.1.1.7,Alpha (B.1.1.7-like)
ERR5964602,Alpha,B.1.1.7,Alpha (B.1.1.7-like)
ERR5964606,Alpha,B.1.1.7,Alpha (B.1.1.7-like)
ERR5964608,Alpha,B.1.1.7,Alpha (B.1.1.7-like)
ERR5964609,Delta,AY.4,Delta (AY.4-like)
ERR5964611,Delta,AY.4,Delta (AY.4-like)
ERR5964612,Delta,AY.120,Delta (B.1.617.2-like)
ERR5964626,Delta,B.1.617.2,Delta (B.1.617.2-like)
ERR5964635,Delta,AY.4,Delta (AY.4-like)
ERR5964637,Alpha,B.1.1.7,Alpha (B.1.1.7-like)
ERR5964638,Delta,AY.4,Delta (AY.4-like)
ERR5964656,Delta,AY.98,Delta (B.1.617.2-like)
ERR5964658,Alpha,B.1.1.7,Alpha (B.1.1.7-like)
ERR5964660,Delta,AY.4,Delta (AY.4-like)
ERR5964663,Alpha,B.1.1.7,Alpha (B.1.1.7-like)
ERR5964672,Delta,AY.5,Delta (B.1.617.2-like)
ERR5964676,Delta,AY.4,Delta (AY.4-like)
ERR5964678,Alpha,B.1.1.7,Alpha (B.1.1.7-like)
ERR5964680,Delta,AY.4,Delta (AY.4-like)
ERR5964684,Delta,AY.98,Delta (B.1.617.2-like)
ERR5964686,Alpha,B.1.1.7,Alpha (B.1.1.7-like)
ERR5964688,Alpha,B.1.1.7,Alpha (B.1.1.7-like)
ERR5964690,Alpha,B.1.1.7,Alpha (B.1.1.7-like)
ERR5964691,Delta,AY.5,Delta (B.1.617.2-like)
ERR5964694,Alpha,B.1.1.7,Alpha (B.1.1.7-like)
ERR5964701,Alpha,B.1.1.7,Alpha (B.1.1.7-like)
ERR5964706,Delta,B.1.617.2,Delta (B.1.617.2-like)
ERR5964710,Delta,AY.4,Delta (AY.4-like)
ERR5964718,Delta,AY.4,Delta (AY.4-like)
ERR5964720,Alpha,B.1.1.7,Alpha (B.1.1.7-like)
ERR5964737,Alpha,B.1.1.7,Alpha (B.1.1.7-like)
ERR5964738,Alpha,B.1.1.7,Alpha (B.1.1.7-like)
ERR5964740,Alpha,B.1.1.7,Alpha (B.1.1.7-like)
ERR5964743,Alpha,B.1.1.7,Alpha (B.1.1.7-like)
ERR5964745,Delta,AY.4,Delta (AY.4-like)
ERR5964747,Alpha,B.1.1.7,Alpha (B.1.1.7-like)
ERR5964752,Delta,AY.5,Delta (B.1.617.2-like)
ERR5964767,Delta,AY.4,Delta (AY.4-like)
ERR5964768,Alpha,B.1.1.7,Alpha (B.1.1.7-like)
ERR5964770,Alpha,B.1.1.7,Alpha (B.1.1.7-like)
ERR5964772,Alpha,B.1.1.7,Alpha (B.1.1.7-like)
ERR5964776,Alpha,B.1.1.7,Alpha (B.1.1.7-like)
ERR5964778,Alpha,B.1.1.7,Alpha (B.1.1.7-like)
ERR5964780,Delta,AY.4,Delta (AY.4-like)
ERR5964797,Alpha,B.1.1.7,Alpha (B.1.1.7-like)
ERR5964799,Delta,B.1.617.2,Delta (B.1.617.2-like)
ERR5964801,Delta,AY.4,Delta (AY.4-like)
ERR5964803,Alpha,B.1.1.7,Alpha (B.1.1.7-like)
ERR5964805,Delta,AY.4,Delta (AY.4-like)
ERR5964807,Delta,AY.4,Delta (AY.4-like)
ERR5964809,Delta,AY.4,Delta (AY.4-like)
ERR5964828,Delta,AY.4,Delta (AY.4-like)
ERR5964829,Alpha,B.1.1.7,Alpha (B.1.1.7-like)
ERR5964831,Alpha,B.1.1.7,Alpha (B.1.1.7-like)
ERR5964833,Alpha,B.1.1.7,Alpha (B.1.1.7-like)
ERR5964835,Alpha,B.1.1.7,Alpha (B.1.1.7-like)
ERR5964836,Delta,AY.98,Delta (B.1.617.2-like)
ERR5964838,Alpha,B.1.1.7,Alpha (B.1.1.7-like)
ERR5964840,Delta,AY.98,Delta (B.1.617.2-like)
ERR5964851,Delta,AY.8,Delta (B.1.617.2-like)
ERR5964856,Delta,AY.4,Delta (AY.4-like)
ERR5964858,Delta,AY.4,Delta (AY.4-like)
ERR5964860,Delta,AY.4,Delta (AY.4-like)
ERR5964862,Alpha,B.1.1.7,Alpha (B.1.1.7-like)
ERR5964864,Alpha,B.1.1.7,Alpha (B.1.1.7-like)
ERR5964866,Alpha,B.1.1.7,Alpha (B.1.1.7-like)
ERR5964869,Alpha,B.1.1.7,Alpha (B.1.1.7-like)
ERR5964870,Alpha,B.1.1.7,Alpha (B.1.1.7-like)
ERR5964871,Delta,AY.4,Delta (AY.4-like)
ERR5964873,Alpha,B.1.1.7,Alpha (B.1.1.7-like)
ERR5964875,Delta,B.1.617.2,Delta (B.1.617.2-like)
ERR5964876,Delta,AY.4,Delta (AY.4-like)
ERR5964877,Delta,AY.4,Delta (AY.4-like)
ERR5964879,Delta,AY.4,Delta (AY.4-like)
ERR5964880,Alpha,B.1.1.7,Alpha (B.1.1.7-like)
ERR5964881,Delta,AY.4,Delta (AY.4-like)
ERR5964882,Delta,AY.4,Delta (AY.4-like)
ERR5964883,Delta,AY.4,Delta (AY.4-like)
ERR5964884,Delta,AY.4,Delta (AY.4-like)
ERR5964887,Delta,AY.4,Delta (AY.4-like)
ERR5964888,Delta,AY.4,Delta (AY.4-like)
ERR5964889,Delta,AY.4,Delta (AY.4-like)
ERR5964890,Delta,AY.4,Delta (AY.4-like)
ERR5964891,Delta,AY.4,Delta (AY.4-like)
ERR5964892,Alpha,B.1.1.7,Alpha (B.1.1.7-like)
ERR5964893,Alpha,B.1.1.7,Alpha (B.1.1.7-like)
ERR5964894,Alpha,B.1.1.7,Alpha (B.1.1.7-like)
ERR5964895,Delta,AY.4,Delta (AY.4-like)
ERR5964896,Delta,AY.4,Delta (AY.4-like)
ERR5964897,Delta,AY.4,Delta (AY.4-like)
ERR5964899,Delta,AY.4,Delta (AY.4-like)
ERR5964900,Delta,AY.4,Delta (AY.4-like)
ERR5964901,Delta,AY.4,Delta (AY.4-like)
ERR5964909,Delta,AY.4,Delta (AY.4-like)
ERR5964911,Delta,AY.4,Delta (AY.4-like)
ERR5964913,Alpha,B.1.1.7,Alpha (B.1.1.7-like)
ERR5964916,Alpha,B.1.1.7,Alpha (B.1.1.7-like)
ERR5964917,Delta,AY.4,Delta (AY.4-like)
ERR5964918,Alpha,B.1.1.7,Alpha (B.1.1.7-like)
ERR5964919,Alpha,B.1.1.7,Alpha (B.1.1.7-like)
ERR5964920,Delta,AY.4,Delta (AY.4-like)
ERR5964921,Alpha,B.1.1.7,Alpha (B.1.1.7-like)
ERR5964923,Alpha,B.1.1.7,Alpha (B.1.1.7-like)
ERR5964930,Alpha,B.1.1.7,Alpha (B.1.1.7-like)
ERR5964932,Delta,AY.4,Delta (AY.4-like)
ERR5964933,Alpha,B.1.1.7,Alpha (B.1.1.7-like)
ERR5964934,Alpha,B.1.1.7,Alpha (B.1.1.7-like)
ERR5964935,Delta,AY.4,Delta (AY.4-like)
ERR5964936,Delta,AY.4,Delta (AY.4-like)
ERR5964937,Delta,AY.4,Delta (AY.4-like)
ERR5964938,Delta,AY.4,Delta (AY.4-like)
ERR5964941,Alpha,B.1.1.7,Alpha (B.1.1.7-like)
ERR5964950,Alpha,B.1.1.7,Alpha (B.1.1.7-like)
ERR5964954,Alpha,B.1.1.7,Alpha (B.1.1.7-like)
ERR5964956,Alpha,B.1.1.7,Alpha (B.1.1.7-like)
ERR5964958,Alpha,B.1.1.7,Alpha (B.1.1.7-like)
ERR5964959,Delta,AY.7,Delta (B.1.617.2-like)
ERR5964960,Delta,AY.4,Delta (AY.4-like)
ERR5964962,Delta,B.1.617.2,Delta (B.1.617.2-like)
ERR5964975,Delta,AY.4,Delta (AY.4-like)
ERR5964976,Alpha,B.1.1.7,Alpha (B.1.1.7-like)
ERR5964977,Delta,AY.4,Delta (AY.4-like)
ERR5964980,Alpha,B.1.1.7,Alpha (B.1.1.7-like)
ERR5964982,Delta,AY.4,Delta (AY.4-like)
ERR5964984,Delta,AY.4,Delta (AY.4-like)
ERR5964990,Delta,AY.4,Delta (AY.4-like)
ERR5964992,Delta,AY.4,Delta (AY.4-like)
ERR5964993,Delta,AY.4,Delta (AY.4-like)
ERR5964996,Delta,B.1.617.2,Delta (B.1.617.2-like)
ERR5964997,Delta,AY.4,Delta (AY.4-like)
ERR5964998,Delta,AY.4,Delta (AY.4-like)
ERR5965003,Delta,AY.4,Delta (AY.4-like)
ERR5965004,Alpha,B.1.1.7,Alpha (B.1.1.7-like)
ERR5965005,Alpha,B.1.1.7,Alpha (B.1.1.7-like)
ERR5965013,Delta,AY.10,Delta (B.1.617.2-like)
ERR5965015,Delta,B.1.617.2,Delta (B.1.617.2-like)
ERR5965017,Alpha,B.1.1.7,Alpha (B.1.1.7-like)
ERR5965019,Delta,AY.4,Delta (AY.4-like)
ERR5965021,Alpha,B.1.1.7,Alpha (B.1.1.7-like)
ERR5965025,Alpha,B.1.1.7,Alpha (B.1.1.7-like)
ERR5965027,Alpha,B.1.1.7,Alpha (B.1.1.7-like)
ERR5965029,Alpha,B.1.1.7,Alpha (B.1.1.7-like)
ERR5965037,Alpha,B.1.1.7,Alpha (B.1.1.7-like)
ERR5965038,Alpha,B.1.1.7,Alpha (B.1.1.7-like)
ERR5965040,Delta,AY.4,Delta (AY.4-like)
ERR5965042,Delta,AY.120,Delta (B.1.617.2-like)
ERR5965045,Delta,AY.120,Delta (B.1.617.2-like)
ERR5965047,Alpha,B.1.1.7,Alpha (B.1.1.7-like)
ERR5965049,Delta,AY.120,Delta (B.1.617.2-like)
ERR5965060,Alpha,B.1.1.7,Alpha (B.1.1.7-like)
ERR5965062,Alpha,B.1.1.7,Alpha (B.1.1.7-like)
ERR5965064,Alpha,B.1.1.7,Alpha (B.1.1.7-like)
ERR5965066,Alpha,B.1.1.7,Alpha (B.1.1.7-like)
ERR5965069,Delta,AY.4,Delta (AY.4-like)
ERR5965071,Alpha,B.1.1.7,Alpha (B.1.1.7-like)
ERR5965091,Alpha,B.1.1.7,Alpha (B.1.1.7-like)
ERR5965092,Delta,AY.4,Delta (AY.4-like)
ERR5965093,Alpha,B.1.1.7,Alpha (B.1.1.7-like)
ERR5965095,Delta,AY.4,Delta (AY.4-like)
ERR5965097,Delta,AY.4,Delta (AY.4-like)
ERR5965099,Delta,AY.4,Delta (AY.4-like)
ERR5965101,Alpha,B.1.1.7,Alpha (B.1.1.7-like)
ERR5965103,Alpha,B.1.1.7,Alpha (B.1.1.7-like)
ERR5965105,Delta,AY.4,Delta (AY.4-like)
ERR5965120,Alpha,B.1.1.7,Alpha (B.1.1.7-like)
ERR5965122,Alpha,B.1.1.7,Alpha (B.1.1.7-like)
ERR5965124,Alpha,B.1.1.7,Alpha (B.1.1.7-like)
ERR5965126,Alpha,B.1.1.7,Alpha (B.1.1.7-like)
ERR5965128,Alpha,B.1.1.7,Alpha (B.1.1.7-like)
ERR5965130,Alpha,B.1.1.7,Alpha (B.1.1.7-like)
ERR5965132,Alpha,B.1.1.7,Alpha (B.1.1.7-like)
ERR5965134,Delta,AY.4,Delta (AY.4-like)
ERR5965135,Alpha,B.1.1.7,Alpha (B.1.1.7-like)
ERR5965140,Delta,AY.6,Delta (B.1.617.2-like)
ERR5965144,Delta,AY.4,Delta (AY.4-like)
ERR5965145,Alpha,B.1.1.7,Alpha (B.1.1.7-like)
ERR5965147,Delta,AY.4,Delta (AY.4-like)
ERR5965148,Delta,AY.4,Delta (AY.4-like)
ERR5965153,Alpha,B.1.1.7,Alpha (B.1.1.7-like)
ERR5965155,Delta,AY.98,Delta (B.1.617.2-like)
ERR5965156,Alpha,B.1.1.7,Alpha (B.1.1.7-like)
ERR5965158,Alpha,B.1.1.7,Alpha (B.1.1.7-like)
ERR5965160,Alpha,B.1.1.7,Alpha (B.1.1.7-like)
ERR5965162,Alpha,B.1.1.7,Alpha (B.1.1.7-like)
ERR5965165,Alpha,B.1.1.7,Alpha (B.1.1.7-like)
ERR5965174,Alpha,B.1.1.7,Alpha (B.1.1.7-like)
ERR5965181,Alpha,B.1.1.7,Alpha (B.1.1.7-like)
ERR5965185,Delta,AY.4,Delta (AY.4-like)
ERR5965191,Delta,AY.4,Delta (AY.4-like)
ERR5965193,Delta,AY.4,Delta (AY.4-like)
ERR5965199,Alpha,B.1.1.7,Alpha (B.1.1.7-like)
ERR5965201,Delta,AY.8,Delta (B.1.617.2-like)
ERR5965208,Delta,AY.4,Delta (AY.4-like)
ERR5965211,Delta,AY.4,Delta (AY.4-like)
ERR5965213,Delta,AY.4,Delta (AY.4-like)
ERR5965215,Delta,AY.4,Delta (AY.4-like)
ERR5965218,Delta,AY.4,Delta (AY.4-like)
ERR5965220,Alpha,B.1.1.7,Alpha (B.1.1.7-like)
ERR5965225,Alpha,B.1.1.7,Alpha (B.1.1.7-like)
ERR5965229,Alpha,B.1.1.7,Alpha (B.1.1.7-like)
ERR5965235,Alpha,B.1.1.7,Alpha (B.1.1.7-like)
ERR5965236,Delta,AY.8,Delta (B.1.617.2-like)
ERR5965238,Alpha,B.1.1.7,Alpha (B.1.1.7-like)
ERR5965239,Delta,AY.9,Delta (B.1.617.2-like)
ERR5965240,Alpha,B.1.1.7,Alpha (B.1.1.7-like)
ERR5965244,Alpha,B.1.1.7,Alpha (B.1.1.7-like)
ERR5965248,Alpha,B.1.1.7,Alpha (B.1.1.7-like)
ERR5965250,Alpha,B.1.1.7,Alpha (B.1.1.7-like)
ERR5965258,Alpha,B.1.1.7,Alpha (B.1.1.7-like)
ERR5965260,Delta,AY.4,Delta (AY.4-like)
ERR5965266,Alpha,B.1.1.7,Alpha (B.1.1.7-like)
ERR5965269,Alpha,B.1.1.7,Alpha (B.1.1.7-like)
ERR5965272,Alpha,B.1.1.7,Alpha (B.1.1.7-like)
ERR5965273,Alpha,B.1.1.7,Alpha (B.1.1.7-like)
ERR5965275,Delta,AY.4,Delta (AY.4-like)
ERR5965277,Delta,AY.4,Delta (AY.4-like)
ERR5965280,Alpha,B.1.1.7,Alpha (B.1.1.7-like)
ERR5965283,Alpha,B.1.1.7,Alpha (B.1.1.7-like)
ERR5965289,Delta,AY.8,Delta (B.1.617.2-like)
ERR5965292,Alpha,B.1.1.7,Alpha (B.1.1.7-like)
ERR5965295,Alpha,B.1.1.7,Alpha (B.1.1.7-like)
ERR5965298,Delta,AY.4,Delta (AY.4-like)
ERR5965300,Alpha,B.1.1.7,Alpha (B.1.1.7-like)
ERR5965302,Alpha,B.1.1.7,Alpha (B.1.1.7-like)
ERR5965304,Delta,AY.4,Delta (AY.4-like)
ERR5965309,Alpha,B.1.1.7,Alpha (B.1.1.7-like)
ERR5965321,Alpha,B.1.1.7,Alpha (B.1.1.7-like)
ERR5965323,Delta,AY.4,Delta (AY.4-like)
ERR5965325,Delta,AY.98,Delta (B.1.617.2-like)
ERR5965327,Delta,AY.4,Delta (AY.4-like)
ERR5965329,Alpha,B.1.1.7,Alpha (B.1.1.7-like)
ERR5965333,Delta,AY.4,Delta (AY.4-like)
ERR5965335,Delta,AY.4,Delta (AY.4-like)
ERR5965350,Alpha,B.1.1.7,Alpha (B.1.1.7-like)
ERR5965351,Alpha,B.1.1.7,Alpha (B.1.1.7-like)
ERR5965353,Alpha,B.1.1.7,Alpha (B.1.1.7-like)
ERR5965354,Alpha,B.1.1.7,Alpha (B.1.1.7-like)
ERR5965356,Alpha,B.1.1.7,Alpha (B.1.1.7-like)
ERR5965361,Alpha,B.1.1.7,Alpha (B.1.1.7-like)
ERR5965363,Alpha,B.1.1.7,Alpha (B.1.1.7-like)
ERR5965370,Delta,AY.8,Delta (B.1.617.2-like)
ERR5965377,Alpha,B.1.1.7,Alpha (B.1.1.7-like)
ERR5965382,Alpha,B.1.1.7,Alpha (B.1.1.7-like)
ERR5965384,Alpha,B.1.1.7,Alpha (B.1.1.7-like)
ERR5965386,Delta,AY.4,Delta (AY.4-like)
ERR5965388,Delta,AY.4,Delta (AY.4-like)
ERR5965390,Alpha,B.1.1.7,Alpha (B.1.1.7-like)
ERR5965392,Alpha,B.1.1.7,Alpha (B.1.1.7-like)
ERR5965394,Alpha,B.1.1.7,Alpha (B.1.1.7-like)
ERR5965402,Delta,B.1.617.2,Delta (B.1.617.2-like)
ERR5965411,Delta,AY.4,Delta (AY.4-like)
ERR5965412,Alpha,B.1.1.7,Alpha (B.1.1.7-like)
ERR5965414,Alpha,B.1.1.7,Alpha (B.1.1.7-like)
ERR5965418,Alpha,B.1.1.7,Alpha (B.1.1.7-like)
ERR5965427,Alpha,B.1.1.7,Alpha (B.1.1.7-like)
ERR5965430,Alpha,B.1.1.7,Alpha (B.1.1.7-like)
ERR5965432,Alpha,B.1.1.7,Alpha (B.1.1.7-like)
ERR5965442,Delta,AY.4,Delta (AY.4-like)
ERR5965444,Alpha,B.1.1.7,Alpha (B.1.1.7-like)
ERR5965446,Delta,AY.4,Delta (AY.4-like)
ERR5965448,Delta,AY.4,Delta (AY.4-like)
ERR5965450,Alpha,B.1.1.7,Alpha (B.1.1.7-like)
ERR5965452,Alpha,B.1.1.7,Alpha (B.1.1.7-like)
ERR5965454,Delta,AY.4,Delta (AY.4-like)
ERR5965456,Delta,AY.9,Delta (B.1.617.2-like)
ERR5965464,Alpha,B.1.1.7,Alpha (B.1.1.7-like)
ERR5965471,Alpha,B.1.1.7,Alpha (B.1.1.7-like)
ERR5965473,Alpha,B.1.1.7,Alpha (B.1.1.7-like)
ERR5965474,Delta,AY.4,Delta (AY.4-like)
ERR5965475,Delta,AY.4,Delta (AY.4-like)
ERR5965477,Delta,AY.4,Delta (AY.4-like)
ERR5965479,Alpha,B.1.1.7,Alpha (B.1.1.7-like)
ERR5965480,Delta,B.1.617.2,Delta (B.1.617.2-like)
ERR5965481,Alpha,B.1.1.7,Alpha (B.1.1.7-like)
ERR5965493,Alpha,B.1.1.7,Alpha (B.1.1.7-like)
ERR5965495,Alpha,B.1.1.7,Alpha (B.1.1.7-like)
ERR5965509,Alpha,B.1.1.7,Alpha (B.1.1.7-like)
ERR5965510,Alpha,B.1.1.7,Alpha (B.1.1.7-like)
ERR5965516,Delta,AY.4,Delta (AY.4-like)
ERR5965520,Delta,AY.4,Delta (AY.4-like)
ERR5965521,Delta,AY.4,Delta (AY.4-like)
ERR5965530,Delta,AY.4,Delta (AY.4-like)
ERR5965532,Delta,AY.4,Delta (AY.4-like)
ERR5965534,Alpha,B.1.1.7,Alpha (B.1.1.7-like)
ERR5965537,Delta,B.1.617.2,Delta (B.1.617.2-like)
ERR5965539,Alpha,B.1.1.7,Alpha (B.1.1.7-like)
ERR5965544,Delta,AY.4,Delta (AY.4-like)
ERR5965551,Alpha,B.1.1.7,Alpha (B.1.1.7-like)
ERR5965553,Alpha,B.1.1.7,Alpha (B.1.1.7-like)
ERR5965555,Alpha,B.1.1.7,Alpha (B.1.1.7-like)
ERR5965557,Alpha,B.1.1.7,Alpha (B.1.1.7-like)
ERR5965559,Alpha,B.1.1.7,Alpha (B.1.1.7-like)
ERR5965562,Delta,AY.5,Delta (B.1.617.2-like)
ERR5965567,Delta,AY.4,Delta (AY.4-like)
ERR5965568,Alpha,B.1.1.7,Alpha (B.1.1.7-like)
ERR5965573,Delta,AY.4,Delta (AY.4-like)
ERR5965574,Delta,AY.4,Delta (AY.4-like)
ERR5965581,Alpha,B.1.1.7,Alpha (B.1.1.7-like)
ERR5965583,Delta,AY.4,Delta (AY.4-like)
ERR5965592,Delta,AY.4,Delta (AY.4-like)
ERR5965600,Delta,AY.4,Delta (AY.4-like)
ERR5965604,Delta,AY.4,Delta (AY.4-like)
ERR5965605,Alpha,B.1.1.7,Alpha (B.1.1.7-like)
ERR5965609,Alpha,B.1.1.7,Alpha (B.1.1.7-like)
ERR5965613,Alpha,B.1.1.7,Alpha (B.1.1.7-like)
ERR5965615,Delta,AY.4,Delta (AY.4-like)
ERR5965617,Alpha,B.1.1.7,Alpha (B.1.1.7-like)
ERR5965620,Delta,AY.4,Delta (AY.4-like)
ERR5965621,Delta,AY.4,Delta (AY.4-like)
ERR5965624,Delta,AY.4,Delta (AY.4-like)
ERR5965626,Delta,AY.4,Delta (AY.4-like)
ERR5965631,Delta,AY.4,Delta (AY.4-like)
ERR5965637,Alpha,B.1.1.7,Alpha (B.1.1.7-like)
ERR5965638,Delta,AY.4,Delta (AY.4-like)
ERR5965641,Alpha,B.1.1.7,Alpha (B.1.1.7-like)
ERR5965643,Delta,AY.4,Delta (AY.4-like)
ERR5965648,Alpha,B.1.1.7,Alpha (B.1.1.7-like)
ERR5965661,Delta,AY.4,Delta (AY.4-like)
ERR5965663,Delta,AY.4,Delta (AY.4-like)
ERR5965665,Delta,AY.4,Delta (AY.4-like)
ERR5965666,Delta,AY.4,Delta (AY.4-like)
ERR5965668,Alpha,B.1.1.7,Alpha (B.1.1.7-like)
ERR5965670,Delta,AY.4,Delta (AY.4-like)
ERR5965672,Delta,AY.4,Delta (AY.4-like)
ERR5965678,Delta,AY.4,Delta (AY.4-like)
ERR5965681,Delta,AY.9,Delta (B.1.617.2-like)
ERR5965692,Delta,AY.4,Delta (AY.4-like)
ERR5965695,Delta,AY.4,Delta (AY.4-like)
ERR5965697,Delta,AY.4,Delta (AY.4-like)
ERR5965698,Alpha,B.1.1.7,Alpha (B.1.1.7-like)
ERR5965699,Delta,AY.4,Delta (AY.4-like)
ERR5965715,Alpha,B.1.1.7,Alpha (B.1.1.7-like)
ERR5965716,Delta,AY.98,Delta (B.1.617.2-like)
ERR5965717,Alpha,B.1.1.7,Alpha (B.1.1.7-like)
ERR5965719,Delta,AY.4,Delta (AY.4-like)
ERR5965725,Delta,AY.4,Delta (AY.4-like)
ERR5965761,Alpha,B.1.1.7,Alpha (B.1.1.7-like)
ERR5965764,Alpha,B.1.1.7,Alpha (B.1.1.7-like)
ERR5965765,Alpha,B.1.1.7,Alpha (B.1.1.7-like)
ERR5965789,Alpha,B.1.1.7,Alpha (B.1.1.7-like)
ERR5965795,Delta,AY.4,Delta (AY.4-like)
ERR5965799,Delta,B.1.617.2,Delta (B.1.617.2-like)
ERR5965804,Delta,AY.4,Delta (AY.4-like)
ERR5965806,Delta,B.1.617.2,Delta (B.1.617.2-like)
ERR5965808,Delta,AY.4,Delta (AY.4-like)
ERR5965809,Alpha,B.1.1.7,Alpha (B.1.1.7-like)
ERR5965813,Delta,AY.4,Delta (AY.4-like)
ERR5965819,Delta,AY.5,Delta (B.1.617.2-like)
ERR5965822,Delta,AY.4,Delta (AY.4-like)
ERR5965823,Alpha,B.1.1.7,Alpha (B.1.1.7-like)
ERR5966276,Alpha,B.1.1.7,Alpha (B.1.1.7-like)
ERR5966291,Alpha,B.1.1.7,Alpha (B.1.1.7-like)
ERR5966294,Alpha,B.1.1.7,Alpha (B.1.1.7-like)
ERR5966300,Delta,AY.4,Delta (AY.4-like)
ERR5966384,Delta,AY.4,Delta (AY.4-like)
ERR5966386,Delta,AY.4,Delta (AY.4-like)
ERR5966452,Delta,AY.4,Delta (AY.4-like)
ERR5966454,Delta,AY.4,Delta (AY.4-like)
ERR5966464,Delta,AY.4,Delta (AY.4-like)
ERR5966478,Delta,AY.4,Delta (AY.4-like)
ERR5966480,Delta,AY.4,Delta (AY.4-like)
ERR5966490,Delta,AY.4,Delta (AY.4-like)
ERR5966783,Alpha,B.1.1.7,Alpha (B.1.1.7-like)
ERR5966784,Alpha,B.1.1.7,Alpha (B.1.1.7-like)
ERR5966786,Alpha,B.1.1.7,Alpha (B.1.1.7-like)
ERR5966790,Alpha,B.1.1.7,Alpha (B.1.1.7-like)
ERR5966791,Alpha,B.1.1.7,Alpha (B.1.1.7-like)
ERR5966797,Delta,AY.4,Delta (AY.4-like)
ERR5966799,Delta,AY.9,Delta (B.1.617.2-like)
ERR5966801,Delta,AY.9,Delta (B.1.617.2-like)
ERR5966803,Delta,B.1.617.2,Delta (B.1.617.2-like)
ERR5966805,Delta,AY.4,Delta (AY.4-like)
ERR5970733,Alpha,B.1.1.7,Alpha (B.1.1.7-like)
ERR5970748,Alpha,B.1.1.7,Alpha (B.1.1.7-like)
ERR5971148,Alpha,B.1.1.7,Alpha (B.1.1.7-like)
ERR5971418,Alpha,B.1.1.7,Alpha (B.1.1.7-like)
ERR5971874,Delta,AY.4,Delta (AY.4-like)
ERR5972198,Alpha,B.1.1.7,Alpha (B.1.1.7-like)
ERR5972503,Alpha,B.1.1.7,Alpha (B.1.1.7-like)
ERR5972552,Alpha,B.1.1.7,Alpha (B.1.1.7-like)
ERR5972750,Delta,AY.5,Delta (B.1.617.2-like)
ERR5972864,Alpha,B.1.1.7,Alpha (B.1.1.7-like)
ERR5981395,Alpha,B.1.1.7,Alpha (B.1.1.7-like)
ERR5981401,Delta,AY.7,Delta (B.1.617.2-like)
ERR5981406,Alpha,B.1.1.7,Alpha (B.1.1.7-like)
ERR5981410,Alpha,B.1.1.7,Alpha (B.1.1.7-like)
ERR5981416,Alpha,B.1.1.7,Alpha (B.1.1.7-like)
ERR5981425,Alpha,B.1.1.7,Alpha (B.1.1.7-like)
ERR5981429,Delta,AY.4,Delta (AY.4-like)
ERR5981431,Alpha,B.1.1.7,Alpha (B.1.1.7-like)
ERR5981439,Alpha,B.1.1.7,Alpha (B.1.1.7-like)
ERR5981443,Delta,AY.4,Delta (AY.4-like)
ERR5981488,Delta,AY.4,Delta (AY.4-like)
ERR5981518,Alpha,B.1.1.7,Alpha (B.1.1.7-like)
ERR5981550,Alpha,B.1.1.7,Alpha (B.1.1.7-like)
ERR5981606,Delta,AY.4,Delta (AY.4-like)
ERR5981687,Alpha,B.1.1.7,Alpha (B.1.1.7-like)
ERR5981701,Delta,AY.4,Delta (AY.4-like)
ERR5989016,Delta,AY.8,Delta (B.1.617.2-like)
ERR5989051,Alpha,B.1.1.7,Alpha (B.1.1.7-like)
ERR5989114,Alpha,B.1.1.7,Alpha (B.1.1.7-like)
ERR5989156,Delta,B.1.617.2,Delta (B.1.617.2-like)
ERR5989209,Alpha,B.1.1.7,Alpha (B.1.1.7-like)
ERR5989228,Alpha,B.1.1.7,Alpha (B.1.1.7-like)
ERR5989322,Alpha,B.1.1.7,Alpha (B.1.1.7-like)
ERR5989344,Alpha,B.1.1.7,Alpha (B.1.1.7-like)
ERR5989358,Alpha,B.1.1.7,Alpha (B.1.1.7-like)
ERR5989439,Delta,B.1.617.2,Delta (B.1.617.2-like)
ERR5989483,Alpha,B.1.1.7,Alpha (B.1.1.7-like)
ERR5989507,Alpha,B.1.1.7,Alpha (B.1.1.7-like)
ERR5989515,Alpha,B.1.1.7,Alpha (B.1.1.7-like)
ERR5989538,Alpha,B.1.1.7,Alpha (B.1.1.7-like)
ERR5989567,Alpha,B.1.1.7,Alpha (B.1.1.7-like)
ERR5989570,Alpha,B.1.1.7,Alpha (B.1.1.7-like)
ERR5989598,Alpha,B.1.1.7,Alpha (B.1.1.7-like)
ERR5989615,Alpha,B.1.1.7,Alpha (B.1.1.7-like)
ERR5989630,Alpha,B.1.1.7,Alpha (B.1.1.7-like)
ERR5989648,Alpha,B.1.1.7,Alpha (B.1.1.7-like)
ERR5989657,Alpha,B.1.1.7,Alpha (B.1.1.7-like)
ERR5989815,Alpha,B.1.1.7,Alpha (B.1.1.7-like)
ERR5989826,Alpha,B.1.1.7,Alpha (B.1.1.7-like)
ERR5989833,Delta,AY.8,Delta (B.1.617.2-like)
ERR5989834,Alpha,B.1.1.7,Alpha (B.1.1.7-like)
ERR5990007,Alpha,B.1.1.7,Alpha (B.1.1.7-like)
ERR5990022,Alpha,B.1.1.7,Alpha (B.1.1.7-like)
ERR5990112,Delta,AY.9,Delta (B.1.617.2-like)
ERR5990141,Alpha,B.1.1.7,Alpha (B.1.1.7-like)
ERR5990165,Alpha,B.1.1.7,Alpha (B.1.1.7-like)
ERR5990175,Delta,B.1.617.2,Delta (B.1.617.2-like)
ERR5990206,Alpha,B.1.1.7,Alpha (B.1.1.7-like)
ERR5990213,Alpha,B.1.1.7,Alpha (B.1.1.7-like)
ERR5990246,Delta,AY.122,Delta (B.1.617.2-like)
ERR5990266,Alpha,B.1.1.7,Alpha (B.1.1.7-like)
ERR5990287,Alpha,B.1.1.7,Alpha (B.1.1.7-like)
ERR5990437,Alpha,B.1.1.7,Alpha (B.1.1.7-like)
ERR5990479,Delta,AY.4,Delta (AY.4-like)
ERR5990496,Alpha,B.1.1.7,Alpha (B.1.1.7-like)
ERR5990516,Alpha,B.1.1.7,Alpha (B.1.1.7-like)
ERR5990620,Alpha,B.1.1.7,Alpha (B.1.1.7-like)
ERR5990714,Alpha,B.1.1.7,Alpha (B.1.1.7-like)
ERR5990767,Alpha,B.1.1.7,Alpha (B.1.1.7-like)
ERR5990787,Alpha,B.1.1.7,Alpha (B.1.1.7-like)
ERR5990800,Alpha,B.1.1.7,Alpha (B.1.1.7-like)
ERR5990866,Alpha,B.1.1.7,Alpha (B.1.1.7-like)
ERR5990897,Alpha,B.1.1.7,Alpha (B.1.1.7-like)
ERR5990935,Alpha,B.1.1.7,Alpha (B.1.1.7-like)
ERR5990955,Alpha,B.1.1.7,Alpha (B.1.1.7-like)
ERR5990986,Alpha,B.1.1.7,Alpha (B.1.1.7-like)
ERR5990992,Alpha,B.1.1.7,Alpha (B.1.1.7-like)
ERR5991038,Alpha,B.1.1.7,Alpha (B.1.1.7-like)
ERR5991071,Alpha,B.1.1.7,Alpha (B.1.1.7-like)
ERR5991094,Alpha,B.1.1.7,Alpha (B.1.1.7-like)
ERR5991105,Delta,AY.111,Delta (B.1.617.2-like)
ERR5991149,Alpha,B.1.1.7,Alpha (B.1.1.7-like)
ERR5991209,Alpha,B.1.1.7,Alpha (B.1.1.7-like)
ERR5991258,Alpha,B.1.1.7,Alpha (B.1.1.7-like)
ERR5991283,Alpha,B.1.1.7,Alpha (B.1.1.7-like)
ERR5991285,Alpha,B.1.1.7,Alpha (B.1.1.7-like)
ERR5991287,Alpha,B.1.1.7,Alpha (B.1.1.7-like)
ERR5991307,Alpha,B.1.1.7,Alpha (B.1.1.7-like)
ERR5991353,Delta,AY.122,Delta (B.1.617.2-like)
ERR5991480,Alpha,B.1.1.7,Alpha (B.1.1.7-like)
ERR5991574,Alpha,B.1.1.7,Alpha (B.1.1.7-like)
ERR5991600,Alpha,B.1.1.7,Alpha (B.1.1.7-like)
ERR5991603,Alpha,B.1.1.7,Alpha (B.1.1.7-like)
ERR5991610,Alpha,B.1.1.7,Alpha (B.1.1.7-like)
ERR5991676,Alpha,B.1.1.7,Alpha (B.1.1.7-like)
ERR5991732,Alpha,B.1.1.7,Alpha (B.1.1.7-like)
ERR5991738,Alpha,B.1.1.7,Alpha (B.1.1.7-like)
ERR5991780,Alpha,B.1.1.7,Alpha (B.1.1.7-like)
ERR5991847,Alpha,B.1.1.7,Alpha (B.1.1.7-like)
ERR5991872,Alpha,B.1.1.7,Alpha (B.1.1.7-like)
ERR5991873,Alpha,B.1.1.7,Alpha (B.1.1.7-like)
ERR5991936,Alpha,B.1.1.7,Alpha (B.1.1.7-like)
ERR5991965,Alpha,B.1.1.7,Alpha (B.1.1.7-like)
ERR5992093,Alpha,B.1.1.7,Alpha (B.1.1.7-like)
ERR5992117,Alpha,B.1.1.7,Alpha (B.1.1.7-like)
ERR5992138,Alpha,B.1.1.7,Alpha (B.1.1.7-like)
ERR5992154,Alpha,B.1.1.7,Alpha (B.1.1.7-like)
ERR5992159,Alpha,B.1.1.7,Alpha (B.1.1.7-like)
ERR5993403,Alpha,B.1.1.7,Alpha (B.1.1.7-like)
ERR5993439,Delta,AY.4,Delta (AY.4-like)
ERR5993644,Delta,AY.4,Delta (AY.4-like)
ERR5993855,Delta,AY.4,Delta (AY.4-like)
ERR5993918,Alpha,B.1.1.7,Alpha (B.1.1.7-like)
ERR5994033,Delta,AY.4,Delta (AY.4-like)
ERR5994140,Delta,AY.4,Delta (AY.4-like)
ERR5994263,Alpha,B.1.1.7,Alpha (B.1.1.7-like)
ERR5994341,Alpha,B.1.1.7,Alpha (B.1.1.7-like)
ERR5994346,Delta,AY.4,Delta (AY.4-like)
ERR5995227,Delta,AY.4,Delta (AY.4-like)
ERR5995364,Delta,AY.4,Delta (AY.4-like)
ERR5995365,Delta,AY.4,Delta (AY.4-like)
ERR5995776,Delta,AY.4,Delta (AY.4-like)
ERR5995793,Delta,AY.4,Delta (AY.4-like)
ERR5995822,Alpha,B.1.1.7,Alpha (B.1.1.7-like)
ERR5995827,Delta,AY.4,Delta (AY.4-like)
ERR5995843,Alpha,B.1.1.7,Alpha (B.1.1.7-like)
ERR5995898,Delta,AY.4,Delta (AY.4-like)
ERR5995900,Delta,AY.4,Delta (AY.4-like)
ERR5995903,Delta,AY.4,Delta (AY.4-like)
ERR5995906,Delta,AY.4,Delta (AY.4-like)
ERR5995908,Delta,AY.4,Delta (AY.4-like)
ERR5995925,Delta,AY.4,Delta (AY.4-like)
ERR5995927,Delta,AY.4,Delta (AY.4-like)
ERR5995929,Delta,AY.4,Delta (AY.4-like)
ERR5995931,Delta,AY.4,Delta (AY.4-like)
ERR5995933,Delta,AY.4,Delta (AY.4-like)
ERR5995935,Delta,AY.4,Delta (AY.4-like)
ERR5995937,Alpha,B.1.1.7,Alpha (B.1.1.7-like)
ERR5995939,Delta,AY.4,Delta (AY.4-like)
ERR5995956,Alpha,B.1.1.7,Alpha (B.1.1.7-like)
ERR5995958,Delta,AY.4,Delta (AY.4-like)
ERR5995960,Delta,AY.4,Delta (AY.4-like)
ERR5995962,Delta,AY.4,Delta (AY.4-like)
ERR5995964,Delta,AY.4,Delta (AY.4-like)
ERR5995966,Delta,AY.4,Delta (AY.4-like)
ERR5995968,Delta,AY.4,Delta (AY.4-like)
ERR5995971,Delta,AY.4,Delta (AY.4-like)
ERR5995985,Delta,B.1.617.2,Delta (B.1.617.2-like)
ERR5995986,Alpha,B.1.1.7,Alpha (B.1.1.7-like)
ERR5995987,Alpha,B.1.1.7,Alpha (B.1.1.7-like)
ERR5995989,Delta,AY.4,Delta (AY.4-like)
ERR5995990,Delta,AY.4,Delta (AY.4-like)
ERR5995992,Delta,AY.4,Delta (AY.4-like)
ERR5995993,Delta,B.1.617.2,Delta (B.1.617.2-like)
ERR5995994,Alpha,B.1.1.7,Alpha (B.1.1.7-like)
ERR5995997,Alpha,B.1.1.7,Alpha (B.1.1.7-like)
ERR5995999,Delta,AY.4,Delta (AY.4-like)
ERR5996015,Alpha,B.1.1.7,Alpha (B.1.1.7-like)
ERR5996016,Delta,AY.4,Delta (AY.4-like)
ERR5996017,Delta,AY.4,Delta (AY.4-like)
ERR5996018,Delta,AY.4,Delta (AY.4-like)
ERR5996019,Delta,AY.4,Delta (AY.4-like)
ERR5996020,Delta,AY.4,Delta (AY.4-like)
ERR5996021,Delta,AY.4,Delta (AY.4-like)
ERR5996022,Delta,AY.4,Delta (AY.4-like)
ERR5996024,Delta,AY.4,Delta (AY.4-like)
ERR5996025,Delta,AY.4,Delta (AY.4-like)
ERR5996027,Delta,AY.4,Delta (AY.4-like)
ERR5996029,Delta,AY.4,Delta (AY.4-like)
ERR5996030,Delta,AY.4,Delta (AY.4-like)
ERR5996047,Delta,AY.4,Delta (AY.4-like)
ERR5996048,Delta,AY.4,Delta (AY.4-like)
ERR5996050,Delta,AY.4,Delta (AY.4-like)
ERR5996051,Alpha,B.1.1.7,Alpha (B.1.1.7-like)
ERR5996052,Delta,AY.4,Delta (AY.4-like)
ERR5996053,Delta,AY.4,Delta (AY.4-like)
ERR5996054,Delta,AY.4,Delta (AY.4-like)
ERR5996055,Delta,AY.4,Delta (AY.4-like)
ERR5996057,Delta,AY.4,Delta (AY.4-like)
ERR5996058,Alpha,B.1.1.7,Alpha (B.1.1.7-like)
ERR5996060,Delta,AY.4,Delta (AY.4-like)
ERR5996061,Delta,AY.4,Delta (AY.4-like)
ERR5996077,Delta,B.1.617.2,Delta (B.1.617.2-like)
ERR5996078,Delta,B.1.617.2,Delta (B.1.617.2-like)
ERR5996079,Delta,AY.4,Delta (AY.4-like)
ERR5996080,Delta,AY.4,Delta (AY.4-like)
ERR5996081,Delta,AY.4,Delta (AY.4-like)
ERR5996082,Delta,AY.4,Delta (AY.4-like)
ERR5996083,Delta,AY.4,Delta (AY.4-like)
ERR5996084,Delta,AY.4,Delta (AY.4-like)
ERR5996085,Delta,AY.4,Delta (AY.4-like)
ERR5996086,Delta,AY.4,Delta (AY.4-like)
ERR5996087,Delta,AY.4,Delta (AY.4-like)
ERR5996088,Delta,AY.4,Delta (AY.4-like)
ERR5996089,Delta,AY.4,Delta (AY.4-like)
ERR5996090,Delta,AY.4,Delta (AY.4-like)
ERR5996092,Delta,AY.4,Delta (AY.4-like)
ERR5996656,Alpha,B.1.1.7,Alpha (B.1.1.7-like)
ERR6007721,Delta,AY.10,Delta (B.1.617.2-like)
ERR6008912,Delta,AY.4,Delta (AY.4-like)
ERR6008959,Delta,AY.4,Delta (AY.4-like)
ERR6009113,Delta,AY.4,Delta (AY.4-like)
ERR6009145,Delta,AY.4,Delta (AY.4-like)
ERR6009153,Delta,AY.4,Delta (AY.4-like)
ERR6058933,Alpha,B.1.1.7,Alpha (B.1.1.7-like)
ERR6059393,Alpha,B.1.1.7,Alpha (B.1.1.7-like)
ERR6060204,Alpha,B.1.1.7,Alpha (B.1.1.7-like)
ERR6060812,Alpha,B.1.1.7,Alpha (B.1.1.7-like)
ERR6062046,Alpha,B.1.1.7,Alpha (B.1.1.7-like)
ERR6062051,Alpha,B.1.1.7,Alpha (B.1.1.7-like)
ERR6064437,Alpha,B.1.1.7,Alpha (B.1.1.7-like)
ERR6064588,Delta,AY.10,Delta (B.1.617.2-like)
ERR6136344,Delta,AY.4,Delta (AY.4-like)
ERR6883067,Delta,AY.10,Delta (B.1.617.2-like)
