Run	date	type	cross	left_lineage	right_lineage	breakpoint
rec_00000	2021-05-16	recombinant	AlphaxDelta	Delta	Alpha	16919
rec_00001	2021-05-16	recombinant	AlphaxDelta	Delta	Alpha	17550
rec_00002	2021-05-16	recombinant	AlphaxDelta	Alpha	Delta	23460
rec_00003	2021-05-16	recombinant	AlphaxDelta	Delta	Alpha	15853
rec_00004	2021-05-16	recombinant	AlphaxDelta	Alpha	Delta	15362
rec_00005	2021-05-16	recombinant	AlphaxDelta	Delta	Alpha	4611
rec_00006	2021-05-16	recombinant	AlphaxDelta	Delta	Alpha	15575
rec_00007	2021-05-16	recombinant	AlphaxDelta	Delta	Alpha	15546
rec_00008	2021-05-16	recombinant	AlphaxDelta	Alpha	Delta	3632
rec_00009	2021-05-16	recombinant	AlphaxDelta	Alpha	Delta	24482
rec_00010	2021-05-16	recombinant	AlphaxDelta	Alpha	Delta	10078
rec_00011	2021-05-16	recombinant	AlphaxDelta	Alpha	Delta	2176
rec_00012	2021-05-16	recombinant	AlphaxDelta	Alpha	Delta	24639
rec_00013	2021-05-16	recombinant	AlphaxDelta	Delta	Alpha	21154
rec_00014	2021-05-16	recombinant	AlphaxDelta	Delta	Alpha	3745
rec_00015	2021-05-16	recombinant	AlphaxDelta	Alpha	Delta	2474
rec_00016	2021-05-16	recombinant	AlphaxDelta	Delta	Alpha	9394
rec_00017	2021-05-16	recombinant	AlphaxDelta	Delta	Alpha	22450
rec_00018	2021-05-16	recombinant	AlphaxDelta	Delta	Alpha	527
rec_00019	2021-05-16	recombinant	AlphaxDelta	Alpha	Delta	14369
rec_00020	2021-05-16	recombinant	AlphaxDelta	Alpha	Delta	24908
rec_00021	2021-05-16	recombinant	AlphaxDelta	Delta	Alpha	6131
rec_00022	2021-05-16	recombinant	AlphaxDelta	Delta	Alpha	4372
rec_00023	2021-05-16	recombinant	AlphaxDelta	Alpha	Delta	9900
rec_00024	2021-05-16	recombinant	AlphaxDelta	Delta	Alpha	13021
rec_00025	2021-05-16	recombinant	AlphaxDelta	Alpha	Delta	9257
rec_00026	2021-05-16	recombinant	AlphaxDelta	Delta	Alpha	2201
rec_00027	2021-05-16	recombinant	AlphaxDelta	Alpha	Delta	5951
rec_00028	2021-05-16	recombinant	AlphaxDelta	Delta	Alpha	14778
rec_00029	2021-05-16	recombinant	AlphaxDelta	Alpha	Delta	25034
rec_00030	2021-05-16	recombinant	AlphaxDelta	Delta	Alpha	19381
rec_00031	2021-05-16	recombinant	AlphaxDelta	Delta	Alpha	18338
rec_00032	2021-05-16	recombinant	AlphaxDelta	Alpha	Delta	16112
rec_00033	2021-05-16	recombinant	AlphaxDelta	Alpha	Delta	9989
rec_00034	2021-05-16	recombinant	AlphaxDelta	Delta	Alpha	25083
rec_00035	2021-05-16	recombinant	AlphaxDelta	Delta	Alpha	9226
rec_00036	2021-05-16	recombinant	AlphaxDelta	Delta	Alpha	10269
rec_00037	2021-05-16	recombinant	AlphaxDelta	Alpha	Delta	15478
rec_00038	2021-05-16	recombinant	AlphaxDelta	Alpha	Delta	27301
rec_00039	2021-05-16	recombinant	AlphaxDelta	Delta	Alpha	463
rec_00040	2021-05-16	recombinant	AlphaxDelta	Alpha	Delta	944
rec_00041	2021-05-16	recombinant	AlphaxDelta	Delta	Alpha	12622
rec_00042	2021-05-16	recombinant	AlphaxDelta	Delta	Alpha	427
rec_00043	2021-05-16	recombinant	AlphaxDelta	Alpha	Delta	15739
rec_00044	2021-05-16	recombinant	AlphaxDelta	Delta	Alpha	18531
rec_00045	2021-05-16	recombinant	AlphaxDelta	Alpha	Delta	19432
rec_00046	2021-05-16	recombinant	AlphaxDelta	Delta	Alpha	28656
rec_00047	2021-05-16	recombinant	AlphaxDelta	Delta	Alpha	2401
rec_00048	2021-05-16	recombinant	AlphaxDelta	Delta	Alpha	13207
rec_00049	2021-05-16	recombinant	AlphaxDelta	Delta	Alpha	12514
rec_00050	2021-05-16	recombinant	AlphaxDelta	Delta	Alpha	8722
rec_00051	2021-05-16	recombinant	AlphaxDelta	Delta	Alpha	19023
rec_00052	2021-05-16	recombinant	AlphaxDelta	Alpha	Delta	1420
rec_00053	2021-05-16	recombinant	AlphaxDelta	Delta	Alpha	26067
rec_00054	2021-05-16	recombinant	AlphaxDelta	Alpha	Delta	29090
rec_00055	2021-05-16	recombinant	AlphaxDelta	Alpha	Delta	19401
rec_00056	2021-05-16	recombinant	AlphaxDelta	Delta	Alpha	23935
rec_00057	2021-05-16	recombinant	AlphaxDelta	Delta	Alpha	7250
rec_00058	2021-05-16	recombinant	AlphaxDelta	Alpha	Delta	1649
rec_00059	2021-05-16	recombinant	AlphaxDelta	Alpha	Delta	22734
rec_00060	2021-05-16	recombinant	AlphaxDelta	Delta	Alpha	25769
rec_00061	2021-05-16	recombinant	AlphaxDelta	Delta	Alpha	11486
rec_00062	2021-05-16	recombinant	AlphaxDelta	Alpha	Delta	18576
rec_00063	2021-05-16	recombinant	AlphaxDelta	Delta	Alpha	28361
rec_00064	2021-05-16	recombinant	AlphaxDelta	Delta	Alpha	1064
rec_00065	2021-05-16	recombinant	AlphaxDelta	Alpha	Delta	18243
rec_00066	2021-05-16	recombinant	AlphaxDelta	Alpha	Delta	25395
rec_00067	2021-05-16	recombinant	AlphaxDelta	Alpha	Delta	26864
rec_00068	2021-05-16	recombinant	AlphaxDelta	Delta	Alpha	11933
rec_00069	2021-05-16	recombinant	AlphaxDelta	Alpha	Delta	25795
rec_00070	2021-05-16	recombinant	AlphaxDelta	Alpha	Delta	10308
rec_00071	2021-05-16	recombinant	AlphaxDelta	Delta	Alpha	15968
rec_00072	2021-05-16	recombinant	AlphaxDelta	Alpha	Delta	12258
rec_00073	2021-05-16	recombinant	AlphaxDelta	Alpha	Delta	5724
rec_00074	2021-05-16	recombinant	AlphaxDelta	Delta	Alpha	17788
rec_00075	2021-05-16	recombinant	AlphaxDelta	Alpha	Delta	6664
rec_00076	2021-05-16	recombinant	AlphaxDelta	Alpha	Delta	10978
rec_00077	2021-05-16	recombinant	AlphaxDelta	Alpha	Delta	16595
rec_00078	2021-05-16	recombinant	AlphaxDelta	Alpha	Delta	18961
rec_00079	2021-05-16	recombinant	AlphaxDelta	Alpha	Delta	26417
rec_00080	2021-05-16	recombinant	AlphaxDelta	Delta	Alpha	16193
rec_00081	2021-05-16	recombinant	AlphaxDelta	Alpha	Delta	11619
rec_00082	2021-05-16	recombinant	AlphaxDelta	Alpha	Delta	27057
rec_00083	2021-05-16	recombinant	AlphaxDelta	Delta	Alpha	6578
rec_00084	2021-05-16	recombinant	AlphaxDelta	Delta	Alpha	9052
rec_00085	2021-05-16	recombinant	AlphaxDelta	Alpha	Delta	5449
rec_00086	2021-05-16	recombinant	AlphaxDelta	Delta	Alpha	8589
rec_00087	2021-05-16	recombinant	AlphaxDelta	Delta	Alpha	17487
rec_00088	2021-05-16	recombinant	AlphaxDelta	Alpha	Delta	14275
rec_00089	2021-05-16	recombinant	AlphaxDelta	Delta	Alpha	7761
rec_00090	2021-05-16	recombinant	AlphaxDelta	Delta	Alpha	23470
rec_00091	2021-05-16	recombinant	AlphaxDelta	Alpha	Delta	9644
rec_00092	2021-05-16	recombinant	AlphaxDelta	Delta	Alpha	28423
rec_00093	2021-05-16	recombinant	AlphaxDelta	Delta	Alpha	4335
rec_00094	2021-05-16	recombinant	AlphaxDelta	Delta	Alpha	3252
rec_00095	2021-05-16	recombinant	AlphaxDelta	Alpha	Delta	17107
rec_00096	2021-05-16	recombinant	AlphaxDelta	Alpha	Delta	15448
rec_00097	2021-05-16	recombinant	AlphaxDelta	Alpha	Delta	25371
rec_00098	2021-05-16	recombinant	AlphaxDelta	Alpha	Delta	1998
rec_00099	2021-05-16	recombinant	AlphaxDelta	Delta	Alpha	29079
rec_00100	2021-05-16	recombinant	AlphaxDelta	Alpha	Delta	12514
rec_00101	2021-05-16	recombinant	AlphaxDelta	Alpha	Delta	12460
rec_00102	2021-05-16	recombinant	AlphaxDelta	Alpha	Delta	15218
rec_00103	2021-05-16	recombinant	AlphaxDelta	Alpha	Delta	12323
rec_00104	2021-05-16	recombinant	AlphaxDelta	Delta	Alpha	25053
rec_00105	2021-05-16	recombinant	AlphaxDelta	Alpha	Delta	17855
rec_00106	2021-05-16	recombinant	AlphaxDelta	Alpha	Delta	20388
rec_00107	2021-05-16	recombinant	AlphaxDelta	Alpha	Delta	7501
rec_00108	2021-05-16	recombinant	AlphaxDelta	Alpha	Delta	13818
rec_00109	2021-05-16	recombinant	AlphaxDelta	Delta	Alpha	18036
rec_00110	2021-05-16	recombinant	AlphaxDelta	Alpha	Delta	27373
rec_00111	2021-05-16	recombinant	AlphaxDelta	Alpha	Delta	24325
rec_00112	2021-05-16	recombinant	AlphaxDelta	Alpha	Delta	18525
rec_00113	2021-05-16	recombinant	AlphaxDelta	Alpha	Delta	7031
rec_00114	2021-05-16	recombinant	AlphaxDelta	Delta	Alpha	315
rec_00115	2021-05-16	recombinant	AlphaxDelta	Delta	Alpha	13731
rec_00116	2021-05-16	recombinant	AlphaxDelta	Delta	Alpha	25475
rec_00117	2021-05-16	recombinant	AlphaxDelta	Alpha	Delta	16665
rec_00118	2021-05-16	recombinant	AlphaxDelta	Delta	Alpha	29289
rec_00119	2021-05-16	recombinant	AlphaxDelta	Alpha	Delta	4596
rec_00120	2021-05-16	recombinant	AlphaxDelta	Delta	Alpha	17951
rec_00121	2021-05-16	recombinant	AlphaxDelta	Alpha	Delta	18984
rec_00122	2021-05-16	recombinant	AlphaxDelta	Alpha	Delta	1071
rec_00123	2021-05-16	recombinant	AlphaxDelta	Alpha	Delta	20966
rec_00124	2021-05-16	recombinant	AlphaxDelta	Delta	Alpha	21116
rec_00125	2021-05-16	recombinant	AlphaxDelta	Delta	Alpha	3859
rec_00126	2021-05-16	recombinant	AlphaxDelta	Delta	Alpha	3932
rec_00127	2021-05-16	recombinant	AlphaxDelta	Alpha	Delta	1989
rec_00128	2021-05-16	recombinant	AlphaxDelta	Delta	Alpha	29500
rec_00129	2021-05-16	recombinant	AlphaxDelta	Alpha	Delta	16552
rec_00130	2021-05-16	recombinant	AlphaxDelta	Delta	Alpha	3958
rec_00131	2021-05-16	recombinant	AlphaxDelta	Delta	Alpha	12468
rec_00132	2021-05-16	recombinant	AlphaxDelta	Delta	Alpha	8278
rec_00133	2021-05-16	recombinant	AlphaxDelta	Alpha	Delta	4110
rec_00134	2021-05-16	recombinant	AlphaxDelta	Delta	Alpha	24906
rec_00135	2021-05-16	recombinant	AlphaxDelta	Alpha	Delta	4825
rec_00136	2021-05-16	recombinant	AlphaxDelta	Delta	Alpha	7702
rec_00137	2021-05-16	recombinant	AlphaxDelta	Delta	Alpha	15722
rec_00138	2021-05-16	recombinant	AlphaxDelta	Delta	Alpha	21644
rec_00139	2021-05-16	recombinant	AlphaxDelta	Delta	Alpha	21602
rec_00140	2021-05-16	recombinant	AlphaxDelta	Alpha	Delta	15407
rec_00141	2021-05-16	recombinant	AlphaxDelta	Alpha	Delta	10796
rec_00142	2021-05-16	recombinant	AlphaxDelta	Alpha	Delta	2989
rec_00143	2021-05-16	recombinant	AlphaxDelta	Delta	Alpha	4936
rec_00144	2021-05-16	recombinant	AlphaxDelta	Alpha	Delta	28607
rec_00145	2021-05-16	recombinant	AlphaxDelta	Alpha	Delta	27377
rec_00146	2021-05-16	recombinant	AlphaxDelta	Delta	Alpha	6476
rec_00147	2021-05-16	recombinant	AlphaxDelta	Alpha	Delta	19242
rec_00148	2021-05-16	recombinant	AlphaxDelta	Alpha	Delta	15479
rec_00149	2021-05-16	recombinant	AlphaxDelta	Delta	Alpha	15979
rec_00150	2021-05-16	recombinant	AlphaxDelta	Delta	Alpha	3300
rec_00151	2021-05-16	recombinant	AlphaxDelta	Delta	Alpha	25643
rec_00152	2021-05-16	recombinant	AlphaxDelta	Alpha	Delta	6247
rec_00153	2021-05-16	recombinant	AlphaxDelta	Delta	Alpha	6422
rec_00154	2021-05-16	recombinant	AlphaxDelta	Alpha	Delta	21453
rec_00155	2021-05-16	recombinant	AlphaxDelta	Delta	Alpha	18717
rec_00156	2021-05-16	recombinant	AlphaxDelta	Delta	Alpha	17368
rec_00157	2021-05-16	recombinant	AlphaxDelta	Alpha	Delta	17215
rec_00158	2021-05-16	recombinant	AlphaxDelta	Alpha	Delta	6021
rec_00159	2021-05-16	recombinant	AlphaxDelta	Alpha	Delta	22918
rec_00160	2021-05-16	recombinant	AlphaxDelta	Alpha	Delta	20427
rec_00161	2021-05-16	recombinant	AlphaxDelta	Alpha	Delta	21688
rec_00162	2021-05-16	recombinant	AlphaxDelta	Alpha	Delta	22463
rec_00163	2021-05-16	recombinant	AlphaxDelta	Delta	Alpha	14328
rec_00164	2021-05-16	recombinant	AlphaxDelta	Alpha	Delta	15627
rec_00165	2021-05-16	recombinant	AlphaxDelta	Alpha	Delta	3990
rec_00166	2021-05-16	recombinant	AlphaxDelta	Alpha	Delta	28542
rec_00167	2021-05-16	recombinant	AlphaxDelta	Delta	Alpha	26301
rec_00168	2021-05-16	recombinant	AlphaxDelta	Alpha	Delta	8916
rec_00169	2021-05-16	recombinant	AlphaxDelta	Delta	Alpha	23029
rec_00170	2021-05-16	recombinant	AlphaxDelta	Delta	Alpha	29222
rec_00171	2021-05-16	recombinant	AlphaxDelta	Delta	Alpha	12322
rec_00172	2021-05-16	recombinant	AlphaxDelta	Alpha	Delta	16536
rec_00173	2021-05-16	recombinant	AlphaxDelta	Alpha	Delta	22152
rec_00174	2021-05-16	recombinant	AlphaxDelta	Delta	Alpha	5092
rec_00175	2021-05-16	recombinant	AlphaxDelta	Alpha	Delta	3364
rec_00176	2021-05-16	recombinant	AlphaxDelta	Delta	Alpha	21920
rec_00177	2021-05-16	recombinant	AlphaxDelta	Alpha	Delta	24872
rec_00178	2021-05-16	recombinant	AlphaxDelta	Delta	Alpha	23020
rec_00179	2021-05-16	recombinant	AlphaxDelta	Alpha	Delta	12274
rec_00180	2021-05-16	recombinant	AlphaxDelta	Delta	Alpha	3175
rec_00181	2021-05-16	recombinant	AlphaxDelta	Alpha	Delta	18453
rec_00182	2021-05-16	recombinant	AlphaxDelta	Alpha	Delta	13496
rec_00183	2021-05-16	recombinant	AlphaxDelta	Alpha	Delta	4170
rec_00184	2021-05-16	recombinant	AlphaxDelta	Delta	Alpha	10231
rec_00185	2021-05-16	recombinant	AlphaxDelta	Delta	Alpha	10051
rec_00186	2021-05-16	recombinant	AlphaxDelta	Alpha	Delta	27971
rec_00187	2021-05-16	recombinant	AlphaxDelta	Delta	Alpha	9909
rec_00188	2021-05-16	recombinant	AlphaxDelta	Alpha	Delta	15855
rec_00189	2021-05-16	recombinant	AlphaxDelta	Delta	Alpha	10883
rec_00190	2021-05-16	recombinant	AlphaxDelta	Alpha	Delta	28332
rec_00191	2021-05-16	recombinant	AlphaxDelta	Alpha	Delta	4543
rec_00192	2021-05-16	recombinant	AlphaxDelta	Delta	Alpha	6345
rec_00193	2021-05-16	recombinant	AlphaxDelta	Alpha	Delta	11437
rec_00194	2021-05-16	recombinant	AlphaxDelta	Delta	Alpha	9721
rec_00195	2021-05-16	recombinant	AlphaxDelta	Delta	Alpha	28884
rec_00196	2021-05-16	recombinant	AlphaxDelta	Delta	Alpha	5740
rec_00197	2021-05-16	recombinant	AlphaxDelta	Delta	Alpha	24335
rec_00198	2021-05-16	recombinant	AlphaxDelta	Alpha	Delta	4725
rec_00199	2021-05-16	recombinant	AlphaxDelta	Delta	Alpha	16723
rec_00200	2021-05-16	recombinant	AlphaxDelta	Alpha	Delta	23672
rec_00201	2021-05-16	recombinant	AlphaxDelta	Delta	Alpha	19032
rec_00202	2021-05-16	recombinant	AlphaxDelta	Alpha	Delta	27545
rec_00203	2021-05-16	recombinant	AlphaxDelta	Alpha	Delta	22476
rec_00204	2021-05-16	recombinant	AlphaxDelta	Delta	Alpha	8506
rec_00205	2021-05-16	recombinant	AlphaxDelta	Alpha	Delta	23773
rec_00206	2021-05-16	recombinant	AlphaxDelta	Alpha	Delta	18883
rec_00207	2021-05-16	recombinant	AlphaxDelta	Alpha	Delta	19337
rec_00208	2021-05-16	recombinant	AlphaxDelta	Delta	Alpha	13828
rec_00209	2021-05-16	recombinant	AlphaxDelta	Delta	Alpha	2362
rec_00210	2021-05-16	recombinant	AlphaxDelta	Delta	Alpha	10332
rec_00211	2021-05-16	recombinant	AlphaxDelta	Alpha	Delta	29334
rec_00212	2021-05-16	recombinant	AlphaxDelta	Alpha	Delta	13477
rec_00213	2021-05-16	recombinant	AlphaxDelta	Delta	Alpha	8363
rec_00214	2021-05-16	recombinant	AlphaxDelta	Delta	Alpha	19701
rec_00215	2021-05-16	recombinant	AlphaxDelta	Alpha	Delta	21311
rec_00216	2021-05-16	recombinant	AlphaxDelta	Delta	Alpha	12116
rec_00217	2021-05-16	recombinant	AlphaxDelta	Delta	Alpha	17622
rec_00218	2021-05-16	recombinant	AlphaxDelta	Delta	Alpha	12601
rec_00219	2021-05-16	recombinant	AlphaxDelta	Delta	Alpha	20780
rec_00220	2021-05-16	recombinant	AlphaxDelta	Alpha	Delta	3926
rec_00221	2021-05-16	recombinant	AlphaxDelta	Alpha	Delta	4088
rec_00222	2021-05-16	recombinant	AlphaxDelta	Delta	Alpha	794
rec_00223	2021-05-16	recombinant	AlphaxDelta	Alpha	Delta	5007
rec_00224	2021-05-16	recombinant	AlphaxDelta	Delta	Alpha	7495
rec_00225	2021-05-16	recombinant	AlphaxDelta	Delta	Alpha	25938
rec_00226	2021-05-16	recombinant	AlphaxDelta	Alpha	Delta	8583
rec_00227	2021-05-16	recombinant	AlphaxDelta	Delta	Alpha	22110
rec_00228	2021-05-16	recombinant	AlphaxDelta	Delta	Alpha	20924
rec_00229	2021-05-16	recombinant	AlphaxDelta	Delta	Alpha	22227
rec_00230	2021-05-16	recombinant	AlphaxDelta	Delta	Alpha	9675
rec_00231	2021-05-16	recombinant	AlphaxDelta	Delta	Alpha	13216
rec_00232	2021-05-16	recombinant	AlphaxDelta	Alpha	Delta	11889
rec_00233	2021-05-16	recombinant	AlphaxDelta	Delta	Alpha	10924
rec_00234	2021-05-16	recombinant	AlphaxDelta	Delta	Alpha	25427
rec_00235	2021-05-16	recombinant	AlphaxDelta	Alpha	Delta	21020
rec_00236	2021-05-16	recombinant	AlphaxDelta	Delta	Alpha	10077
rec_00237	2021-05-16	recombinant	AlphaxDelta	Alpha	Delta	28397
rec_00238	2021-05-16	recombinant	AlphaxDelta	Delta	Alpha	29114
rec_00239	2021-05-16	recombinant	AlphaxDelta	Delta	Alpha	7097
rec_00240	2021-05-16	recombinant	AlphaxDelta	Alpha	Delta	13690
rec_00241	2021-05-16	recombinant	AlphaxDelta	Alpha	Delta	18928
rec_00242	2021-05-16	recombinant	AlphaxDelta	Alpha	Delta	17515
rec_00243	2021-05-16	recombinant	AlphaxDelta	Alpha	Delta	19626
rec_00244	2021-05-16	recombinant	AlphaxDelta	Delta	Alpha	5163
rec_00245	2021-05-16	recombinant	AlphaxDelta	Alpha	Delta	13632
rec_00246	2021-05-16	recombinant	AlphaxDelta	Delta	Alpha	4296
rec_00247	2021-05-16	recombinant	AlphaxDelta	Delta	Alpha	3617
rec_00248	2021-05-16	recombinant	AlphaxDelta	Delta	Alpha	5898
rec_00249	2021-05-16	recombinant	AlphaxDelta	Alpha	Delta	12055
rec_00250	2021-05-16	recombinant	AlphaxDelta	Delta	Alpha	29176
rec_00251	2021-05-16	recombinant	AlphaxDelta	Alpha	Delta	17882
rec_00252	2021-05-16	recombinant	AlphaxDelta	Alpha	Delta	26342
rec_00253	2021-05-16	recombinant	AlphaxDelta	Delta	Alpha	21204
rec_00254	2021-05-16	recombinant	AlphaxDelta	Alpha	Delta	12730
rec_00255	2021-05-16	recombinant	AlphaxDelta	Delta	Alpha	8925
rec_00256	2021-05-16	recombinant	AlphaxDelta	Delta	Alpha	29554
rec_00257	2021-05-16	recombinant	AlphaxDelta	Delta	Alpha	3340
rec_00258	2021-05-16	recombinant	AlphaxDelta	Delta	Alpha	29053
rec_00259	2021-05-16	recombinant	AlphaxDelta	Alpha	Delta	5462
rec_00260	2021-05-16	recombinant	AlphaxDelta	Alpha	Delta	20064
rec_00261	2021-05-16	recombinant	AlphaxDelta	Alpha	Delta	20327
rec_00262	2021-05-16	recombinant	AlphaxDelta	Delta	Alpha	12926
rec_00263	2021-05-16	recombinant	AlphaxDelta	Alpha	Delta	21331
rec_00264	2021-05-16	recombinant	AlphaxDelta	Alpha	Delta	26583
rec_00265	2021-05-16	recombinant	AlphaxDelta	Alpha	Delta	27254
rec_00266	2021-05-16	recombinant	AlphaxDelta	Alpha	Delta	15966
rec_00267	2021-05-16	recombinant	AlphaxDelta	Alpha	Delta	6905
rec_00268	2021-05-16	recombinant	AlphaxDelta	Alpha	Delta	23123
rec_00269	2021-05-16	recombinant	AlphaxDelta	Alpha	Delta	22264
rec_00270	2021-05-16	recombinant	AlphaxDelta	Alpha	Delta	4548
rec_00271	2021-05-16	recombinant	AlphaxDelta	Delta	Alpha	16546
rec_00272	2021-05-16	recombinant	AlphaxDelta	Delta	Alpha	2950
rec_00273	2021-05-16	recombinant	AlphaxDelta	Alpha	Delta	17562
rec_00274	2021-05-16	recombinant	AlphaxDelta	Delta	Alpha	15100
rec_00275	2021-05-16	recombinant	AlphaxDelta	Delta	Alpha	9341
rec_00276	2021-05-16	recombinant	AlphaxDelta	Alpha	Delta	6364
rec_00277	2021-05-16	recombinant	AlphaxDelta	Delta	Alpha	22661
rec_00278	2021-05-16	recombinant	AlphaxDelta	Alpha	Delta	5389
rec_00279	2021-05-16	recombinant	AlphaxDelta	Delta	Alpha	20858
rec_00280	2021-05-16	recombinant	AlphaxDelta	Alpha	Delta	19511
rec_00281	2021-05-16	recombinant	AlphaxDelta	Alpha	Delta	5634
rec_00282	2021-05-16	recombinant	AlphaxDelta	Delta	Alpha	25988
rec_00283	2021-05-16	recombinant	AlphaxDelta	Alpha	Delta	14184
rec_00284	2021-05-16	recombinant	AlphaxDelta	Alpha	Delta	21908
rec_00285	2021-05-16	recombinant	AlphaxDelta	Delta	Alpha	11506
rec_00286	2021-05-16	recombinant	AlphaxDelta	Delta	Alpha	995
rec_00287	2021-05-16	recombinant	AlphaxDelta	Alpha	Delta	11197
rec_00288	2021-05-16	recombinant	AlphaxDelta	Alpha	Delta	12574
rec_00289	2021-05-16	recombinant	AlphaxDelta	Delta	Alpha	10452
rec_00290	2021-05-16	recombinant	AlphaxDelta	Alpha	Delta	8205
rec_00291	2021-05-16	recombinant	AlphaxDelta	Delta	Alpha	13514
rec_00292	2021-05-16	recombinant	AlphaxDelta	Delta	Alpha	2142
rec_00293	2021-05-16	recombinant	AlphaxDelta	Alpha	Delta	18157
rec_00294	2021-05-16	recombinant	AlphaxDelta	Delta	Alpha	5289
rec_00295	2021-05-16	recombinant	AlphaxDelta	Delta	Alpha	24723
rec_00296	2021-05-16	recombinant	AlphaxDelta	Delta	Alpha	1967
rec_00297	2021-05-16	recombinant	AlphaxDelta	Alpha	Delta	13910
rec_00298	2021-05-16	recombinant	AlphaxDelta	Delta	Alpha	6533
rec_00299	2021-05-16	recombinant	AlphaxDelta	Alpha	Delta	3301
rec_00300	2021-05-16	recombinant	AlphaxDelta	Alpha	Delta	4188
rec_00301	2021-05-16	recombinant	AlphaxDelta	Delta	Alpha	10350
rec_00302	2021-05-16	recombinant	AlphaxDelta	Alpha	Delta	10764
rec_00303	2021-05-16	recombinant	AlphaxDelta	Alpha	Delta	12575
rec_00304	2021-05-16	recombinant	AlphaxDelta	Delta	Alpha	27665
rec_00305	2021-05-16	recombinant	AlphaxDelta	Alpha	Delta	1713
rec_00306	2021-05-16	recombinant	AlphaxDelta	Delta	Alpha	3812
rec_00307	2021-05-16	recombinant	AlphaxDelta	Delta	Alpha	3266
rec_00308	2021-05-16	recombinant	AlphaxDelta	Delta	Alpha	29644
rec_00309	2021-05-16	recombinant	AlphaxDelta	Alpha	Delta	2052
rec_00310	2021-05-16	recombinant	AlphaxDelta	Delta	Alpha	17246
rec_00311	2021-05-16	recombinant	AlphaxDelta	Delta	Alpha	23876
rec_00312	2021-05-16	recombinant	AlphaxDelta	Alpha	Delta	14790
rec_00313	2021-05-16	recombinant	AlphaxDelta	Delta	Alpha	23992
rec_00314	2021-05-16	recombinant	AlphaxDelta	Delta	Alpha	3992
rec_00315	2021-05-16	recombinant	AlphaxDelta	Alpha	Delta	29207
rec_00316	2021-05-16	recombinant	AlphaxDelta	Delta	Alpha	17615
rec_00317	2021-05-16	recombinant	AlphaxDelta	Alpha	Delta	13195
rec_00318	2021-05-16	recombinant	AlphaxDelta	Delta	Alpha	27580
rec_00319	2021-05-16	recombinant	AlphaxDelta	Delta	Alpha	23037
rec_00320	2021-05-16	recombinant	AlphaxDelta	Alpha	Delta	16993
rec_00321	2021-05-16	recombinant	AlphaxDelta	Alpha	Delta	10559
rec_00322	2021-05-16	recombinant	AlphaxDelta	Alpha	Delta	10421
rec_00323	2021-05-16	recombinant	AlphaxDelta	Alpha	Delta	9223
rec_00324	2021-05-16	recombinant	AlphaxDelta	Delta	Alpha	11701
rec_00325	2021-05-16	recombinant	AlphaxDelta	Alpha	Delta	22601
rec_00326	2021-05-16	recombinant	AlphaxDelta	Alpha	Delta	24749
rec_00327	2021-05-16	recombinant	AlphaxDelta	Delta	Alpha	3299
rec_00328	2021-05-16	recombinant	AlphaxDelta	Alpha	Delta	28134
rec_00329	2021-05-16	recombinant	AlphaxDelta	Alpha	Delta	27419
rec_00330	2021-05-16	recombinant	AlphaxDelta	Alpha	Delta	1349
rec_00331	2021-05-16	recombinant	AlphaxDelta	Delta	Alpha	2669
rec_00332	2021-05-16	recombinant	AlphaxDelta	Delta	Alpha	25376
rec_00333	2021-05-16	recombinant	AlphaxDelta	Alpha	Delta	13564
rec_00334	2021-05-16	recombinant	AlphaxDelta	Delta	Alpha	10448
rec_00335	2021-05-16	recombinant	AlphaxDelta	Delta	Alpha	25339
rec_00336	2021-05-16	recombinant	AlphaxDelta	Alpha	Delta	4953
rec_00337	2021-05-16	recombinant	AlphaxDelta	Delta	Alpha	6527
rec_00338	2021-05-16	recombinant	AlphaxDelta	Delta	Alpha	28662
rec_00339	2021-05-16	recombinant	AlphaxDelta	Delta	Alpha	27708
rec_00340	2021-05-16	recombinant	AlphaxDelta	Delta	Alpha	11269
rec_00341	2021-05-16	recombinant	AlphaxDelta	Alpha	Delta	15134
rec_00342	2021-05-16	recombinant	AlphaxDelta	Delta	Alpha	29215
rec_00343	2021-05-16	recombinant	AlphaxDelta	Delta	Alpha	27821
rec_00344	2021-05-16	recombinant	AlphaxDelta	Alpha	Delta	3707
rec_00345	2021-05-16	recombinant	AlphaxDelta	Delta	Alpha	2245
rec_00346	2021-05-16	recombinant	AlphaxDelta	Alpha	Delta	26031
rec_00347	2021-05-16	recombinant	AlphaxDelta	Alpha	Delta	15515
rec_00348	2021-05-16	recombinant	AlphaxDelta	Delta	Alpha	5036
rec_00349	2021-05-16	recombinant	AlphaxDelta	Delta	Alpha	23556
rec_00350	2021-05-16	recombinant	AlphaxDelta	Alpha	Delta	13846
rec_00351	2021-05-16	recombinant	AlphaxDelta	Delta	Alpha	13421
rec_00352	2021-05-16	recombinant	AlphaxDelta	Alpha	Delta	10370
rec_00353	2021-05-16	recombinant	AlphaxDelta	Alpha	Delta	6080
rec_00354	2021-05-16	recombinant	AlphaxDelta	Delta	Alpha	28987
rec_00355	2021-05-16	recombinant	AlphaxDelta	Alpha	Delta	29471
rec_00356	2021-05-16	recombinant	AlphaxDelta	Delta	Alpha	12880
rec_00357	2021-05-16	recombinant	AlphaxDelta	Alpha	Delta	6249
rec_00358	2021-05-16	recombinant	AlphaxDelta	Delta	Alpha	28523
rec_00359	2021-05-16	recombinant	AlphaxDelta	Alpha	Delta	16309
rec_00360	2021-05-16	recombinant	AlphaxDelta	Delta	Alpha	1543
rec_00361	2021-05-16	recombinant	AlphaxDelta	Delta	Alpha	27132
rec_00362	2021-05-16	recombinant	AlphaxDelta	Alpha	Delta	24861
rec_00363	2021-05-16	recombinant	AlphaxDelta	Alpha	Delta	2255
rec_00364	2021-05-16	recombinant	AlphaxDelta	Delta	Alpha	11942
rec_00365	2021-05-16	recombinant	AlphaxDelta	Alpha	Delta	5294
rec_00366	2021-05-16	recombinant	AlphaxDelta	Alpha	Delta	5803
rec_00367	2021-05-16	recombinant	AlphaxDelta	Alpha	Delta	6114
rec_00368	2021-05-16	recombinant	AlphaxDelta	Delta	Alpha	21108
rec_00369	2021-05-16	recombinant	AlphaxDelta	Delta	Alpha	18494
rec_00370	2021-05-16	recombinant	AlphaxDelta	Delta	Alpha	3959
rec_00371	2021-05-16	recombinant	AlphaxDelta	Delta	Alpha	11671
rec_00372	2021-05-16	recombinant	AlphaxDelta	Delta	Alpha	28910
rec_00373	2021-05-16	recombinant	AlphaxDelta	Delta	Alpha	13697
rec_00374	2021-05-16	recombinant	AlphaxDelta	Alpha	Delta	10845
rec_00375	2021-05-16	recombinant	AlphaxDelta	Alpha	Delta	21587
rec_00376	2021-05-16	recombinant	AlphaxDelta	Delta	Alpha	13384
rec_00377	2021-05-16	recombinant	AlphaxDelta	Delta	Alpha	2773
rec_00378	2021-05-16	recombinant	AlphaxDelta	Alpha	Delta	6289
rec_00379	2021-05-16	recombinant	AlphaxDelta	Delta	Alpha	11537
rec_00380	2021-05-16	recombinant	AlphaxDelta	Delta	Alpha	29069
rec_00381	2021-05-16	recombinant	AlphaxDelta	Alpha	Delta	10704
rec_00382	2021-05-16	recombinant	AlphaxDelta	Alpha	Delta	5973
rec_00383	2021-05-16	recombinant	AlphaxDelta	Delta	Alpha	7913
rec_00384	2021-05-16	recombinant	AlphaxDelta	Delta	Alpha	6172
rec_00385	2021-05-16	recombinant	AlphaxDelta	Delta	Alpha	19462
rec_00386	2021-05-16	recombinant	AlphaxDelta	Delta	Alpha	10471
rec_00387	2021-05-16	recombinant	AlphaxDelta	Alpha	Delta	12235
rec_00388	2021-05-16	recombinant	AlphaxDelta	Delta	Alpha	11383
rec_00389	2021-05-16	recombinant	AlphaxDelta	Delta	Alpha	12723
rec_00390	2021-05-16	recombinant	AlphaxDelta	Alpha	Delta	19501
rec_00391	2021-05-16	recombinant	AlphaxDelta	Delta	Alpha	24072
rec_00392	2021-05-16	recombinant	AlphaxDelta	Delta	Alpha	5198
rec_00393	2021-05-16	recombinant	AlphaxDelta	Delta	Alpha	24491
rec_00394	2021-05-16	recombinant	AlphaxDelta	Alpha	Delta	15554
rec_00395	2021-05-16	recombinant	AlphaxDelta	Delta	Alpha	8388
rec_00396	2021-05-16	recombinant	AlphaxDelta	Alpha	Delta	14325
rec_00397	2021-05-16	recombinant	AlphaxDelta	Alpha	Delta	21885
rec_00398	2021-05-16	recombinant	AlphaxDelta	Alpha	Delta	19040
rec_00399	2021-05-16	recombinant	AlphaxDelta	Alpha	Delta	704
rec_00400	2021-05-16	recombinant	AlphaxDelta	Delta	Alpha	14255
rec_00401	2021-05-16	recombinant	AlphaxDelta	Alpha	Delta	21463
rec_00402	2021-05-16	recombinant	AlphaxDelta	Delta	Alpha	12856
rec_00403	2021-05-16	recombinant	AlphaxDelta	Delta	Alpha	22965
rec_00404	2021-05-16	recombinant	AlphaxDelta	Alpha	Delta	19776
rec_00405	2021-05-16	recombinant	AlphaxDelta	Delta	Alpha	21028
rec_00406	2021-05-16	recombinant	AlphaxDelta	Alpha	Delta	24194
rec_00407	2021-05-16	recombinant	AlphaxDelta	Delta	Alpha	14692
rec_00408	2021-05-16	recombinant	AlphaxDelta	Alpha	Delta	22200
rec_00409	2021-05-16	recombinant	AlphaxDelta	Alpha	Delta	11254
rec_00410	2021-05-16	recombinant	AlphaxDelta	Delta	Alpha	26632
rec_00411	2021-05-16	recombinant	AlphaxDelta	Alpha	Delta	3156
rec_00412	2021-05-16	recombinant	AlphaxDelta	Alpha	Delta	6002
rec_00413	2021-05-16	recombinant	AlphaxDelta	Alpha	Delta	5797
rec_00414	2021-05-16	recombinant	AlphaxDelta	Delta	Alpha	21124
rec_00415	2021-05-16	recombinant	AlphaxDelta	Alpha	Delta	23469
rec_00416	2021-05-16	recombinant	AlphaxDelta	Alpha	Delta	8285
rec_00417	2021-05-16	recombinant	AlphaxDelta	Alpha	Delta	21092
rec_00418	2021-05-16	recombinant	AlphaxDelta	Delta	Alpha	2276
rec_00419	2021-05-16	recombinant	AlphaxDelta	Alpha	Delta	17386
rec_00420	2021-05-16	recombinant	AlphaxDelta	Delta	Alpha	13415
rec_00421	2021-05-16	recombinant	AlphaxDelta	Delta	Alpha	10240
rec_00422	2021-05-16	recombinant	AlphaxDelta	Alpha	Delta	14016
rec_00423	2021-05-16	recombinant	AlphaxDelta	Alpha	Delta	26772
rec_00424	2021-05-16	recombinant	AlphaxDelta	Alpha	Delta	8267
rec_00425	2021-05-16	recombinant	AlphaxDelta	Alpha	Delta	20912
rec_00426	2021-05-16	recombinant	AlphaxDelta	Alpha	Delta	7180
rec_00427	2021-05-16	recombinant	AlphaxDelta	Delta	Alpha	10988
rec_00428	2021-05-16	recombinant	AlphaxDelta	Delta	Alpha	25820
rec_00429	2021-05-16	recombinant	AlphaxDelta	Delta	Alpha	13236
rec_00430	2021-05-16	recombinant	AlphaxDelta	Delta	Alpha	23584
rec_00431	2021-05-16	recombinant	AlphaxDelta	Alpha	Delta	21396
rec_00432	2021-05-16	recombinant	AlphaxDelta	Alpha	Delta	14809
rec_00433	2021-05-16	recombinant	AlphaxDelta	Alpha	Delta	22757
rec_00434	2021-05-16	recombinant	AlphaxDelta	Delta	Alpha	3419
rec_00435	2021-05-16	recombinant	AlphaxDelta	Alpha	Delta	2239
rec_00436	2021-05-16	recombinant	AlphaxDelta	Delta	Alpha	25989
rec_00437	2021-05-16	recombinant	AlphaxDelta	Delta	Alpha	4000
rec_00438	2021-05-16	recombinant	AlphaxDelta	Alpha	Delta	18116
rec_00439	2021-05-16	recombinant	AlphaxDelta	Delta	Alpha	29582
rec_00440	2021-05-16	recombinant	AlphaxDelta	Alpha	Delta	5809
rec_00441	2021-05-16	recombinant	AlphaxDelta	Alpha	Delta	18797
rec_00442	2021-05-16	recombinant	AlphaxDelta	Alpha	Delta	24844
rec_00443	2021-05-16	recombinant	AlphaxDelta	Delta	Alpha	22060
rec_00444	2021-05-16	recombinant	AlphaxDelta	Delta	Alpha	8028
rec_00445	2021-05-16	recombinant	AlphaxDelta	Delta	Alpha	9049
rec_00446	2021-05-16	recombinant	AlphaxDelta	Delta	Alpha	7158
rec_00447	2021-05-16	recombinant	AlphaxDelta	Alpha	Delta	16798
rec_00448	2021-05-16	recombinant	AlphaxDelta	Alpha	Delta	12984
rec_00449	2021-05-16	recombinant	AlphaxDelta	Alpha	Delta	18175
rec_00450	2021-05-16	recombinant	AlphaxDelta	Alpha	Delta	24873
rec_00451	2021-05-16	recombinant	AlphaxDelta	Alpha	Delta	17103
rec_00452	2021-05-16	recombinant	AlphaxDelta	Delta	Alpha	1353
rec_00453	2021-05-16	recombinant	AlphaxDelta	Alpha	Delta	21730
rec_00454	2021-05-16	recombinant	AlphaxDelta	Alpha	Delta	11883
rec_00455	2021-05-16	recombinant	AlphaxDelta	Delta	Alpha	7204
rec_00456	2021-05-16	recombinant	AlphaxDelta	Alpha	Delta	12320
rec_00457	2021-05-16	recombinant	AlphaxDelta	Alpha	Delta	15757
rec_00458	2021-05-16	recombinant	AlphaxDelta	Delta	Alpha	29240
rec_00459	2021-05-16	recombinant	AlphaxDelta	Alpha	Delta	7372
rec_00460	2021-05-16	recombinant	AlphaxDelta	Alpha	Delta	21763
rec_00461	2021-05-16	recombinant	AlphaxDelta	Delta	Alpha	12426
rec_00462	2021-05-16	recombinant	AlphaxDelta	Alpha	Delta	5685
rec_00463	2021-05-16	recombinant	AlphaxDelta	Alpha	Delta	5888
rec_00464	2021-05-16	recombinant	AlphaxDelta	Delta	Alpha	23954
rec_00465	2021-05-16	recombinant	AlphaxDelta	Alpha	Delta	3712
rec_00466	2021-05-16	recombinant	AlphaxDelta	Alpha	Delta	28111
rec_00467	2021-05-16	recombinant	AlphaxDelta	Alpha	Delta	12108
rec_00468	2021-05-16	recombinant	AlphaxDelta	Alpha	Delta	1227
rec_00469	2021-05-16	recombinant	AlphaxDelta	Alpha	Delta	13012
rec_00470	2021-05-16	recombinant	AlphaxDelta	Alpha	Delta	27303
rec_00471	2021-05-16	recombinant	AlphaxDelta	Delta	Alpha	2351
rec_00472	2021-05-16	recombinant	AlphaxDelta	Alpha	Delta	25827
rec_00473	2021-05-16	recombinant	AlphaxDelta	Alpha	Delta	16079
rec_00474	2021-05-16	recombinant	AlphaxDelta	Alpha	Delta	23424
rec_00475	2021-05-16	recombinant	AlphaxDelta	Delta	Alpha	29011
rec_00476	2021-05-16	recombinant	AlphaxDelta	Delta	Alpha	15787
rec_00477	2021-05-16	recombinant	AlphaxDelta	Delta	Alpha	4977
rec_00478	2021-05-16	recombinant	AlphaxDelta	Alpha	Delta	3691
rec_00479	2021-05-16	recombinant	AlphaxDelta	Alpha	Delta	20067
rec_00480	2021-05-16	recombinant	AlphaxDelta	Delta	Alpha	11879
rec_00481	2021-05-16	recombinant	AlphaxDelta	Delta	Alpha	23797
rec_00482	2021-05-16	recombinant	AlphaxDelta	Delta	Alpha	20232
rec_00483	2021-05-16	recombinant	AlphaxDelta	Delta	Alpha	10161
rec_00484	2021-05-16	recombinant	AlphaxDelta	Delta	Alpha	21528
rec_00485	2021-05-16	recombinant	AlphaxDelta	Delta	Alpha	11807
rec_00486	2021-05-16	recombinant	AlphaxDelta	Delta	Alpha	14207
rec_00487	2021-05-16	recombinant	AlphaxDelta	Delta	Alpha	17844
rec_00488	2021-05-16	recombinant	AlphaxDelta	Delta	Alpha	8584
rec_00489	2021-05-16	recombinant	AlphaxDelta	Delta	Alpha	18227
rec_00490	2021-05-16	recombinant	AlphaxDelta	Delta	Alpha	9097
rec_00491	2021-05-16	recombinant	AlphaxDelta	Delta	Alpha	7162
rec_00492	2021-05-16	recombinant	AlphaxDelta	Delta	Alpha	24710
rec_00493	2021-05-16	recombinant	AlphaxDelta	Alpha	Delta	27317
rec_00494	2021-05-16	recombinant	AlphaxDelta	Delta	Alpha	14847
rec_00495	2021-05-16	recombinant	AlphaxDelta	Alpha	Delta	24375
rec_00496	2021-05-16	recombinant	AlphaxDelta	Alpha	Delta	11918
rec_00497	2021-05-16	recombinant	AlphaxDelta	Delta	Alpha	10837
rec_00498	2021-05-16	recombinant	AlphaxDelta	Alpha	Delta	25803
rec_00499	2021-05-16	recombinant	AlphaxDelta	Delta	Alpha	9503
rec_00500	2021-05-16	recombinant	AlphaxAlpha	Alpha	Alpha	23629
rec_00501	2021-05-16	recombinant	AlphaxAlpha	Alpha	Alpha	12068
rec_00502	2021-05-16	recombinant	AlphaxAlpha	Alpha	Alpha	20922
rec_00503	2021-05-16	recombinant	AlphaxAlpha	Alpha	Alpha	26838
rec_00504	2021-05-16	recombinant	AlphaxAlpha	Alpha	Alpha	5854
rec_00505	2021-05-16	recombinant	AlphaxAlpha	Alpha	Alpha	2292
rec_00506	2021-05-16	recombinant	AlphaxAlpha	Alpha	Alpha	4124
rec_00507	2021-05-16	recombinant	AlphaxAlpha	Alpha	Alpha	21062
rec_00508	2021-05-16	recombinant	AlphaxAlpha	Alpha	Alpha	5127
rec_00509	2021-05-16	recombinant	AlphaxAlpha	Alpha	Alpha	6752
rec_00510	2021-05-16	recombinant	AlphaxAlpha	Alpha	Alpha	28624
rec_00511	2021-05-16	recombinant	AlphaxAlpha	Alpha	Alpha	15783
rec_00512	2021-05-16	recombinant	AlphaxAlpha	Alpha	Alpha	23094
rec_00513	2021-05-16	recombinant	AlphaxAlpha	Alpha	Alpha	10339
rec_00514	2021-05-16	recombinant	AlphaxAlpha	Alpha	Alpha	21016
rec_00515	2021-05-16	recombinant	AlphaxAlpha	Alpha	Alpha	8182
rec_00516	2021-05-16	recombinant	AlphaxAlpha	Alpha	Alpha	24435
rec_00517	2021-05-16	recombinant	AlphaxAlpha	Alpha	Alpha	22902
rec_00518	2021-05-16	recombinant	AlphaxAlpha	Alpha	Alpha	12675
rec_00519	2021-05-16	recombinant	AlphaxAlpha	Alpha	Alpha	26345
rec_00520	2021-05-16	recombinant	AlphaxAlpha	Alpha	Alpha	12101
rec_00521	2021-05-16	recombinant	AlphaxAlpha	Alpha	Alpha	19183
rec_00522	2021-05-16	recombinant	AlphaxAlpha	Alpha	Alpha	16034
rec_00523	2021-05-16	recombinant	AlphaxAlpha	Alpha	Alpha	9219
rec_00524	2021-05-16	recombinant	AlphaxAlpha	Alpha	Alpha	18587
rec_00525	2021-05-16	recombinant	AlphaxAlpha	Alpha	Alpha	18545
rec_00526	2021-05-16	recombinant	AlphaxAlpha	Alpha	Alpha	4338
rec_00527	2021-05-16	recombinant	AlphaxAlpha	Alpha	Alpha	12234
rec_00528	2021-05-16	recombinant	AlphaxAlpha	Alpha	Alpha	14304
rec_00529	2021-05-16	recombinant	AlphaxAlpha	Alpha	Alpha	23500
rec_00530	2021-05-16	recombinant	AlphaxAlpha	Alpha	Alpha	22678
rec_00531	2021-05-16	recombinant	AlphaxAlpha	Alpha	Alpha	2829
rec_00532	2021-05-16	recombinant	AlphaxAlpha	Alpha	Alpha	15065
rec_00533	2021-05-16	recombinant	AlphaxAlpha	Alpha	Alpha	28089
rec_00534	2021-05-16	recombinant	AlphaxAlpha	Alpha	Alpha	20219
rec_00535	2021-05-16	recombinant	AlphaxAlpha	Alpha	Alpha	9941
rec_00536	2021-05-16	recombinant	AlphaxAlpha	Alpha	Alpha	27040
rec_00537	2021-05-16	recombinant	AlphaxAlpha	Alpha	Alpha	12805
rec_00538	2021-05-16	recombinant	AlphaxAlpha	Alpha	Alpha	362
rec_00539	2021-05-16	recombinant	AlphaxAlpha	Alpha	Alpha	16376
rec_00540	2021-05-16	recombinant	AlphaxAlpha	Alpha	Alpha	16703
rec_00541	2021-05-16	recombinant	AlphaxAlpha	Alpha	Alpha	28435
rec_00542	2021-05-16	recombinant	AlphaxAlpha	Alpha	Alpha	11046
rec_00543	2021-05-16	recombinant	AlphaxAlpha	Alpha	Alpha	8941
rec_00544	2021-05-16	recombinant	AlphaxAlpha	Alpha	Alpha	27123
rec_00545	2021-05-16	recombinant	AlphaxAlpha	Alpha	Alpha	15557
rec_00546	2021-05-16	recombinant	AlphaxAlpha	Alpha	Alpha	7895
rec_00547	2021-05-16	recombinant	AlphaxAlpha	Alpha	Alpha	21636
rec_00548	2021-05-16	recombinant	AlphaxAlpha	Alpha	Alpha	27957
rec_00549	2021-05-16	recombinant	AlphaxAlpha	Alpha	Alpha	9702
rec_00550	2021-05-16	recombinant	AlphaxAlpha	Alpha	Alpha	15931
rec_00551	2021-05-16	recombinant	AlphaxAlpha	Alpha	Alpha	26044
rec_00552	2021-05-16	recombinant	AlphaxAlpha	Alpha	Alpha	28397
rec_00553	2021-05-16	recombinant	AlphaxAlpha	Alpha	Alpha	26510
rec_00554	2021-05-16	recombinant	AlphaxAlpha	Alpha	Alpha	14782
rec_00555	2021-05-16	recombinant	AlphaxAlpha	Alpha	Alpha	17277
rec_00556	2021-05-16	recombinant	AlphaxAlpha	Alpha	Alpha	20507
rec_00557	2021-05-16	recombinant	AlphaxAlpha	Alpha	Alpha	16859
rec_00558	2021-05-16	recombinant	AlphaxAlpha	Alpha	Alpha	23917
rec_00559	2021-05-16	recombinant	AlphaxAlpha	Alpha	Alpha	5045
rec_00560	2021-05-16	recombinant	AlphaxAlpha	Alpha	Alpha	2413
rec_00561	2021-05-16	recombinant	AlphaxAlpha	Alpha	Alpha	8944
rec_00562	2021-05-16	recombinant	AlphaxAlpha	Alpha	Alpha	5244
rec_00563	2021-05-16	recombinant	AlphaxAlpha	Alpha	Alpha	22283
rec_00564	2021-05-16	recombinant	AlphaxAlpha	Alpha	Alpha	6358
rec_00565	2021-05-16	recombinant	AlphaxAlpha	Alpha	Alpha	19389
rec_00566	2021-05-16	recombinant	AlphaxAlpha	Alpha	Alpha	23509
rec_00567	2021-05-16	recombinant	AlphaxAlpha	Alpha	Alpha	15482
rec_00568	2021-05-16	recombinant	AlphaxAlpha	Alpha	Alpha	16553
rec_00569	2021-05-16	recombinant	AlphaxAlpha	Alpha	Alpha	21776
rec_00570	2021-05-16	recombinant	AlphaxAlpha	Alpha	Alpha	19174
rec_00571	2021-05-16	recombinant	AlphaxAlpha	Alpha	Alpha	16304
rec_00572	2021-05-16	recombinant	AlphaxAlpha	Alpha	Alpha	10513
rec_00573	2021-05-16	recombinant	AlphaxAlpha	Alpha	Alpha	3616
rec_00574	2021-05-16	recombinant	AlphaxAlpha	Alpha	Alpha	2955
rec_00575	2021-05-16	recombinant	AlphaxAlpha	Alpha	Alpha	7679
rec_00576	2021-05-16	recombinant	AlphaxAlpha	Alpha	Alpha	15765
rec_00577	2021-05-16	recombinant	AlphaxAlpha	Alpha	Alpha	26222
rec_00578	2021-05-16	recombinant	AlphaxAlpha	Alpha	Alpha	7617
rec_00579	2021-05-16	recombinant	AlphaxAlpha	Alpha	Alpha	19602
rec_00580	2021-05-16	recombinant	AlphaxAlpha	Alpha	Alpha	6599
rec_00581	2021-05-16	recombinant	AlphaxAlpha	Alpha	Alpha	12479
rec_00582	2021-05-16	recombinant	AlphaxAlpha	Alpha	Alpha	1501
rec_00583	2021-05-16	recombinant	AlphaxAlpha	Alpha	Alpha	15913
rec_00584	2021-05-16	recombinant	AlphaxAlpha	Alpha	Alpha	27623
rec_00585	2021-05-16	recombinant	AlphaxAlpha	Alpha	Alpha	6076
rec_00586	2021-05-16	recombinant	AlphaxAlpha	Alpha	Alpha	25185
rec_00587	2021-05-16	recombinant	AlphaxAlpha	Alpha	Alpha	14746
rec_00588	2021-05-16	recombinant	AlphaxAlpha	Alpha	Alpha	6353
rec_00589	2021-05-16	recombinant	AlphaxAlpha	Alpha	Alpha	19656
rec_00590	2021-05-16	recombinant	AlphaxAlpha	Alpha	Alpha	15244
rec_00591	2021-05-16	recombinant	AlphaxAlpha	Alpha	Alpha	23799
rec_00592	2021-05-16	recombinant	AlphaxAlpha	Alpha	Alpha	10710
rec_00593	2021-05-16	recombinant	AlphaxAlpha	Alpha	Alpha	19924
rec_00594	2021-05-16	recombinant	AlphaxAlpha	Alpha	Alpha	22851
rec_00595	2021-05-16	recombinant	AlphaxAlpha	Alpha	Alpha	20251
rec_00596	2021-05-16	recombinant	AlphaxAlpha	Alpha	Alpha	8369
rec_00597	2021-05-16	recombinant	AlphaxAlpha	Alpha	Alpha	4208
rec_00598	2021-05-16	recombinant	AlphaxAlpha	Alpha	Alpha	29013
rec_00599	2021-05-16	recombinant	AlphaxAlpha	Alpha	Alpha	19827
rec_00600	2021-05-16	recombinant	AlphaxAlpha	Alpha	Alpha	2259
rec_00601	2021-05-16	recombinant	AlphaxAlpha	Alpha	Alpha	5737
rec_00602	2021-05-16	recombinant	AlphaxAlpha	Alpha	Alpha	24020
rec_00603	2021-05-16	recombinant	AlphaxAlpha	Alpha	Alpha	1785
rec_00604	2021-05-16	recombinant	AlphaxAlpha	Alpha	Alpha	20850
rec_00605	2021-05-16	recombinant	AlphaxAlpha	Alpha	Alpha	21080
rec_00606	2021-05-16	recombinant	AlphaxAlpha	Alpha	Alpha	4888
rec_00607	2021-05-16	recombinant	AlphaxAlpha	Alpha	Alpha	14172
rec_00608	2021-05-16	recombinant	AlphaxAlpha	Alpha	Alpha	15447
rec_00609	2021-05-16	recombinant	AlphaxAlpha	Alpha	Alpha	8302
rec_00610	2021-05-16	recombinant	AlphaxAlpha	Alpha	Alpha	20694
rec_00611	2021-05-16	recombinant	AlphaxAlpha	Alpha	Alpha	22654
rec_00612	2021-05-16	recombinant	AlphaxAlpha	Alpha	Alpha	8526
rec_00613	2021-05-16	recombinant	AlphaxAlpha	Alpha	Alpha	14381
rec_00614	2021-05-16	recombinant	AlphaxAlpha	Alpha	Alpha	15214
rec_00615	2021-05-16	recombinant	AlphaxAlpha	Alpha	Alpha	15434
rec_00616	2021-05-16	recombinant	AlphaxAlpha	Alpha	Alpha	14252
rec_00617	2021-05-16	recombinant	AlphaxAlpha	Alpha	Alpha	23456
rec_00618	2021-05-16	recombinant	AlphaxAlpha	Alpha	Alpha	18732
rec_00619	2021-05-16	recombinant	AlphaxAlpha	Alpha	Alpha	23468
rec_00620	2021-05-16	recombinant	AlphaxAlpha	Alpha	Alpha	23686
rec_00621	2021-05-16	recombinant	AlphaxAlpha	Alpha	Alpha	12454
rec_00622	2021-05-16	recombinant	AlphaxAlpha	Alpha	Alpha	5457
rec_00623	2021-05-16	recombinant	AlphaxAlpha	Alpha	Alpha	6824
rec_00624	2021-05-16	recombinant	AlphaxAlpha	Alpha	Alpha	23624
rec_00625	2021-05-16	recombinant	AlphaxAlpha	Alpha	Alpha	4847
rec_00626	2021-05-16	recombinant	AlphaxAlpha	Alpha	Alpha	7467
rec_00627	2021-05-16	recombinant	AlphaxAlpha	Alpha	Alpha	29273
rec_00628	2021-05-16	recombinant	AlphaxAlpha	Alpha	Alpha	4980
rec_00629	2021-05-16	recombinant	AlphaxAlpha	Alpha	Alpha	21076
rec_00630	2021-05-16	recombinant	AlphaxAlpha	Alpha	Alpha	8475
rec_00631	2021-05-16	recombinant	AlphaxAlpha	Alpha	Alpha	10064
rec_00632	2021-05-16	recombinant	AlphaxAlpha	Alpha	Alpha	26738
rec_00633	2021-05-16	recombinant	AlphaxAlpha	Alpha	Alpha	27154
rec_00634	2021-05-16	recombinant	AlphaxAlpha	Alpha	Alpha	9601
rec_00635	2021-05-16	recombinant	AlphaxAlpha	Alpha	Alpha	15653
rec_00636	2021-05-16	recombinant	AlphaxAlpha	Alpha	Alpha	5965
rec_00637	2021-05-16	recombinant	AlphaxAlpha	Alpha	Alpha	16263
rec_00638	2021-05-16	recombinant	AlphaxAlpha	Alpha	Alpha	21235
rec_00639	2021-05-16	recombinant	AlphaxAlpha	Alpha	Alpha	3162
rec_00640	2021-05-16	recombinant	AlphaxAlpha	Alpha	Alpha	8283
rec_00641	2021-05-16	recombinant	AlphaxAlpha	Alpha	Alpha	21906
rec_00642	2021-05-16	recombinant	AlphaxAlpha	Alpha	Alpha	4644
rec_00643	2021-05-16	recombinant	AlphaxAlpha	Alpha	Alpha	11481
rec_00644	2021-05-16	recombinant	AlphaxAlpha	Alpha	Alpha	24201
rec_00645	2021-05-16	recombinant	AlphaxAlpha	Alpha	Alpha	13356
rec_00646	2021-05-16	recombinant	AlphaxAlpha	Alpha	Alpha	10602
rec_00647	2021-05-16	recombinant	AlphaxAlpha	Alpha	Alpha	24469
rec_00648	2021-05-16	recombinant	AlphaxAlpha	Alpha	Alpha	17718
rec_00649	2021-05-16	recombinant	AlphaxAlpha	Alpha	Alpha	18392
rec_00650	2021-05-16	recombinant	AlphaxAlpha	Alpha	Alpha	5200
rec_00651	2021-05-16	recombinant	AlphaxAlpha	Alpha	Alpha	23944
rec_00652	2021-05-16	recombinant	AlphaxAlpha	Alpha	Alpha	5944
rec_00653	2021-05-16	recombinant	AlphaxAlpha	Alpha	Alpha	29085
rec_00654	2021-05-16	recombinant	AlphaxAlpha	Alpha	Alpha	3057
rec_00655	2021-05-16	recombinant	AlphaxAlpha	Alpha	Alpha	8790
rec_00656	2021-05-16	recombinant	AlphaxAlpha	Alpha	Alpha	27739
rec_00657	2021-05-16	recombinant	AlphaxAlpha	Alpha	Alpha	26227
rec_00658	2021-05-16	recombinant	AlphaxAlpha	Alpha	Alpha	19646
rec_00659	2021-05-16	recombinant	AlphaxAlpha	Alpha	Alpha	4928
rec_00660	2021-05-16	recombinant	AlphaxAlpha	Alpha	Alpha	23374
rec_00661	2021-05-16	recombinant	AlphaxAlpha	Alpha	Alpha	12698
rec_00662	2021-05-16	recombinant	AlphaxAlpha	Alpha	Alpha	21673
rec_00663	2021-05-16	recombinant	AlphaxAlpha	Alpha	Alpha	6975
rec_00664	2021-05-16	recombinant	AlphaxAlpha	Alpha	Alpha	23751
rec_00665	2021-05-16	recombinant	AlphaxAlpha	Alpha	Alpha	12401
rec_00666	2021-05-16	recombinant	AlphaxAlpha	Alpha	Alpha	12168
rec_00667	2021-05-16	recombinant	AlphaxAlpha	Alpha	Alpha	15297
rec_00668	2021-05-16	recombinant	AlphaxAlpha	Alpha	Alpha	14043
rec_00669	2021-05-16	recombinant	AlphaxAlpha	Alpha	Alpha	24980
rec_00670	2021-05-16	recombinant	AlphaxAlpha	Alpha	Alpha	10972
rec_00671	2021-05-16	recombinant	AlphaxAlpha	Alpha	Alpha	14059
rec_00672	2021-05-16	recombinant	AlphaxAlpha	Alpha	Alpha	4615
rec_00673	2021-05-16	recombinant	AlphaxAlpha	Alpha	Alpha	14827
rec_00674	2021-05-16	recombinant	AlphaxAlpha	Alpha	Alpha	8182
rec_00675	2021-05-16	recombinant	AlphaxAlpha	Alpha	Alpha	14426
rec_00676	2021-05-16	recombinant	AlphaxAlpha	Alpha	Alpha	4663
rec_00677	2021-05-16	recombinant	AlphaxAlpha	Alpha	Alpha	7607
rec_00678	2021-05-16	recombinant	AlphaxAlpha	Alpha	Alpha	7539
rec_00679	2021-05-16	recombinant	AlphaxAlpha	Alpha	Alpha	11146
rec_00680	2021-05-16	recombinant	AlphaxAlpha	Alpha	Alpha	3159
rec_00681	2021-05-16	recombinant	AlphaxAlpha	Alpha	Alpha	2761
rec_00682	2021-05-16	recombinant	AlphaxAlpha	Alpha	Alpha	7447
rec_00683	2021-05-16	recombinant	AlphaxAlpha	Alpha	Alpha	10942
rec_00684	2021-05-16	recombinant	AlphaxAlpha	Alpha	Alpha	6432
rec_00685	2021-05-16	recombinant	AlphaxAlpha	Alpha	Alpha	9563
rec_00686	2021-05-16	recombinant	AlphaxAlpha	Alpha	Alpha	6508
rec_00687	2021-05-16	recombinant	AlphaxAlpha	Alpha	Alpha	22830
rec_00688	2021-05-16	recombinant	AlphaxAlpha	Alpha	Alpha	13379
rec_00689	2021-05-16	recombinant	AlphaxAlpha	Alpha	Alpha	25844
rec_00690	2021-05-16	recombinant	AlphaxAlpha	Alpha	Alpha	26428
rec_00691	2021-05-16	recombinant	AlphaxAlpha	Alpha	Alpha	20157
rec_00692	2021-05-16	recombinant	AlphaxAlpha	Alpha	Alpha	5940
rec_00693	2021-05-16	recombinant	AlphaxAlpha	Alpha	Alpha	14309
rec_00694	2021-05-16	recombinant	AlphaxAlpha	Alpha	Alpha	10795
rec_00695	2021-05-16	recombinant	AlphaxAlpha	Alpha	Alpha	17621
rec_00696	2021-05-16	recombinant	AlphaxAlpha	Alpha	Alpha	27494
rec_00697	2021-05-16	recombinant	AlphaxAlpha	Alpha	Alpha	13923
rec_00698	2021-05-16	recombinant	AlphaxAlpha	Alpha	Alpha	11571
rec_00699	2021-05-16	recombinant	AlphaxAlpha	Alpha	Alpha	23639
rec_00700	2021-05-16	recombinant	AlphaxAlpha	Alpha	Alpha	7881
rec_00701	2021-05-16	recombinant	AlphaxAlpha	Alpha	Alpha	20669
rec_00702	2021-05-16	recombinant	AlphaxAlpha	Alpha	Alpha	13053
rec_00703	2021-05-16	recombinant	AlphaxAlpha	Alpha	Alpha	29717
rec_00704	2021-05-16	recombinant	AlphaxAlpha	Alpha	Alpha	17571
rec_00705	2021-05-16	recombinant	AlphaxAlpha	Alpha	Alpha	4162
rec_00706	2021-05-16	recombinant	AlphaxAlpha	Alpha	Alpha	2396
rec_00707	2021-05-16	recombinant	AlphaxAlpha	Alpha	Alpha	18224
rec_00708	2021-05-16	recombinant	AlphaxAlpha	Alpha	Alpha	6381
rec_00709	2021-05-16	recombinant	AlphaxAlpha	Alpha	Alpha	20937
rec_00710	2021-05-16	recombinant	AlphaxAlpha	Alpha	Alpha	20498
rec_00711	2021-05-16	recombinant	AlphaxAlpha	Alpha	Alpha	26243
rec_00712	2021-05-16	recombinant	AlphaxAlpha	Alpha	Alpha	23639
rec_00713	2021-05-16	recombinant	AlphaxAlpha	Alpha	Alpha	5156
rec_00714	2021-05-16	recombinant	AlphaxAlpha	Alpha	Alpha	24218
rec_00715	2021-05-16	recombinant	AlphaxAlpha	Alpha	Alpha	1759
rec_00716	2021-05-16	recombinant	AlphaxAlpha	Alpha	Alpha	19950
rec_00717	2021-05-16	recombinant	AlphaxAlpha	Alpha	Alpha	14836
rec_00718	2021-05-16	recombinant	AlphaxAlpha	Alpha	Alpha	7303
rec_00719	2021-05-16	recombinant	AlphaxAlpha	Alpha	Alpha	6234
rec_00720	2021-05-16	recombinant	AlphaxAlpha	Alpha	Alpha	10625
rec_00721	2021-05-16	recombinant	AlphaxAlpha	Alpha	Alpha	2541
rec_00722	2021-05-16	recombinant	AlphaxAlpha	Alpha	Alpha	321
rec_00723	2021-05-16	recombinant	AlphaxAlpha	Alpha	Alpha	10341
rec_00724	2021-05-16	recombinant	AlphaxAlpha	Alpha	Alpha	15389
rec_00725	2021-05-16	recombinant	AlphaxAlpha	Alpha	Alpha	22702
rec_00726	2021-05-16	recombinant	AlphaxAlpha	Alpha	Alpha	17016
rec_00727	2021-05-16	recombinant	AlphaxAlpha	Alpha	Alpha	24657
rec_00728	2021-05-16	recombinant	AlphaxAlpha	Alpha	Alpha	5434
rec_00729	2021-05-16	recombinant	AlphaxAlpha	Alpha	Alpha	9794
rec_00730	2021-05-16	recombinant	AlphaxAlpha	Alpha	Alpha	15585
rec_00731	2021-05-16	recombinant	AlphaxAlpha	Alpha	Alpha	28263
rec_00732	2021-05-16	recombinant	AlphaxAlpha	Alpha	Alpha	2491
rec_00733	2021-05-16	recombinant	AlphaxAlpha	Alpha	Alpha	10802
rec_00734	2021-05-16	recombinant	AlphaxAlpha	Alpha	Alpha	18114
rec_00735	2021-05-16	recombinant	AlphaxAlpha	Alpha	Alpha	4977
rec_00736	2021-05-16	recombinant	AlphaxAlpha	Alpha	Alpha	4482
rec_00737	2021-05-16	recombinant	AlphaxAlpha	Alpha	Alpha	6124
rec_00738	2021-05-16	recombinant	AlphaxAlpha	Alpha	Alpha	16839
rec_00739	2021-05-16	recombinant	AlphaxAlpha	Alpha	Alpha	19750
rec_00740	2021-05-16	recombinant	AlphaxAlpha	Alpha	Alpha	7507
rec_00741	2021-05-16	recombinant	AlphaxAlpha	Alpha	Alpha	29508
rec_00742	2021-05-16	recombinant	AlphaxAlpha	Alpha	Alpha	4792
rec_00743	2021-05-16	recombinant	AlphaxAlpha	Alpha	Alpha	17148
rec_00744	2021-05-16	recombinant	AlphaxAlpha	Alpha	Alpha	20695
rec_00745	2021-05-16	recombinant	AlphaxAlpha	Alpha	Alpha	25041
rec_00746	2021-05-16	recombinant	AlphaxAlpha	Alpha	Alpha	28474
rec_00747	2021-05-16	recombinant	AlphaxAlpha	Alpha	Alpha	27865
rec_00748	2021-05-16	recombinant	AlphaxAlpha	Alpha	Alpha	24916
rec_00749	2021-05-16	recombinant	AlphaxAlpha	Alpha	Alpha	21757
rec_00750	2021-05-16	recombinant	AlphaxAlpha	Alpha	Alpha	11923
rec_00751	2021-05-16	recombinant	AlphaxAlpha	Alpha	Alpha	14122
rec_00752	2021-05-16	recombinant	AlphaxAlpha	Alpha	Alpha	7299
rec_00753	2021-05-16	recombinant	AlphaxAlpha	Alpha	Alpha	23207
rec_00754	2021-05-16	recombinant	AlphaxAlpha	Alpha	Alpha	4068
rec_00755	2021-05-16	recombinant	AlphaxAlpha	Alpha	Alpha	2874
rec_00756	2021-05-16	recombinant	AlphaxAlpha	Alpha	Alpha	866
rec_00757	2021-05-16	recombinant	AlphaxAlpha	Alpha	Alpha	5280
rec_00758	2021-05-16	recombinant	AlphaxAlpha	Alpha	Alpha	22002
rec_00759	2021-05-16	recombinant	AlphaxAlpha	Alpha	Alpha	12444
rec_00760	2021-05-16	recombinant	AlphaxAlpha	Alpha	Alpha	1907
rec_00761	2021-05-16	recombinant	AlphaxAlpha	Alpha	Alpha	28797
rec_00762	2021-05-16	recombinant	AlphaxAlpha	Alpha	Alpha	5644
rec_00763	2021-05-16	recombinant	AlphaxAlpha	Alpha	Alpha	8022
rec_00764	2021-05-16	recombinant	AlphaxAlpha	Alpha	Alpha	25431
rec_00765	2021-05-16	recombinant	AlphaxAlpha	Alpha	Alpha	16175
rec_00766	2021-05-16	recombinant	AlphaxAlpha	Alpha	Alpha	9533
rec_00767	2021-05-16	recombinant	AlphaxAlpha	Alpha	Alpha	27104
rec_00768	2021-05-16	recombinant	AlphaxAlpha	Alpha	Alpha	16648
rec_00769	2021-05-16	recombinant	AlphaxAlpha	Alpha	Alpha	12697
rec_00770	2021-05-16	recombinant	AlphaxAlpha	Alpha	Alpha	1980
rec_00771	2021-05-16	recombinant	AlphaxAlpha	Alpha	Alpha	2931
rec_00772	2021-05-16	recombinant	AlphaxAlpha	Alpha	Alpha	3875
rec_00773	2021-05-16	recombinant	AlphaxAlpha	Alpha	Alpha	5111
rec_00774	2021-05-16	recombinant	AlphaxAlpha	Alpha	Alpha	16212
rec_00775	2021-05-16	recombinant	AlphaxAlpha	Alpha	Alpha	26580
rec_00776	2021-05-16	recombinant	AlphaxAlpha	Alpha	Alpha	10819
rec_00777	2021-05-16	recombinant	AlphaxAlpha	Alpha	Alpha	1967
rec_00778	2021-05-16	recombinant	AlphaxAlpha	Alpha	Alpha	13721
rec_00779	2021-05-16	recombinant	AlphaxAlpha	Alpha	Alpha	15756
rec_00780	2021-05-16	recombinant	AlphaxAlpha	Alpha	Alpha	16254
rec_00781	2021-05-16	recombinant	AlphaxAlpha	Alpha	Alpha	2768
rec_00782	2021-05-16	recombinant	AlphaxAlpha	Alpha	Alpha	16560
rec_00783	2021-05-16	recombinant	AlphaxAlpha	Alpha	Alpha	19312
rec_00784	2021-05-16	recombinant	AlphaxAlpha	Alpha	Alpha	22556
rec_00785	2021-05-16	recombinant	AlphaxAlpha	Alpha	Alpha	2305
rec_00786	2021-05-16	recombinant	AlphaxAlpha	Alpha	Alpha	9645
rec_00787	2021-05-16	recombinant	AlphaxAlpha	Alpha	Alpha	15808
rec_00788	2021-05-16	recombinant	AlphaxAlpha	Alpha	Alpha	16345
rec_00789	2021-05-16	recombinant	AlphaxAlpha	Alpha	Alpha	26036
rec_00790	2021-05-16	recombinant	AlphaxAlpha	Alpha	Alpha	17660
rec_00791	2021-05-16	recombinant	AlphaxAlpha	Alpha	Alpha	25216
rec_00792	2021-05-16	recombinant	AlphaxAlpha	Alpha	Alpha	16316
rec_00793	2021-05-16	recombinant	AlphaxAlpha	Alpha	Alpha	23385
rec_00794	2021-05-16	recombinant	AlphaxAlpha	Alpha	Alpha	11556
rec_00795	2021-05-16	recombinant	AlphaxAlpha	Alpha	Alpha	27833
rec_00796	2021-05-16	recombinant	AlphaxAlpha	Alpha	Alpha	9761
rec_00797	2021-05-16	recombinant	AlphaxAlpha	Alpha	Alpha	23781
rec_00798	2021-05-16	recombinant	AlphaxAlpha	Alpha	Alpha	6028
rec_00799	2021-05-16	recombinant	AlphaxAlpha	Alpha	Alpha	8488
rec_00800	2021-05-16	recombinant	AlphaxAlpha	Alpha	Alpha	25532
rec_00801	2021-05-16	recombinant	AlphaxAlpha	Alpha	Alpha	29118
rec_00802	2021-05-16	recombinant	AlphaxAlpha	Alpha	Alpha	24457
rec_00803	2021-05-16	recombinant	AlphaxAlpha	Alpha	Alpha	18702
rec_00804	2021-05-16	recombinant	AlphaxAlpha	Alpha	Alpha	22380
rec_00805	2021-05-16	recombinant	AlphaxAlpha	Alpha	Alpha	17870
rec_00806	2021-05-16	recombinant	AlphaxAlpha	Alpha	Alpha	16376
rec_00807	2021-05-16	recombinant	AlphaxAlpha	Alpha	Alpha	20022
rec_00808	2021-05-16	recombinant	AlphaxAlpha	Alpha	Alpha	4793
rec_00809	2021-05-16	recombinant	AlphaxAlpha	Alpha	Alpha	10783
rec_00810	2021-05-16	recombinant	AlphaxAlpha	Alpha	Alpha	15746
rec_00811	2021-05-16	recombinant	AlphaxAlpha	Alpha	Alpha	13325
rec_00812	2021-05-16	recombinant	AlphaxAlpha	Alpha	Alpha	17928
rec_00813	2021-05-16	recombinant	AlphaxAlpha	Alpha	Alpha	27154
rec_00814	2021-05-16	recombinant	AlphaxAlpha	Alpha	Alpha	23725
rec_00815	2021-05-16	recombinant	AlphaxAlpha	Alpha	Alpha	18517
rec_00816	2021-05-16	recombinant	AlphaxAlpha	Alpha	Alpha	650
rec_00817	2021-05-16	recombinant	AlphaxAlpha	Alpha	Alpha	5498
rec_00818	2021-05-16	recombinant	AlphaxAlpha	Alpha	Alpha	2792
rec_00819	2021-05-16	recombinant	AlphaxAlpha	Alpha	Alpha	190
rec_00820	2021-05-16	recombinant	AlphaxAlpha	Alpha	Alpha	7522
rec_00821	2021-05-16	recombinant	AlphaxAlpha	Alpha	Alpha	3649
rec_00822	2021-05-16	recombinant	AlphaxAlpha	Alpha	Alpha	9536
rec_00823	2021-05-16	recombinant	AlphaxAlpha	Alpha	Alpha	7526
rec_00824	2021-05-16	recombinant	AlphaxAlpha	Alpha	Alpha	28338
rec_00825	2021-05-16	recombinant	AlphaxAlpha	Alpha	Alpha	29568
rec_00826	2021-05-16	recombinant	AlphaxAlpha	Alpha	Alpha	13602
rec_00827	2021-05-16	recombinant	AlphaxAlpha	Alpha	Alpha	18386
rec_00828	2021-05-16	recombinant	AlphaxAlpha	Alpha	Alpha	17428
rec_00829	2021-05-16	recombinant	AlphaxAlpha	Alpha	Alpha	9152
rec_00830	2021-05-16	recombinant	AlphaxAlpha	Alpha	Alpha	19530
rec_00831	2021-05-16	recombinant	AlphaxAlpha	Alpha	Alpha	18573
rec_00832	2021-05-16	recombinant	AlphaxAlpha	Alpha	Alpha	23371
rec_00833	2021-05-16	recombinant	AlphaxAlpha	Alpha	Alpha	9592
rec_00834	2021-05-16	recombinant	AlphaxAlpha	Alpha	Alpha	7946
rec_00835	2021-05-16	recombinant	AlphaxAlpha	Alpha	Alpha	9096
rec_00836	2021-05-16	recombinant	AlphaxAlpha	Alpha	Alpha	7060
rec_00837	2021-05-16	recombinant	AlphaxAlpha	Alpha	Alpha	24599
rec_00838	2021-05-16	recombinant	AlphaxAlpha	Alpha	Alpha	13626
rec_00839	2021-05-16	recombinant	AlphaxAlpha	Alpha	Alpha	18790
rec_00840	2021-05-16	recombinant	AlphaxAlpha	Alpha	Alpha	10462
rec_00841	2021-05-16	recombinant	AlphaxAlpha	Alpha	Alpha	14608
rec_00842	2021-05-16	recombinant	AlphaxAlpha	Alpha	Alpha	27750
rec_00843	2021-05-16	recombinant	AlphaxAlpha	Alpha	Alpha	25508
rec_00844	2021-05-16	recombinant	AlphaxAlpha	Alpha	Alpha	21099
rec_00845	2021-05-16	recombinant	AlphaxAlpha	Alpha	Alpha	13130
rec_00846	2021-05-16	recombinant	AlphaxAlpha	Alpha	Alpha	19669
rec_00847	2021-05-16	recombinant	AlphaxAlpha	Alpha	Alpha	25950
rec_00848	2021-05-16	recombinant	AlphaxAlpha	Alpha	Alpha	22804
rec_00849	2021-05-16	recombinant	AlphaxAlpha	Alpha	Alpha	8544
rec_00850	2021-05-16	recombinant	AlphaxAlpha	Alpha	Alpha	24629
rec_00851	2021-05-16	recombinant	AlphaxAlpha	Alpha	Alpha	26869
rec_00852	2021-05-16	recombinant	AlphaxAlpha	Alpha	Alpha	27449
rec_00853	2021-05-16	recombinant	AlphaxAlpha	Alpha	Alpha	21403
rec_00854	2021-05-16	recombinant	AlphaxAlpha	Alpha	Alpha	9482
rec_00855	2021-05-16	recombinant	AlphaxAlpha	Alpha	Alpha	17204
rec_00856	2021-05-16	recombinant	AlphaxAlpha	Alpha	Alpha	18836
rec_00857	2021-05-16	recombinant	AlphaxAlpha	Alpha	Alpha	8102
rec_00858	2021-05-16	recombinant	AlphaxAlpha	Alpha	Alpha	25523
rec_00859	2021-05-16	recombinant	AlphaxAlpha	Alpha	Alpha	23887
rec_00860	2021-05-16	recombinant	AlphaxAlpha	Alpha	Alpha	25908
rec_00861	2021-05-16	recombinant	AlphaxAlpha	Alpha	Alpha	10179
rec_00862	2021-05-16	recombinant	AlphaxAlpha	Alpha	Alpha	19932
rec_00863	2021-05-16	recombinant	AlphaxAlpha	Alpha	Alpha	5058
rec_00864	2021-05-16	recombinant	AlphaxAlpha	Alpha	Alpha	22658
rec_00865	2021-05-16	recombinant	AlphaxAlpha	Alpha	Alpha	5575
rec_00866	2021-05-16	recombinant	AlphaxAlpha	Alpha	Alpha	4352
rec_00867	2021-05-16	recombinant	AlphaxAlpha	Alpha	Alpha	20505
rec_00868	2021-05-16	recombinant	AlphaxAlpha	Alpha	Alpha	7990
rec_00869	2021-05-16	recombinant	AlphaxAlpha	Alpha	Alpha	10980
rec_00870	2021-05-16	recombinant	AlphaxAlpha	Alpha	Alpha	16112
rec_00871	2021-05-16	recombinant	AlphaxAlpha	Alpha	Alpha	16304
rec_00872	2021-05-16	recombinant	AlphaxAlpha	Alpha	Alpha	14289
rec_00873	2021-05-16	recombinant	AlphaxAlpha	Alpha	Alpha	5230
rec_00874	2021-05-16	recombinant	AlphaxAlpha	Alpha	Alpha	22314
rec_00875	2021-05-16	recombinant	AlphaxAlpha	Alpha	Alpha	14983
rec_00876	2021-05-16	recombinant	AlphaxAlpha	Alpha	Alpha	17261
rec_00877	2021-05-16	recombinant	AlphaxAlpha	Alpha	Alpha	12053
rec_00878	2021-05-16	recombinant	AlphaxAlpha	Alpha	Alpha	7654
rec_00879	2021-05-16	recombinant	AlphaxAlpha	Alpha	Alpha	12106
rec_00880	2021-05-16	recombinant	AlphaxAlpha	Alpha	Alpha	27159
rec_00881	2021-05-16	recombinant	AlphaxAlpha	Alpha	Alpha	22755
rec_00882	2021-05-16	recombinant	AlphaxAlpha	Alpha	Alpha	12858
rec_00883	2021-05-16	recombinant	AlphaxAlpha	Alpha	Alpha	20499
rec_00884	2021-05-16	recombinant	AlphaxAlpha	Alpha	Alpha	22649
rec_00885	2021-05-16	recombinant	AlphaxAlpha	Alpha	Alpha	16343
rec_00886	2021-05-16	recombinant	AlphaxAlpha	Alpha	Alpha	10451
rec_00887	2021-05-16	recombinant	AlphaxAlpha	Alpha	Alpha	3172
rec_00888	2021-05-16	recombinant	AlphaxAlpha	Alpha	Alpha	4247
rec_00889	2021-05-16	recombinant	AlphaxAlpha	Alpha	Alpha	14609
rec_00890	2021-05-16	recombinant	AlphaxAlpha	Alpha	Alpha	5067
rec_00891	2021-05-16	recombinant	AlphaxAlpha	Alpha	Alpha	26673
rec_00892	2021-05-16	recombinant	AlphaxAlpha	Alpha	Alpha	11905
rec_00893	2021-05-16	recombinant	AlphaxAlpha	Alpha	Alpha	23845
rec_00894	2021-05-16	recombinant	AlphaxAlpha	Alpha	Alpha	13191
rec_00895	2021-05-16	recombinant	AlphaxAlpha	Alpha	Alpha	21133
rec_00896	2021-05-16	recombinant	AlphaxAlpha	Alpha	Alpha	10090
rec_00897	2021-05-16	recombinant	AlphaxAlpha	Alpha	Alpha	23647
rec_00898	2021-05-16	recombinant	AlphaxAlpha	Alpha	Alpha	20867
rec_00899	2021-05-16	recombinant	AlphaxAlpha	Alpha	Alpha	9846
rec_00900	2021-05-16	recombinant	AlphaxAlpha	Alpha	Alpha	21532
rec_00901	2021-05-16	recombinant	AlphaxAlpha	Alpha	Alpha	5649
rec_00902	2021-05-16	recombinant	AlphaxAlpha	Alpha	Alpha	16387
rec_00903	2021-05-16	recombinant	AlphaxAlpha	Alpha	Alpha	3187
rec_00904	2021-05-16	recombinant	AlphaxAlpha	Alpha	Alpha	3818
rec_00905	2021-05-16	recombinant	AlphaxAlpha	Alpha	Alpha	25103
rec_00906	2021-05-16	recombinant	AlphaxAlpha	Alpha	Alpha	19833
rec_00907	2021-05-16	recombinant	AlphaxAlpha	Alpha	Alpha	20960
rec_00908	2021-05-16	recombinant	AlphaxAlpha	Alpha	Alpha	9148
rec_00909	2021-05-16	recombinant	AlphaxAlpha	Alpha	Alpha	16102
rec_00910	2021-05-16	recombinant	AlphaxAlpha	Alpha	Alpha	25334
rec_00911	2021-05-16	recombinant	AlphaxAlpha	Alpha	Alpha	10628
rec_00912	2021-05-16	recombinant	AlphaxAlpha	Alpha	Alpha	2496
rec_00913	2021-05-16	recombinant	AlphaxAlpha	Alpha	Alpha	20292
rec_00914	2021-05-16	recombinant	AlphaxAlpha	Alpha	Alpha	9435
rec_00915	2021-05-16	recombinant	AlphaxAlpha	Alpha	Alpha	22293
rec_00916	2021-05-16	recombinant	AlphaxAlpha	Alpha	Alpha	9916
rec_00917	2021-05-16	recombinant	AlphaxAlpha	Alpha	Alpha	7418
rec_00918	2021-05-16	recombinant	AlphaxAlpha	Alpha	Alpha	26743
rec_00919	2021-05-16	recombinant	AlphaxAlpha	Alpha	Alpha	21255
rec_00920	2021-05-16	recombinant	AlphaxAlpha	Alpha	Alpha	27287
rec_00921	2021-05-16	recombinant	AlphaxAlpha	Alpha	Alpha	14971
rec_00922	2021-05-16	recombinant	AlphaxAlpha	Alpha	Alpha	19603
rec_00923	2021-05-16	recombinant	AlphaxAlpha	Alpha	Alpha	1742
rec_00924	2021-05-16	recombinant	AlphaxAlpha	Alpha	Alpha	16811
rec_00925	2021-05-16	recombinant	AlphaxAlpha	Alpha	Alpha	18475
rec_00926	2021-05-16	recombinant	AlphaxAlpha	Alpha	Alpha	5029
rec_00927	2021-05-16	recombinant	AlphaxAlpha	Alpha	Alpha	7940
rec_00928	2021-05-16	recombinant	AlphaxAlpha	Alpha	Alpha	1506
rec_00929	2021-05-16	recombinant	AlphaxAlpha	Alpha	Alpha	15042
rec_00930	2021-05-16	recombinant	AlphaxAlpha	Alpha	Alpha	13419
rec_00931	2021-05-16	recombinant	AlphaxAlpha	Alpha	Alpha	20174
rec_00932	2021-05-16	recombinant	AlphaxAlpha	Alpha	Alpha	26964
rec_00933	2021-05-16	recombinant	AlphaxAlpha	Alpha	Alpha	3900
rec_00934	2021-05-16	recombinant	AlphaxAlpha	Alpha	Alpha	24607
rec_00935	2021-05-16	recombinant	AlphaxAlpha	Alpha	Alpha	23480
rec_00936	2021-05-16	recombinant	AlphaxAlpha	Alpha	Alpha	21278
rec_00937	2021-05-16	recombinant	AlphaxAlpha	Alpha	Alpha	27929
rec_00938	2021-05-16	recombinant	AlphaxAlpha	Alpha	Alpha	9623
rec_00939	2021-05-16	recombinant	AlphaxAlpha	Alpha	Alpha	10893
rec_00940	2021-05-16	recombinant	AlphaxAlpha	Alpha	Alpha	8671
rec_00941	2021-05-16	recombinant	AlphaxAlpha	Alpha	Alpha	22793
rec_00942	2021-05-16	recombinant	AlphaxAlpha	Alpha	Alpha	21926
rec_00943	2021-05-16	recombinant	AlphaxAlpha	Alpha	Alpha	9923
rec_00944	2021-05-16	recombinant	AlphaxAlpha	Alpha	Alpha	11135
rec_00945	2021-05-16	recombinant	AlphaxAlpha	Alpha	Alpha	13927
rec_00946	2021-05-16	recombinant	AlphaxAlpha	Alpha	Alpha	21277
rec_00947	2021-05-16	recombinant	AlphaxAlpha	Alpha	Alpha	22221
rec_00948	2021-05-16	recombinant	AlphaxAlpha	Alpha	Alpha	5779
rec_00949	2021-05-16	recombinant	AlphaxAlpha	Alpha	Alpha	7841
rec_00950	2021-05-16	recombinant	AlphaxAlpha	Alpha	Alpha	19889
rec_00951	2021-05-16	recombinant	AlphaxAlpha	Alpha	Alpha	13877
rec_00952	2021-05-16	recombinant	AlphaxAlpha	Alpha	Alpha	8508
rec_00953	2021-05-16	recombinant	AlphaxAlpha	Alpha	Alpha	9246
rec_00954	2021-05-16	recombinant	AlphaxAlpha	Alpha	Alpha	16481
rec_00955	2021-05-16	recombinant	AlphaxAlpha	Alpha	Alpha	11405
rec_00956	2021-05-16	recombinant	AlphaxAlpha	Alpha	Alpha	26458
rec_00957	2021-05-16	recombinant	AlphaxAlpha	Alpha	Alpha	5592
rec_00958	2021-05-16	recombinant	AlphaxAlpha	Alpha	Alpha	18448
rec_00959	2021-05-16	recombinant	AlphaxAlpha	Alpha	Alpha	21104
rec_00960	2021-05-16	recombinant	AlphaxAlpha	Alpha	Alpha	7201
rec_00961	2021-05-16	recombinant	AlphaxAlpha	Alpha	Alpha	5081
rec_00962	2021-05-16	recombinant	AlphaxAlpha	Alpha	Alpha	4784
rec_00963	2021-05-16	recombinant	AlphaxAlpha	Alpha	Alpha	19564
rec_00964	2021-05-16	recombinant	AlphaxAlpha	Alpha	Alpha	5579
rec_00965	2021-05-16	recombinant	AlphaxAlpha	Alpha	Alpha	17845
rec_00966	2021-05-16	recombinant	AlphaxAlpha	Alpha	Alpha	17087
rec_00967	2021-05-16	recombinant	AlphaxAlpha	Alpha	Alpha	9851
rec_00968	2021-05-16	recombinant	AlphaxAlpha	Alpha	Alpha	24140
rec_00969	2021-05-16	recombinant	AlphaxAlpha	Alpha	Alpha	24114
rec_00970	2021-05-16	recombinant	AlphaxAlpha	Alpha	Alpha	5012
rec_00971	2021-05-16	recombinant	AlphaxAlpha	Alpha	Alpha	6245
rec_00972	2021-05-16	recombinant	AlphaxAlpha	Alpha	Alpha	17957
rec_00973	2021-05-16	recombinant	AlphaxAlpha	Alpha	Alpha	16425
rec_00974	2021-05-16	recombinant	AlphaxAlpha	Alpha	Alpha	17689
rec_00975	2021-05-16	recombinant	AlphaxAlpha	Alpha	Alpha	21766
rec_00976	2021-05-16	recombinant	AlphaxAlpha	Alpha	Alpha	6304
rec_00977	2021-05-16	recombinant	AlphaxAlpha	Alpha	Alpha	6569
rec_00978	2021-05-16	recombinant	AlphaxAlpha	Alpha	Alpha	22980
rec_00979	2021-05-16	recombinant	AlphaxAlpha	Alpha	Alpha	19682
rec_00980	2021-05-16	recombinant	AlphaxAlpha	Alpha	Alpha	23863
rec_00981	2021-05-16	recombinant	AlphaxAlpha	Alpha	Alpha	26260
rec_00982	2021-05-16	recombinant	AlphaxAlpha	Alpha	Alpha	4367
rec_00983	2021-05-16	recombinant	AlphaxAlpha	Alpha	Alpha	6631
rec_00984	2021-05-16	recombinant	AlphaxAlpha	Alpha	Alpha	1798
rec_00985	2021-05-16	recombinant	AlphaxAlpha	Alpha	Alpha	6212
rec_00986	2021-05-16	recombinant	AlphaxAlpha	Alpha	Alpha	3063
rec_00987	2021-05-16	recombinant	AlphaxAlpha	Alpha	Alpha	26002
rec_00988	2021-05-16	recombinant	AlphaxAlpha	Alpha	Alpha	8731
rec_00989	2021-05-16	recombinant	AlphaxAlpha	Alpha	Alpha	8480
rec_00990	2021-05-16	recombinant	AlphaxAlpha	Alpha	Alpha	5467
rec_00991	2021-05-16	recombinant	AlphaxAlpha	Alpha	Alpha	12764
rec_00992	2021-05-16	recombinant	AlphaxAlpha	Alpha	Alpha	21454
rec_00993	2021-05-16	recombinant	AlphaxAlpha	Alpha	Alpha	5200
rec_00994	2021-05-16	recombinant	AlphaxAlpha	Alpha	Alpha	5065
rec_00995	2021-05-16	recombinant	AlphaxAlpha	Alpha	Alpha	21115
rec_00996	2021-05-16	recombinant	AlphaxAlpha	Alpha	Alpha	16248
rec_00997	2021-05-16	recombinant	AlphaxAlpha	Alpha	Alpha	18957
rec_00998	2021-05-16	recombinant	AlphaxAlpha	Alpha	Alpha	8360
rec_00999	2021-05-16	recombinant	AlphaxAlpha	Alpha	Alpha	2265
ERR5963613	2021-05-16	control	none	Alpha	Alpha	-1
ERR5963617	2021-05-16	control	none	Delta	Delta	-1
ERR5963620	2021-05-16	control	none	Delta	Delta	-1
ERR5963642	2021-05-16	control	none	Delta	Delta	-1
ERR5963644	2021-05-16	control	none	Delta	Delta	-1
ERR5963650	2021-05-16	control	none	Delta	Delta	-1
ERR5963652	2021-05-16	control	none	Alpha	Alpha	-1
ERR5963670	2021-05-16	control	none	Alpha	Alpha	-1
ERR5963699	2021-05-16	control	none	Alpha	Alpha	-1
ERR5963724	2021-05-16	control	none	Delta	Delta	-1
ERR5963726	2021-05-16	control	none	Delta	Delta	-1
ERR5963753	2021-05-16	control	none	Delta	Delta	-1
ERR5963780	2021-05-16	control	none	Alpha	Alpha	-1
ERR5963784	2021-05-16	control	none	Alpha	Alpha	-1
ERR5963806	2021-05-16	control	none	Delta	Delta	-1
ERR5963808	2021-05-16	control	none	Alpha	Alpha	-1
ERR5963829	2021-05-16	control	none	Alpha	Alpha	-1
ERR5963835	2021-05-16	control	none	Alpha	Alpha	-1
ERR5963839	2021-05-16	control	none	Alpha	Alpha	-1
ERR5963860	2021-05-16	control	none	Delta	Delta	-1
ERR5963865	2021-05-16	control	none	Delta	Delta	-1
ERR5963867	2021-05-16	control	none	Alpha	Alpha	-1
ERR5963890	2021-05-16	control	none	Delta	Delta	-1
ERR5963895	2021-05-16	control	none	Delta	Delta	-1
ERR5964087	2021-05-16	control	none	Delta	Delta	-1
ERR5964111	2021-05-16	control	none	Alpha	Alpha	-1
ERR5964113	2021-05-16	control	none	Alpha	Alpha	-1
ERR5964134	2021-05-16	control	none	Alpha	Alpha	-1
ERR5964192	2021-05-16	control	none	Delta	Delta	-1
ERR5964339	2021-05-16	control	none	Alpha	Alpha	-1
ERR5964358	2021-05-16	control	none	Alpha	Alpha	-1
ERR5964360	2021-05-16	control	none	Alpha	Alpha	-1
ERR5964363	2021-05-16	control	none	Alpha	Alpha	-1
ERR5964364	2021-05-16	control	none	Alpha	Alpha	-1
ERR5964366	2021-05-16	control	none	Alpha	Alpha	-1
ERR5964379	2021-05-16	control	none	Delta	Delta	-1
ERR5964381	2021-05-16	control	none	Delta	Delta	-1
ERR5964393	2021-05-16	control	none	Delta	Delta	-1
ERR5964465	2021-05-16	control	none	Alpha	Alpha	-1
ERR5964540	2021-05-16	control	none	Alpha	Alpha	-1
ERR5964542	2021-05-16	control	none	Alpha	Alpha	-1
ERR5964546	2021-05-16	control	none	Delta	Delta	-1
ERR5964548	2021-05-16	control	none	Alpha	Alpha	-1
ERR5964550	2021-05-16	control	none	Delta	Delta	-1
ERR5964569	2021-05-16	control	none	Alpha	Alpha	-1
ERR5964576	2021-05-16	control	none	Delta	Delta	-1
ERR5964580	2021-05-16	control	none	Delta	Delta	-1
ERR5964602	2021-05-16	control	none	Alpha	Alpha	-1
ERR5964606	2021-05-16	control	none	Alpha	Alpha	-1
ERR5964609	2021-05-16	control	none	Delta	Delta	-1
ERR5964635	2021-05-16	control	none	Delta	Delta	-1
ERR5964656	2021-05-16	control	none	Delta	Delta	-1
ERR5964658	2021-05-16	control	none	Alpha	Alpha	-1
ERR5964660	2021-05-16	control	none	Delta	Delta	-1
ERR5964680	2021-05-16	control	none	Delta	Delta	-1
ERR5964684	2021-05-16	control	none	Delta	Delta	-1
ERR5964686	2021-05-16	control	none	Alpha	Alpha	-1
ERR5964690	2021-05-16	control	none	Alpha	Alpha	-1
ERR5964710	2021-05-16	control	none	Delta	Delta	-1
ERR5964718	2021-05-16	control	none	Delta	Delta	-1
ERR5964740	2021-05-16	control	none	Alpha	Alpha	-1
ERR5964747	2021-05-16	control	none	Alpha	Alpha	-1
ERR5964770	2021-05-16	control	none	Alpha	Alpha	-1
ERR5964776	2021-05-16	control	none	Alpha	Alpha	-1
ERR5964780	2021-05-16	control	none	Delta	Delta	-1
ERR5964797	2021-05-16	control	none	Alpha	Alpha	-1
ERR5964799	2021-05-16	control	none	Delta	Delta	-1
ERR5964803	2021-05-16	control	none	Alpha	Alpha	-1
ERR5964807	2021-05-16	control	none	Delta	Delta	-1
ERR5964809	2021-05-16	control	none	Delta	Delta	-1
ERR5964828	2021-05-16	control	none	Delta	Delta	-1
ERR5964829	2021-05-16	control	none	Alpha	Alpha	-1
ERR5964831	2021-05-16	control	none	Alpha	Alpha	-1
ERR5964835	2021-05-16	control	none	Alpha	Alpha	-1
ERR5964836	2021-05-16	control	none	Delta	Delta	-1
ERR5964840	2021-05-16	control	none	Delta	Delta	-1
ERR5964856	2021-05-16	control	none	Delta	Delta	-1
ERR5964860	2021-05-16	control	none	Delta	Delta	-1
ERR5964862	2021-05-16	control	none	Alpha	Alpha	-1
ERR5964869	2021-05-16	control	none	Alpha	Alpha	-1
ERR5964873	2021-05-16	control	none	Alpha	Alpha	-1
ERR5964879	2021-05-16	control	none	Delta	Delta	-1
ERR5964881	2021-05-16	control	none	Delta	Delta	-1
ERR5964882	2021-05-16	control	none	Delta	Delta	-1
ERR5964883	2021-05-16	control	none	Delta	Delta	-1
ERR5964887	2021-05-16	control	none	Delta	Delta	-1
ERR5964888	2021-05-16	control	none	Delta	Delta	-1
ERR5964892	2021-05-16	control	none	Alpha	Alpha	-1
ERR5964893	2021-05-16	control	none	Alpha	Alpha	-1
ERR5964894	2021-05-16	control	none	Alpha	Alpha	-1
ERR5964895	2021-05-16	control	none	Delta	Delta	-1
ERR5964896	2021-05-16	control	none	Delta	Delta	-1
ERR5964909	2021-05-16	control	none	Delta	Delta	-1
ERR5964917	2021-05-16	control	none	Delta	Delta	-1
ERR5964918	2021-05-16	control	none	Alpha	Alpha	-1
ERR5964919	2021-05-16	control	none	Alpha	Alpha	-1
ERR5964923	2021-05-16	control	none	Alpha	Alpha	-1
ERR5964930	2021-05-16	control	none	Alpha	Alpha	-1
ERR5964932	2021-05-16	control	none	Delta	Delta	-1
ERR5964936	2021-05-16	control	none	Delta	Delta	-1
ERR5964941	2021-05-16	control	none	Alpha	Alpha	-1
ERR5964954	2021-05-16	control	none	Alpha	Alpha	-1
ERR5964959	2021-05-16	control	none	Delta	Delta	-1
ERR5964976	2021-05-16	control	none	Alpha	Alpha	-1
ERR5964977	2021-05-16	control	none	Delta	Delta	-1
ERR5964980	2021-05-16	control	none	Alpha	Alpha	-1
ERR5964984	2021-05-16	control	none	Delta	Delta	-1
ERR5964992	2021-05-16	control	none	Delta	Delta	-1
ERR5964996	2021-05-16	control	none	Delta	Delta	-1
ERR5965005	2021-05-16	control	none	Alpha	Alpha	-1
ERR5965013	2021-05-16	control	none	Delta	Delta	-1
ERR5965017	2021-05-16	control	none	Alpha	Alpha	-1
ERR5965025	2021-05-16	control	none	Alpha	Alpha	-1
ERR5965027	2021-05-16	control	none	Alpha	Alpha	-1
ERR5965029	2021-05-16	control	none	Alpha	Alpha	-1
ERR5965037	2021-05-16	control	none	Alpha	Alpha	-1
ERR5965040	2021-05-16	control	none	Delta	Delta	-1
ERR5965047	2021-05-16	control	none	Alpha	Alpha	-1
ERR5965060	2021-05-16	control	none	Alpha	Alpha	-1
ERR5965064	2021-05-16	control	none	Alpha	Alpha	-1
ERR5965066	2021-05-16	control	none	Alpha	Alpha	-1
ERR5965069	2021-05-16	control	none	Delta	Delta	-1
ERR5965091	2021-05-16	control	none	Alpha	Alpha	-1
ERR5965092	2021-05-16	control	none	Delta	Delta	-1
ERR5965093	2021-05-16	control	none	Alpha	Alpha	-1
ERR5965099	2021-05-16	control	none	Delta	Delta	-1
ERR5965101	2021-05-16	control	none	Alpha	Alpha	-1
ERR5965103	2021-05-16	control	none	Alpha	Alpha	-1
ERR5965105	2021-05-16	control	none	Delta	Delta	-1
ERR5965120	2021-05-16	control	none	Alpha	Alpha	-1
ERR5965122	2021-05-16	control	none	Alpha	Alpha	-1
ERR5965124	2021-05-16	control	none	Alpha	Alpha	-1
ERR5965130	2021-05-16	control	none	Alpha	Alpha	-1
ERR5965132	2021-05-16	control	none	Alpha	Alpha	-1
ERR5965135	2021-05-16	control	none	Alpha	Alpha	-1
ERR5965144	2021-05-16	control	none	Delta	Delta	-1
ERR5965156	2021-05-16	control	none	Alpha	Alpha	-1
ERR5965162	2021-05-16	control	none	Alpha	Alpha	-1
ERR5965165	2021-05-16	control	none	Alpha	Alpha	-1
ERR5965181	2021-05-16	control	none	Alpha	Alpha	-1
ERR5965193	2021-05-16	control	none	Delta	Delta	-1
ERR5965199	2021-05-16	control	none	Alpha	Alpha	-1
ERR5965211	2021-05-16	control	none	Delta	Delta	-1
ERR5965215	2021-05-16	control	none	Delta	Delta	-1
ERR5965218	2021-05-16	control	none	Delta	Delta	-1
ERR5965220	2021-05-16	control	none	Alpha	Alpha	-1
ERR5965225	2021-05-16	control	none	Alpha	Alpha	-1
ERR5965244	2021-05-16	control	none	Alpha	Alpha	-1
ERR5965260	2021-05-16	control	none	Delta	Delta	-1
ERR5965275	2021-05-16	control	none	Delta	Delta	-1
ERR5965277	2021-05-16	control	none	Delta	Delta	-1
ERR5965280	2021-05-16	control	none	Alpha	Alpha	-1
ERR5965292	2021-05-16	control	none	Alpha	Alpha	-1
ERR5965302	2021-05-16	control	none	Alpha	Alpha	-1
ERR5965304	2021-05-16	control	none	Delta	Delta	-1
ERR5965323	2021-05-16	control	none	Delta	Delta	-1
ERR5965325	2021-05-16	control	none	Delta	Delta	-1
ERR5965327	2021-05-16	control	none	Delta	Delta	-1
ERR5965329	2021-05-16	control	none	Alpha	Alpha	-1
ERR5965335	2021-05-16	control	none	Delta	Delta	-1
ERR5965354	2021-05-16	control	none	Alpha	Alpha	-1
ERR5965363	2021-05-16	control	none	Alpha	Alpha	-1
ERR5965386	2021-05-16	control	none	Delta	Delta	-1
ERR5965392	2021-05-16	control	none	Alpha	Alpha	-1
ERR5965394	2021-05-16	control	none	Alpha	Alpha	-1
ERR5965402	2021-05-16	control	none	Delta	Delta	-1
ERR5965411	2021-05-16	control	none	Delta	Delta	-1
ERR5965412	2021-05-16	control	none	Alpha	Alpha	-1
ERR5965432	2021-05-16	control	none	Alpha	Alpha	-1
ERR5965448	2021-05-16	control	none	Delta	Delta	-1
ERR5965450	2021-05-16	control	none	Alpha	Alpha	-1
ERR5965454	2021-05-16	control	none	Delta	Delta	-1
ERR5965464	2021-05-16	control	none	Alpha	Alpha	-1
ERR5965471	2021-05-16	control	none	Alpha	Alpha	-1
ERR5965473	2021-05-16	control	none	Alpha	Alpha	-1
ERR5965479	2021-05-16	control	none	Alpha	Alpha	-1
ERR5965481	2021-05-16	control	none	Alpha	Alpha	-1
ERR5965493	2021-05-16	control	none	Alpha	Alpha	-1
ERR5965509	2021-05-16	control	none	Alpha	Alpha	-1
ERR5965510	2021-05-16	control	none	Alpha	Alpha	-1
ERR5965520	2021-05-16	control	none	Delta	Delta	-1
ERR5965521	2021-05-16	control	none	Delta	Delta	-1
ERR5965532	2021-05-16	control	none	Delta	Delta	-1
ERR5965534	2021-05-16	control	none	Alpha	Alpha	-1
ERR5965537	2021-05-16	control	none	Delta	Delta	-1
ERR5965539	2021-05-16	control	none	Alpha	Alpha	-1
ERR5965555	2021-05-16	control	none	Alpha	Alpha	-1
ERR5965557	2021-05-16	control	none	Alpha	Alpha	-1
ERR5965559	2021-05-16	control	none	Alpha	Alpha	-1
ERR5965573	2021-05-16	control	none	Delta	Delta	-1
ERR5965574	2021-05-16	control	none	Delta	Delta	-1
ERR5965592	2021-05-16	control	none	Delta	Delta	-1
ERR5965609	2021-05-16	control	none	Alpha	Alpha	-1
ERR5965613	2021-05-16	control	none	Alpha	Alpha	-1
ERR5965615	2021-05-16	control	none	Delta	Delta	-1
ERR5965620	2021-05-16	control	none	Delta	Delta	-1
ERR5965621	2021-05-16	control	none	Delta	Delta	-1
ERR5965624	2021-05-16	control	none	Delta	Delta	-1
ERR5965626	2021-05-16	control	none	Delta	Delta	-1
ERR5965637	2021-05-16	control	none	Alpha	Alpha	-1
ERR5965638	2021-05-16	control	none	Delta	Delta	-1
ERR5965641	2021-05-16	control	none	Alpha	Alpha	-1
ERR5965643	2021-05-16	control	none	Delta	Delta	-1
ERR5965648	2021-05-16	control	none	Alpha	Alpha	-1
ERR5965661	2021-05-16	control	none	Delta	Delta	-1
ERR5965663	2021-05-16	control	none	Delta	Delta	-1
ERR5965665	2021-05-16	control	none	Delta	Delta	-1
ERR5965666	2021-05-16	control	none	Delta	Delta	-1
ERR5965670	2021-05-16	control	none	Delta	Delta	-1
ERR5965672	2021-05-16	control	none	Delta	Delta	-1
ERR5965681	2021-05-16	control	none	Delta	Delta	-1
ERR5965697	2021-05-16	control	none	Delta	Delta	-1
ERR5965698	2021-05-16	control	none	Alpha	Alpha	-1
ERR5965716	2021-05-16	control	none	Delta	Delta	-1
ERR5965719	2021-05-16	control	none	Delta	Delta	-1
ERR5965725	2021-05-16	control	none	Delta	Delta	-1
ERR5965789	2021-05-16	control	none	Alpha	Alpha	-1
ERR5965799	2021-05-16	control	none	Delta	Delta	-1
ERR5965804	2021-05-16	control	none	Delta	Delta	-1
ERR5965806	2021-05-16	control	none	Delta	Delta	-1
ERR5965808	2021-05-16	control	none	Delta	Delta	-1
ERR5965809	2021-05-16	control	none	Alpha	Alpha	-1
ERR5965813	2021-05-16	control	none	Delta	Delta	-1
ERR5965823	2021-05-16	control	none	Alpha	Alpha	-1
ERR5966276	2021-05-16	control	none	Alpha	Alpha	-1
ERR5966294	2021-05-16	control	none	Alpha	Alpha	-1
ERR5966384	2021-05-16	control	none	Delta	Delta	-1
ERR5966386	2021-05-16	control	none	Delta	Delta	-1
ERR5966454	2021-05-16	control	none	Delta	Delta	-1
ERR5966490	2021-05-16	control	none	Delta	Delta	-1
ERR5966783	2021-05-16	control	none	Alpha	Alpha	-1
ERR5966790	2021-05-16	control	none	Alpha	Alpha	-1
ERR5966791	2021-05-16	control	none	Alpha	Alpha	-1
ERR5966799	2021-05-16	control	none	Delta	Delta	-1
ERR5966801	2021-05-16	control	none	Delta	Delta	-1
ERR5970733	2021-05-16	control	none	Alpha	Alpha	-1
ERR5972198	2021-05-16	control	none	Alpha	Alpha	-1
ERR5972750	2021-05-16	control	none	Delta	Delta	-1
ERR5981395	2021-05-16	control	none	Alpha	Alpha	-1
ERR5981401	2021-05-16	control	none	Delta	Delta	-1
ERR5981416	2021-05-16	control	none	Alpha	Alpha	-1
ERR5981425	2021-05-16	control	none	Alpha	Alpha	-1
ERR5981431	2021-05-16	control	none	Alpha	Alpha	-1
ERR5981518	2021-05-16	control	none	Alpha	Alpha	-1
ERR5981550	2021-05-16	control	none	Alpha	Alpha	-1
ERR5981606	2021-05-16	control	none	Delta	Delta	-1
ERR5989114	2021-05-16	control	none	Alpha	Alpha	-1
ERR5989156	2021-05-16	control	none	Delta	Delta	-1
ERR5989344	2021-05-16	control	none	Alpha	Alpha	-1
ERR5989507	2021-05-16	control	none	Alpha	Alpha	-1
ERR5989567	2021-05-16	control	none	Alpha	Alpha	-1
ERR5989630	2021-05-16	control	none	Alpha	Alpha	-1
ERR5989648	2021-05-16	control	none	Alpha	Alpha	-1
ERR5989833	2021-05-16	control	none	Delta	Delta	-1
ERR5989834	2021-05-16	control	none	Alpha	Alpha	-1
ERR5990007	2021-05-16	control	none	Alpha	Alpha	-1
ERR5990175	2021-05-16	control	none	Delta	Delta	-1
ERR5990206	2021-05-16	control	none	Alpha	Alpha	-1
ERR5990266	2021-05-16	control	none	Alpha	Alpha	-1
ERR5990287	2021-05-16	control	none	Alpha	Alpha	-1
ERR5990437	2021-05-16	control	none	Alpha	Alpha	-1
ERR5990479	2021-05-16	control	none	Delta	Delta	-1
ERR5990516	2021-05-16	control	none	Alpha	Alpha	-1
ERR5990620	2021-05-16	control	none	Alpha	Alpha	-1
ERR5990714	2021-05-16	control	none	Alpha	Alpha	-1
ERR5990767	2021-05-16	control	none	Alpha	Alpha	-1
ERR5990866	2021-05-16	control	none	Alpha	Alpha	-1
ERR5990935	2021-05-16	control	none	Alpha	Alpha	-1
ERR5990955	2021-05-16	control	none	Alpha	Alpha	-1
ERR5990986	2021-05-16	control	none	Alpha	Alpha	-1
ERR5991038	2021-05-16	control	none	Alpha	Alpha	-1
ERR5991071	2021-05-16	control	none	Alpha	Alpha	-1
ERR5991105	2021-05-16	control	none	Delta	Delta	-1
ERR5991209	2021-05-16	control	none	Alpha	Alpha	-1
ERR5991283	2021-05-16	control	none	Alpha	Alpha	-1
ERR5991285	2021-05-16	control	none	Alpha	Alpha	-1
ERR5991353	2021-05-16	control	none	Delta	Delta	-1
ERR5991480	2021-05-16	control	none	Alpha	Alpha	-1
ERR5991600	2021-05-16	control	none	Alpha	Alpha	-1
ERR5991603	2021-05-16	control	none	Alpha	Alpha	-1
ERR5991780	2021-05-16	control	none	Alpha	Alpha	-1
ERR5991872	2021-05-16	control	none	Alpha	Alpha	-1
ERR5992093	2021-05-16	control	none	Alpha	Alpha	-1
ERR5992117	2021-05-16	control	none	Alpha	Alpha	-1
ERR5992138	2021-05-16	control	none	Alpha	Alpha	-1
ERR5992154	2021-05-16	control	none	Alpha	Alpha	-1
ERR5993439	2021-05-16	control	none	Delta	Delta	-1
ERR5993644	2021-05-16	control	none	Delta	Delta	-1
ERR5993918	2021-05-16	control	none	Alpha	Alpha	-1
ERR5994033	2021-05-16	control	none	Delta	Delta	-1
ERR5994341	2021-05-16	control	none	Alpha	Alpha	-1
ERR5995227	2021-05-16	control	none	Delta	Delta	-1
ERR5995364	2021-05-16	control	none	Delta	Delta	-1
ERR5995365	2021-05-16	control	none	Delta	Delta	-1
ERR5995793	2021-05-16	control	none	Delta	Delta	-1
ERR5995827	2021-05-16	control	none	Delta	Delta	-1
ERR5995900	2021-05-16	control	none	Delta	Delta	-1
ERR5995906	2021-05-16	control	none	Delta	Delta	-1
ERR5995925	2021-05-16	control	none	Delta	Delta	-1
ERR5995927	2021-05-16	control	none	Delta	Delta	-1
ERR5995929	2021-05-16	control	none	Delta	Delta	-1
ERR5995935	2021-05-16	control	none	Delta	Delta	-1
ERR5995939	2021-05-16	control	none	Delta	Delta	-1
ERR5995958	2021-05-16	control	none	Delta	Delta	-1
ERR5995962	2021-05-16	control	none	Delta	Delta	-1
ERR5995964	2021-05-16	control	none	Delta	Delta	-1
ERR5995966	2021-05-16	control	none	Delta	Delta	-1
ERR5995968	2021-05-16	control	none	Delta	Delta	-1
ERR5995985	2021-05-16	control	none	Delta	Delta	-1
ERR5995987	2021-05-16	control	none	Alpha	Alpha	-1
ERR5995989	2021-05-16	control	none	Delta	Delta	-1
ERR5995990	2021-05-16	control	none	Delta	Delta	-1
ERR5995992	2021-05-16	control	none	Delta	Delta	-1
ERR5995994	2021-05-16	control	none	Alpha	Alpha	-1
ERR5995997	2021-05-16	control	none	Alpha	Alpha	-1
ERR5996018	2021-05-16	control	none	Delta	Delta	-1
ERR5996021	2021-05-16	control	none	Delta	Delta	-1
ERR5996022	2021-05-16	control	none	Delta	Delta	-1
ERR5996024	2021-05-16	control	none	Delta	Delta	-1
ERR5996030	2021-05-16	control	none	Delta	Delta	-1
ERR5996047	2021-05-16	control	none	Delta	Delta	-1
ERR5996048	2021-05-16	control	none	Delta	Delta	-1
ERR5996052	2021-05-16	control	none	Delta	Delta	-1
ERR5996055	2021-05-16	control	none	Delta	Delta	-1
ERR5996078	2021-05-16	control	none	Delta	Delta	-1
ERR5996079	2021-05-16	control	none	Delta	Delta	-1
ERR5996085	2021-05-16	control	none	Delta	Delta	-1
ERR5996090	2021-05-16	control	none	Delta	Delta	-1
ERR5996092	2021-05-16	control	none	Delta	Delta	-1
ERR5996656	2021-05-16	control	none	Alpha	Alpha	-1
ERR6007721	2021-05-16	control	none	Delta	Delta	-1
ERR6008959	2021-05-16	control	none	Delta	Delta	-1
ERR6009153	2021-05-16	control	none	Delta	Delta	-1
ERR6058933	2021-05-16	control	none	Alpha	Alpha	-1
ERR6059393	2021-05-16	control	none	Alpha	Alpha	-1
ERR6060204	2021-05-16	control	none	Alpha	Alpha	-1
ERR6060812	2021-05-16	control	none	Alpha	Alpha	-1
ERR6064588	2021-05-16	control	none	Delta	Delta	-1
