strain,mutation_multiplier,type,cross,left_parent,right_parent,left_lineage,right_lineage,left_pango,right_pango,parent_pangonet_distance,breakpoint,num_informative_left,num_informative_right,detectable_window,num_missing,num_added_mutations,num_added_mutations_arg
rec_00000,1,recombinant,AlphaxDelta,ERR5990165,ERR5965474,Alpha,Delta,B.1.1.7,AY.4,5,16840,23,35,29681,0,0,0
rec_00001,1,recombinant,AlphaxDelta,ERR5965551,ERR5964901,Alpha,Delta,B.1.1.7,AY.4,5,9480,15,44,29532,0,0,0
rec_00002,1,recombinant,AlphaxDelta,ERR5981429,ERR5963603,Delta,Alpha,AY.4,B.1.1.7,5,13106,17,37,29532,0,0,0
rec_00003,1,recombinant,AlphaxDelta,ERR5964574,ERR5964384,Delta,Alpha,AY.4,B.1.1.7,5,11204,16,42,29532,0,1,1
rec_00004,1,recombinant,AlphaxDelta,ERR5965300,ERR5995776,Alpha,Delta,B.1.1.7,AY.4,5,19951,33,33,29532,0,2,2
rec_00005,1,recombinant,AlphaxDelta,ERR5966786,ERR5964982,Alpha,Delta,B.1.1.7,AY.4,5,28515,50,7,29532,0,0,0
rec_00006,1,recombinant,AlphaxDelta,ERR5963674,ERR5991149,Delta,Alpha,AY.5,B.1.1.7,5,12746,18,43,29532,36,0,0
rec_00007,1,recombinant,AlphaxDelta,ERR5966480,ERR5964582,Delta,Alpha,AY.4,B.1.1.7,5,21043,27,31,29532,0,0,0
rec_00008,1,recombinant,AlphaxDelta,ERR5965272,ERR5965819,Alpha,Delta,B.1.1.7,AY.5,5,10063,14,39,29532,0,1,1
rec_00009,1,recombinant,AlphaxDelta,ERR5964571,ERR5964805,Alpha,Delta,B.1.1.7,AY.4,5,15717,26,37,29532,231,0,0
rec_00010,1,recombinant,AlphaxDelta,ERR5995956,ERR5989439,Alpha,Delta,B.1.1.7,B.1.617.2,4,12548,17,40,29532,0,0,0
rec_00011,1,recombinant,AlphaxDelta,ERR5964801,ERR5989051,Delta,Alpha,AY.4,B.1.1.7,5,16629,24,35,29532,0,0,0
rec_00012,1,recombinant,AlphaxDelta,ERR5995903,ERR5965266,Delta,Alpha,AY.4,B.1.1.7,5,19434,27,34,29532,0,0,0
rec_00013,1,recombinant,AlphaxDelta,ERR5964582,ERR5966464,Alpha,Delta,B.1.1.7,AY.4,5,11804,18,41,29532,0,0,0
rec_00014,1,recombinant,AlphaxDelta,ERR5965269,ERR5964805,Alpha,Delta,B.1.1.7,AY.4,5,1428,3,62,29532,231,0,0
rec_00015,1,recombinant,AlphaxDelta,ERR5964958,ERR5996029,Alpha,Delta,B.1.1.7,AY.4,5,4660,4,57,29532,4,0,0
rec_00016,1,recombinant,AlphaxDelta,ERR5963646,ERR5966452,Alpha,Delta,B.1.1.7,AY.4,5,27992,49,13,29532,0,1,1
rec_00017,1,recombinant,AlphaxDelta,ERR5965238,ERR5995999,Alpha,Delta,B.1.1.7,AY.4,5,8836,14,47,29533,0,1,1
rec_00018,1,recombinant,AlphaxDelta,ERR5995986,ERR5965477,Alpha,Delta,B.1.1.7,AY.4,5,21569,26,32,29532,0,1,1
rec_00019,1,recombinant,AlphaxDelta,ERR5990141,ERR5965239,Alpha,Delta,B.1.1.7,AY.9,5,7379,9,43,29568,0,0,0
rec_00020,1,recombinant,AlphaxDelta,ERR5964960,ERR5990992,Delta,Alpha,AY.4,B.1.1.7,5,16635,24,36,29532,0,0,0
rec_00021,1,recombinant,AlphaxDelta,ERR5965236,ERR5964921,Delta,Alpha,AY.8,B.1.1.7,5,22742,27,30,29534,272,0,0
rec_00022,1,recombinant,AlphaxDelta,ERR5989657,ERR5994140,Alpha,Delta,B.1.1.7,AY.4,5,22172,28,29,29532,0,1,1
rec_00023,1,recombinant,AlphaxDelta,ERR5965427,ERR5996054,Alpha,Delta,B.1.1.7,AY.4,5,25189,43,23,29579,0,0,0
rec_00024,1,recombinant,AlphaxDelta,ERR5965390,ERR5965049,Alpha,Delta,B.1.1.7,AY.120,5,20556,28,33,29553,197,0,0
rec_00025,1,recombinant,AlphaxAlpha,ERR5996015,ERR5965071,Alpha,Alpha,B.1.1.7,B.1.1.7,0,25790,7,3,25657,0,1,1
rec_00026,1,recombinant,AlphaxAlpha,ERR5966786,ERR5996015,Alpha,Alpha,B.1.1.7,B.1.1.7,0,10981,3,7,27818,0,1,1
rec_00027,1,recombinant,AlphaxAlpha,ERR5965617,ERR5996015,Alpha,Alpha,B.1.1.7,B.1.1.7,0,17244,5,4,24442,0,0,0
rec_00028,1,recombinant,AlphaxAlpha,ERR5964318,ERR5991738,Alpha,Alpha,B.1.1.7,B.1.1.7,0,27351,12,1,27113,0,1,1
rec_00029,1,recombinant,AlphaxAlpha,ERR5965038,ERR5991610,Alpha,Alpha,B.1.1.7,B.1.1.7,0,6375,3,9,26426,0,1,1
rec_00030,1,recombinant,AlphaxAlpha,ERR5964866,ERR5991732,Alpha,Alpha,B.1.1.7,B.1.1.7,0,7463,5,15,28065,78,2,2
rec_00031,1,recombinant,AlphaxAlpha,ERR5989570,ERR5965158,Alpha,Alpha,B.1.1.7,B.1.1.7,0,13573,10,7,29389,0,0,0
rec_00032,1,recombinant,AlphaxAlpha,ERR5964582,ERR5965174,Alpha,Alpha,B.1.1.7,B.1.1.7,0,14728,6,9,24729,0,0,0
rec_00033,1,recombinant,AlphaxAlpha,ERR5964571,ERR5964870,Alpha,Alpha,B.1.1.7,B.1.1.7,0,20481,13,3,25642,0,0,0
rec_00034,1,recombinant,AlphaxAlpha,ERR5964738,ERR5965765,Alpha,Alpha,B.1.1.7,B.1.1.7,0,23852,11,4,26656,0,0,0
rec_00035,1,recombinant,AlphaxAlpha,ERR5965062,ERR5964701,Alpha,Alpha,B.1.1.7,B.1.1.7,0,21807,6,7,24466,0,1,1
rec_00036,1,recombinant,AlphaxAlpha,ERR5989483,ERR5989657,Alpha,Alpha,B.1.1.7,B.1.1.7,0,9429,5,10,27198,0,1,1
rec_00037,1,recombinant,AlphaxAlpha,ERR5964768,ERR5964341,Alpha,Alpha,B.1.1.7,B.1.1.7,0,25629,11,6,29405,0,0,0
rec_00038,1,recombinant,AlphaxAlpha,ERR5964353,ERR5964663,Alpha,Alpha,B.1.1.7,B.1.1.7,0,23480,14,4,28328,0,0,0
rec_00039,1,recombinant,AlphaxAlpha,ERR5989815,ERR5964768,Alpha,Alpha,B.1.1.7,B.1.1.7,0,20343,5,3,26243,0,0,0
rec_00040,1,recombinant,AlphaxAlpha,ERR5965581,ERR5964701,Alpha,Alpha,B.1.1.7,B.1.1.7,0,6749,2,10,25233,0,1,1
rec_00041,1,recombinant,AlphaxAlpha,ERR5964956,ERR5963751,Alpha,Alpha,B.1.1.7,B.1.1.7,0,20926,11,11,26814,0,2,2
rec_00042,1,recombinant,AlphaxAlpha,ERR5965128,ERR5964608,Alpha,Alpha,B.1.1.7,B.1.1.7,0,9004,11,11,29600,0,1,1
rec_00043,1,recombinant,AlphaxAlpha,ERR5965238,ERR5964768,Alpha,Alpha,B.1.1.7,B.1.1.7,0,15817,4,8,27290,0,0,0
rec_00044,1,recombinant,AlphaxAlpha,ERR5965553,ERR5995822,Alpha,Alpha,B.1.1.7,B.1.1.7,0,12222,5,4,24492,0,0,0
rec_00045,1,recombinant,AlphaxAlpha,ERR5965765,ERR6062051,Alpha,Alpha,B.1.1.7,B.1.1.7,0,23610,10,4,26656,0,1,1
rec_00046,1,recombinant,AlphaxAlpha,ERR5991094,ERR5964481,Alpha,Alpha,B.1.1.7,B.1.1.7,0,16156,10,7,29254,0,0,0
rec_00047,1,recombinant,AlphaxAlpha,ERR5989598,ERR5964772,Alpha,Alpha,B.1.1.7,B.1.1.7,0,23307,3,4,25828,0,0,0
rec_00048,1,recombinant,AlphaxAlpha,ERR5965430,ERR5972864,Alpha,Alpha,B.1.1.7,B.1.1.7,0,28421,18,1,27555,0,0,0
rec_00049,1,recombinant,AlphaxAlpha,ERR5994263,ERR5966784,Alpha,Alpha,B.1.1.7,B.1.1.7,0,19010,9,3,27540,0,0,0
ERR5964358,1,control,,,,Alpha,Alpha,B.1.1.7,B.1.1.7,-1,-1,-1,-1,-1,0,1,1
ERR5964797,1,control,,,,Alpha,Alpha,B.1.1.7,B.1.1.7,-1,-1,-1,-1,-1,0,0,0
ERR5964828,1,control,,,,Delta,Delta,AY.4,AY.4,-1,-1,-1,-1,-1,0,0,0
ERR5964873,1,control,,,,Alpha,Alpha,B.1.1.7,B.1.1.7,-1,-1,-1,-1,-1,0,0,0
ERR5964976,1,control,,,,Alpha,Alpha,B.1.1.7,B.1.1.7,-1,-1,-1,-1,-1,0,1,1
ERR5965017,1,control,,,,Alpha,Alpha,B.1.1.7,B.1.1.7,-1,-1,-1,-1,-1,0,1,1
ERR5965025,1,control,,,,Alpha,Alpha,B.1.1.7,B.1.1.7,-1,-1,-1,-1,-1,0,1,1
ERR5965069,1,control,,,,Delta,Delta,AY.4,AY.4,-1,-1,-1,-1,-1,125,0,0
ERR5965215,1,control,,,,Delta,Delta,AY.4,AY.4,-1,-1,-1,-1,-1,272,1,1
ERR5965471,1,control,,,,Alpha,Alpha,B.1.1.7,B.1.1.7,-1,-1,-1,-1,-1,0,0,0
ERR5965479,1,control,,,,Alpha,Alpha,B.1.1.7,B.1.1.7,-1,-1,-1,-1,-1,0,0,0
ERR5965481,1,control,,,,Alpha,Alpha,B.1.1.7,B.1.1.7,-1,-1,-1,-1,-1,0,0,0
ERR5965510,1,control,,,,Alpha,Alpha,B.1.1.7,B.1.1.7,-1,-1,-1,-1,-1,0,1,1
ERR5965520,1,control,,,,Delta,Delta,AY.4,AY.4,-1,-1,-1,-1,-1,0,0,0
ERR5965521,1,control,,,,Delta,Delta,AY.4,AY.4,-1,-1,-1,-1,-1,0,0,0
ERR5965559,1,control,,,,Alpha,Alpha,B.1.1.7,B.1.1.7,-1,-1,-1,-1,-1,0,1,1
ERR5965573,1,control,,,,Delta,Delta,AY.4,AY.4,-1,-1,-1,-1,-1,0,0,0
ERR5965638,1,control,,,,Delta,Delta,AY.4,AY.4,-1,-1,-1,-1,-1,0,0,0
ERR5965670,1,control,,,,Delta,Delta,AY.4,AY.4,-1,-1,-1,-1,-1,0,0,0
ERR5965672,1,control,,,,Delta,Delta,AY.4,AY.4,-1,-1,-1,-1,-1,0,2,2
ERR5965697,1,control,,,,Delta,Delta,AY.4,AY.4,-1,-1,-1,-1,-1,0,0,0
ERR5966276,1,control,,,,Alpha,Alpha,B.1.1.7,B.1.1.7,-1,-1,-1,-1,-1,0,0,0
ERR5990266,1,control,,,,Alpha,Alpha,B.1.1.7,B.1.1.7,-1,-1,-1,-1,-1,149,0,0
ERR5996078,1,control,,,,Delta,Delta,B.1.617.2,B.1.617.2,-1,-1,-1,-1,-1,0,0,0
ERR6059393,1,control,,,,Alpha,Alpha,B.1.1.7,B.1.1.7,-1,-1,-1,-1,-1,123,0,0
