pathogen,rep,p,k,gen,num_samples,num_placed
coronavirus,0,0.02,3,0,1,0
coronavirus,0,0.02,3,8,1,1
coronavirus,0,0.02,3,10,1,1
coronavirus,0,0.02,3,12,1,1
coronavirus,0,0.02,3,13,1,1
coronavirus,0,0.02,3,14,2,2
coronavirus,0,0.02,3,15,1,0
coronavirus,0,0.02,3,16,2,1
coronavirus,0,0.02,3,17,7,6
coronavirus,0,0.02,3,18,7,6
coronavirus,0,0.02,3,19,14,11
coronavirus,0,0.02,3,20,21,18
coronavirus,0,0.02,3,21,17,13
coronavirus,0,0.02,3,22,19,17
coronavirus,0,0.02,3,23,22,21
coronavirus,0,0.02,3,24,17,17
coronavirus,0,0.02,3,25,20,17
coronavirus,0,0.02,3,26,32,29
coronavirus,0,0.02,3,27,11,10
coronavirus,0,0.02,3,28,18,13
coronavirus,0,0.02,3,29,20,17
coronavirus,0,0.02,3,30,19,16
coronavirus,0,0.02,3,31,18,16
coronavirus,0,0.02,3,32,23,21
coronavirus,0,0.02,3,33,27,21
coronavirus,0,0.02,3,34,24,17
coronavirus,0,0.02,3,35,26,16
coronavirus,0,0.02,3,36,21,14
coronavirus,0,0.02,3,37,18,12
coronavirus,0,0.02,3,38,13,12
coronavirus,0,0.02,3,39,29,23
coronavirus,0,0.02,3,40,25,20
coronavirus,0,0.02,3,41,18,16
coronavirus,0,0.02,3,42,24,16
coronavirus,0,0.02,3,43,17,14
coronavirus,0,0.02,3,44,12,7
coronavirus,0,0.02,3,45,20,14
coronavirus,0,0.02,3,46,31,24
coronavirus,0,0.02,3,47,19,10
coronavirus,0,0.02,3,48,20,10
coronavirus,0,0.02,3,49,22,12
coronavirus,0,0.02,3,50,23,15
coronavirus,0,0.02,3,51,16,5
coronavirus,0,0.02,3,52,15,7
coronavirus,0,0.02,3,53,16,8
coronavirus,0,0.02,3,54,24,16
coronavirus,0,0.02,3,55,22,12
coronavirus,0,0.02,3,56,19,12
coronavirus,0,0.02,3,57,26,16
coronavirus,0,0.02,3,58,15,8
coronavirus,0,0.02,3,59,19,13
coronavirus,0,0.02,3,60,16,4
coronavirus,0,0.02,3,61,15,7
coronavirus,0,0.02,3,62,22,16
coronavirus,0,0.02,3,63,19,10
coronavirus,0,0.02,3,64,17,8
coronavirus,0,0.02,3,65,25,13
coronavirus,0,0.02,3,66,15,11
coronavirus,0,0.02,3,67,18,6
coronavirus,0,0.02,3,68,20,12
coronavirus,0,0.02,3,69,21,10
coronavirus,0,0.02,3,70,28,12
coronavirus,0,0.02,3,71,24,14
coronavirus,0,0.02,3,72,19,6
coronavirus,0,0.02,3,73,14,4
coronavirus,0,0.02,3,74,19,6
coronavirus,0,0.02,3,75,15,8
coronavirus,0,0.02,3,76,23,12
coronavirus,0,0.02,3,77,21,14
coronavirus,0,0.02,3,78,17,5
coronavirus,0,0.02,3,79,21,12
coronavirus,0,0.02,3,80,16,2
coronavirus,0,0.02,3,81,12,5
coronavirus,0,0.02,3,82,16,9
coronavirus,0,0.02,3,83,15,6
coronavirus,0,0.02,3,84,26,10
coronavirus,0,0.02,3,85,18,9
coronavirus,0,0.02,3,86,18,6
coronavirus,0,0.02,3,87,14,5
coronavirus,0,0.02,3,88,18,10
coronavirus,0,0.02,3,89,26,9
coronavirus,0,0.02,3,90,17,3
coronavirus,0,0.02,3,91,18,5
coronavirus,0,0.02,3,92,24,7
coronavirus,0,0.02,3,93,21,6
coronavirus,0,0.02,3,94,27,7
coronavirus,0,0.02,3,95,18,7
coronavirus,0,0.02,3,96,18,5
coronavirus,0,0.02,3,97,15,4
coronavirus,0,0.02,3,98,22,5
coronavirus,0,0.02,3,99,19,4
coronavirus,0,0.02,3,100,20,1
coronavirus,0,0.02,4,0,1,0
coronavirus,0,0.02,4,8,1,1
coronavirus,0,0.02,4,10,1,1
coronavirus,0,0.02,4,12,1,1
coronavirus,0,0.02,4,13,1,1
coronavirus,0,0.02,4,14,2,2
coronavirus,0,0.02,4,15,1,0
coronavirus,0,0.02,4,16,2,1
coronavirus,0,0.02,4,17,7,6
coronavirus,0,0.02,4,18,7,6
coronavirus,0,0.02,4,19,14,11
coronavirus,0,0.02,4,20,21,18
coronavirus,0,0.02,4,21,17,13
coronavirus,0,0.02,4,22,19,17
coronavirus,0,0.02,4,23,22,21
coronavirus,0,0.02,4,24,17,17
coronavirus,0,0.02,4,25,20,17
coronavirus,0,0.02,4,26,32,29
coronavirus,0,0.02,4,27,11,10
coronavirus,0,0.02,4,28,18,13
coronavirus,0,0.02,4,29,20,17
coronavirus,0,0.02,4,30,19,16
coronavirus,0,0.02,4,31,18,16
coronavirus,0,0.02,4,32,23,21
coronavirus,0,0.02,4,33,27,21
coronavirus,0,0.02,4,34,24,17
coronavirus,0,0.02,4,35,26,16
coronavirus,0,0.02,4,36,21,14
coronavirus,0,0.02,4,37,18,12
coronavirus,0,0.02,4,38,13,12
coronavirus,0,0.02,4,39,29,23
coronavirus,0,0.02,4,40,25,20
coronavirus,0,0.02,4,41,18,16
coronavirus,0,0.02,4,42,24,16
coronavirus,0,0.02,4,43,17,14
coronavirus,0,0.02,4,44,12,7
coronavirus,0,0.02,4,45,20,13
coronavirus,0,0.02,4,46,31,24
coronavirus,0,0.02,4,47,19,10
coronavirus,0,0.02,4,48,20,10
coronavirus,0,0.02,4,49,22,12
coronavirus,0,0.02,4,50,23,15
coronavirus,0,0.02,4,51,16,5
coronavirus,0,0.02,4,52,15,6
coronavirus,0,0.02,4,53,16,8
coronavirus,0,0.02,4,54,24,16
coronavirus,0,0.02,4,55,22,11
coronavirus,0,0.02,4,56,19,12
coronavirus,0,0.02,4,57,26,15
coronavirus,0,0.02,4,58,15,7
coronavirus,0,0.02,4,59,19,12
coronavirus,0,0.02,4,60,16,4
coronavirus,0,0.02,4,61,15,7
coronavirus,0,0.02,4,62,22,14
coronavirus,0,0.02,4,63,19,10
coronavirus,0,0.02,4,64,17,8
coronavirus,0,0.02,4,65,25,13
coronavirus,0,0.02,4,66,15,10
coronavirus,0,0.02,4,67,18,5
coronavirus,0,0.02,4,68,20,10
coronavirus,0,0.02,4,69,21,10
coronavirus,0,0.02,4,70,28,12
coronavirus,0,0.02,4,71,24,13
coronavirus,0,0.02,4,72,19,6
coronavirus,0,0.02,4,73,14,4
coronavirus,0,0.02,4,74,19,6
coronavirus,0,0.02,4,75,15,6
coronavirus,0,0.02,4,76,23,12
coronavirus,0,0.02,4,77,21,13
coronavirus,0,0.02,4,78,17,5
coronavirus,0,0.02,4,79,21,12
coronavirus,0,0.02,4,80,16,2
coronavirus,0,0.02,4,81,12,5
coronavirus,0,0.02,4,82,16,9
coronavirus,0,0.02,4,83,15,6
coronavirus,0,0.02,4,84,26,10
coronavirus,0,0.02,4,85,18,9
coronavirus,0,0.02,4,86,18,6
coronavirus,0,0.02,4,87,14,5
coronavirus,0,0.02,4,88,18,10
coronavirus,0,0.02,4,89,26,9
coronavirus,0,0.02,4,90,17,3
coronavirus,0,0.02,4,91,18,5
coronavirus,0,0.02,4,92,24,7
coronavirus,0,0.02,4,93,21,6
coronavirus,0,0.02,4,94,27,7
coronavirus,0,0.02,4,95,18,7
coronavirus,0,0.02,4,96,18,5
coronavirus,0,0.02,4,97,15,4
coronavirus,0,0.02,4,98,22,5
coronavirus,0,0.02,4,99,19,4
coronavirus,0,0.02,4,100,20,1
coronavirus,0,0.02,5,0,1,0
coronavirus,0,0.02,5,8,1,1
coronavirus,0,0.02,5,10,1,1
coronavirus,0,0.02,5,12,1,1
coronavirus,0,0.02,5,13,1,1
coronavirus,0,0.02,5,14,2,2
coronavirus,0,0.02,5,15,1,0
coronavirus,0,0.02,5,16,2,1
coronavirus,0,0.02,5,17,7,6
coronavirus,0,0.02,5,18,7,6
coronavirus,0,0.02,5,19,14,11
coronavirus,0,0.02,5,20,21,18
coronavirus,0,0.02,5,21,17,13
coronavirus,0,0.02,5,22,19,17
coronavirus,0,0.02,5,23,22,21
coronavirus,0,0.02,5,24,17,17
coronavirus,0,0.02,5,25,20,17
coronavirus,0,0.02,5,26,32,29
coronavirus,0,0.02,5,27,11,10
coronavirus,0,0.02,5,28,18,13
coronavirus,0,0.02,5,29,20,17
coronavirus,0,0.02,5,30,19,16
coronavirus,0,0.02,5,31,18,16
coronavirus,0,0.02,5,32,23,21
coronavirus,0,0.02,5,33,27,21
coronavirus,0,0.02,5,34,24,17
coronavirus,0,0.02,5,35,26,16
coronavirus,0,0.02,5,36,21,14
coronavirus,0,0.02,5,37,18,12
coronavirus,0,0.02,5,38,13,12
coronavirus,0,0.02,5,39,29,23
coronavirus,0,0.02,5,40,25,20
coronavirus,0,0.02,5,41,18,16
coronavirus,0,0.02,5,42,24,16
coronavirus,0,0.02,5,43,17,13
coronavirus,0,0.02,5,44,12,7
coronavirus,0,0.02,5,45,20,13
coronavirus,0,0.02,5,46,31,24
coronavirus,0,0.02,5,47,19,10
coronavirus,0,0.02,5,48,20,10
coronavirus,0,0.02,5,49,22,12
coronavirus,0,0.02,5,50,23,14
coronavirus,0,0.02,5,51,16,5
coronavirus,0,0.02,5,52,15,6
coronavirus,0,0.02,5,53,16,8
coronavirus,0,0.02,5,54,24,15
coronavirus,0,0.02,5,55,22,11
coronavirus,0,0.02,5,56,19,12
coronavirus,0,0.02,5,57,26,14
coronavirus,0,0.02,5,58,15,7
coronavirus,0,0.02,5,59,19,11
coronavirus,0,0.02,5,60,16,4
coronavirus,0,0.02,5,61,15,6
coronavirus,0,0.02,5,62,22,14
coronavirus,0,0.02,5,63,19,9
coronavirus,0,0.02,5,64,17,5
coronavirus,0,0.02,5,65,25,11
coronavirus,0,0.02,5,66,15,10
coronavirus,0,0.02,5,67,18,5
coronavirus,0,0.02,5,68,20,8
coronavirus,0,0.02,5,69,21,9
coronavirus,0,0.02,5,70,28,11
coronavirus,0,0.02,5,71,24,12
coronavirus,0,0.02,5,72,19,6
coronavirus,0,0.02,5,73,14,4
coronavirus,0,0.02,5,74,19,4
coronavirus,0,0.02,5,75,15,6
coronavirus,0,0.02,5,76,23,10
coronavirus,0,0.02,5,77,21,13
coronavirus,0,0.02,5,78,17,4
coronavirus,0,0.02,5,79,21,12
coronavirus,0,0.02,5,80,16,2
coronavirus,0,0.02,5,81,12,5
coronavirus,0,0.02,5,82,16,6
coronavirus,0,0.02,5,83,15,4
coronavirus,0,0.02,5,84,26,9
coronavirus,0,0.02,5,85,18,9
coronavirus,0,0.02,5,86,18,5
coronavirus,0,0.02,5,87,14,4
coronavirus,0,0.02,5,88,18,10
coronavirus,0,0.02,5,89,26,9
coronavirus,0,0.02,5,90,17,3
coronavirus,0,0.02,5,91,18,5
coronavirus,0,0.02,5,92,24,7
coronavirus,0,0.02,5,93,21,4
coronavirus,0,0.02,5,94,27,6
coronavirus,0,0.02,5,95,18,7
coronavirus,0,0.02,5,96,18,3
coronavirus,0,0.02,5,97,15,4
coronavirus,0,0.02,5,98,22,5
coronavirus,0,0.02,5,99,19,3
coronavirus,0,0.02,5,100,20,1
coronavirus,0,0.1,3,0,1,0
coronavirus,0,0.1,3,6,1,1
coronavirus,0,0.1,3,8,2,2
coronavirus,0,0.1,3,9,1,1
coronavirus,0,0.1,3,10,1,1
coronavirus,0,0.1,3,11,3,3
coronavirus,0,0.1,3,12,9,8
coronavirus,0,0.1,3,13,8,7
coronavirus,0,0.1,3,14,17,12
coronavirus,0,0.1,3,15,11,7
coronavirus,0,0.1,3,16,22,15
coronavirus,0,0.1,3,17,38,25
coronavirus,0,0.1,3,18,53,41
coronavirus,0,0.1,3,19,86,55
coronavirus,0,0.1,3,20,99,65
coronavirus,0,0.1,3,21,86,59
coronavirus,0,0.1,3,22,104,80
coronavirus,0,0.1,3,23,95,62
coronavirus,0,0.1,3,24,88,72
coronavirus,0,0.1,3,25,97,61
coronavirus,0,0.1,3,26,114,84
coronavirus,0,0.1,3,27,83,62
coronavirus,0,0.1,3,28,98,64
coronavirus,0,0.1,3,29,91,67
coronavirus,0,0.1,3,30,82,68
coronavirus,0,0.1,3,31,98,74
coronavirus,0,0.1,3,32,110,76
coronavirus,0,0.1,3,33,101,69
coronavirus,0,0.1,3,34,91,69
coronavirus,0,0.1,3,35,102,77
coronavirus,0,0.1,3,36,112,83
coronavirus,0,0.1,3,37,98,74
coronavirus,0,0.1,3,38,90,61
coronavirus,0,0.1,3,39,100,66
coronavirus,0,0.1,3,40,106,75
coronavirus,0,0.1,3,41,109,76
coronavirus,0,0.1,3,42,95,74
coronavirus,0,0.1,3,43,84,60
coronavirus,0,0.1,3,44,84,64
coronavirus,0,0.1,3,45,108,80
coronavirus,0,0.1,3,46,99,76
coronavirus,0,0.1,3,47,88,69
coronavirus,0,0.1,3,48,103,76
coronavirus,0,0.1,3,49,105,76
coronavirus,0,0.1,3,50,106,79
coronavirus,0,0.1,3,51,109,79
coronavirus,0,0.1,3,52,94,68
coronavirus,0,0.1,3,53,90,66
coronavirus,0,0.1,3,54,107,75
coronavirus,0,0.1,3,55,108,82
coronavirus,0,0.1,3,56,86,63
coronavirus,0,0.1,3,57,110,80
coronavirus,0,0.1,3,58,100,69
coronavirus,0,0.1,3,59,116,80
coronavirus,0,0.1,3,60,106,83
coronavirus,0,0.1,3,61,80,45
coronavirus,0,0.1,3,62,97,72
coronavirus,0,0.1,3,63,98,68
coronavirus,0,0.1,3,64,105,78
coronavirus,0,0.1,3,65,105,72
coronavirus,0,0.1,3,66,91,72
coronavirus,0,0.1,3,67,92,66
coronavirus,0,0.1,3,68,96,62
coronavirus,0,0.1,3,69,99,70
coronavirus,0,0.1,3,70,107,70
coronavirus,0,0.1,3,71,102,77
coronavirus,0,0.1,3,72,100,66
coronavirus,0,0.1,3,73,100,75
coronavirus,0,0.1,3,74,100,72
coronavirus,0,0.1,3,75,88,64
coronavirus,0,0.1,3,76,104,64
coronavirus,0,0.1,3,77,99,77
coronavirus,0,0.1,3,78,95,66
coronavirus,0,0.1,3,79,106,70
coronavirus,0,0.1,3,80,94,68
coronavirus,0,0.1,3,81,93,73
coronavirus,0,0.1,3,82,93,64
coronavirus,0,0.1,3,83,90,62
coronavirus,0,0.1,3,84,131,101
coronavirus,0,0.1,3,85,97,63
coronavirus,0,0.1,3,86,96,69
coronavirus,0,0.1,3,87,100,62
coronavirus,0,0.1,3,88,87,65
coronavirus,0,0.1,3,89,102,72
coronavirus,0,0.1,3,90,90,66
coronavirus,0,0.1,3,91,101,58
coronavirus,0,0.1,3,92,103,73
coronavirus,0,0.1,3,93,101,72
coronavirus,0,0.1,3,94,111,85
coronavirus,0,0.1,3,95,94,60
coronavirus,0,0.1,3,96,84,65
coronavirus,0,0.1,3,97,99,60
coronavirus,0,0.1,3,98,106,77
coronavirus,0,0.1,3,99,90,62
coronavirus,0,0.1,3,100,95,62
coronavirus,0,0.1,4,0,1,0
coronavirus,0,0.1,4,6,1,1
coronavirus,0,0.1,4,8,2,2
coronavirus,0,0.1,4,9,1,1
coronavirus,0,0.1,4,10,1,1
coronavirus,0,0.1,4,11,3,3
coronavirus,0,0.1,4,12,9,8
coronavirus,0,0.1,4,13,8,7
coronavirus,0,0.1,4,14,17,12
coronavirus,0,0.1,4,15,11,7
coronavirus,0,0.1,4,16,22,15
coronavirus,0,0.1,4,17,38,25
coronavirus,0,0.1,4,18,53,41
coronavirus,0,0.1,4,19,86,55
coronavirus,0,0.1,4,20,99,65
coronavirus,0,0.1,4,21,86,59
coronavirus,0,0.1,4,22,104,80
coronavirus,0,0.1,4,23,95,62
coronavirus,0,0.1,4,24,88,72
coronavirus,0,0.1,4,25,97,61
coronavirus,0,0.1,4,26,114,84
coronavirus,0,0.1,4,27,83,62
coronavirus,0,0.1,4,28,98,64
coronavirus,0,0.1,4,29,91,67
coronavirus,0,0.1,4,30,82,68
coronavirus,0,0.1,4,31,98,74
coronavirus,0,0.1,4,32,110,76
coronavirus,0,0.1,4,33,101,69
coronavirus,0,0.1,4,34,91,69
coronavirus,0,0.1,4,35,102,76
coronavirus,0,0.1,4,36,112,83
coronavirus,0,0.1,4,37,98,74
coronavirus,0,0.1,4,38,90,60
coronavirus,0,0.1,4,39,100,66
coronavirus,0,0.1,4,40,106,75
coronavirus,0,0.1,4,41,109,75
coronavirus,0,0.1,4,42,95,74
coronavirus,0,0.1,4,43,84,60
coronavirus,0,0.1,4,44,84,63
coronavirus,0,0.1,4,45,108,80
coronavirus,0,0.1,4,46,99,76
coronavirus,0,0.1,4,47,88,68
coronavirus,0,0.1,4,48,103,75
coronavirus,0,0.1,4,49,105,74
coronavirus,0,0.1,4,50,106,79
coronavirus,0,0.1,4,51,109,78
coronavirus,0,0.1,4,52,94,69
coronavirus,0,0.1,4,53,90,66
coronavirus,0,0.1,4,54,107,74
coronavirus,0,0.1,4,55,108,81
coronavirus,0,0.1,4,56,86,65
coronavirus,0,0.1,4,57,110,79
coronavirus,0,0.1,4,58,100,68
coronavirus,0,0.1,4,59,116,80
coronavirus,0,0.1,4,60,106,83
coronavirus,0,0.1,4,61,80,45
coronavirus,0,0.1,4,62,97,72
coronavirus,0,0.1,4,63,98,68
coronavirus,0,0.1,4,64,105,78
coronavirus,0,0.1,4,65,105,72
coronavirus,0,0.1,4,66,91,72
coronavirus,0,0.1,4,67,92,66
coronavirus,0,0.1,4,68,96,62
coronavirus,0,0.1,4,69,99,69
coronavirus,0,0.1,4,70,107,69
coronavirus,0,0.1,4,71,102,77
coronavirus,0,0.1,4,72,100,63
coronavirus,0,0.1,4,73,100,75
coronavirus,0,0.1,4,74,100,70
coronavirus,0,0.1,4,75,88,64
coronavirus,0,0.1,4,76,104,64
coronavirus,0,0.1,4,77,99,75
coronavirus,0,0.1,4,78,95,67
coronavirus,0,0.1,4,79,106,71
coronavirus,0,0.1,4,80,94,66
coronavirus,0,0.1,4,81,93,72
coronavirus,0,0.1,4,82,93,64
coronavirus,0,0.1,4,83,90,63
coronavirus,0,0.1,4,84,131,94
coronavirus,0,0.1,4,85,97,61
coronavirus,0,0.1,4,86,96,69
coronavirus,0,0.1,4,87,100,62
coronavirus,0,0.1,4,88,87,63
coronavirus,0,0.1,4,89,102,72
coronavirus,0,0.1,4,90,90,66
coronavirus,0,0.1,4,91,101,57
coronavirus,0,0.1,4,92,103,71
coronavirus,0,0.1,4,93,101,73
coronavirus,0,0.1,4,94,111,83
coronavirus,0,0.1,4,95,94,58
coronavirus,0,0.1,4,96,84,64
coronavirus,0,0.1,4,97,99,60
coronavirus,0,0.1,4,98,106,75
coronavirus,0,0.1,4,99,90,62
coronavirus,0,0.1,4,100,95,60
coronavirus,0,0.1,5,0,1,0
coronavirus,0,0.1,5,6,1,1
coronavirus,0,0.1,5,8,2,2
coronavirus,0,0.1,5,9,1,1
coronavirus,0,0.1,5,10,1,1
coronavirus,0,0.1,5,11,3,3
coronavirus,0,0.1,5,12,9,8
coronavirus,0,0.1,5,13,8,7
coronavirus,0,0.1,5,14,17,12
coronavirus,0,0.1,5,15,11,7
coronavirus,0,0.1,5,16,22,15
coronavirus,0,0.1,5,17,38,25
coronavirus,0,0.1,5,18,53,41
coronavirus,0,0.1,5,19,86,55
coronavirus,0,0.1,5,20,99,65
coronavirus,0,0.1,5,21,86,59
coronavirus,0,0.1,5,22,104,80
coronavirus,0,0.1,5,23,95,62
coronavirus,0,0.1,5,24,88,71
coronavirus,0,0.1,5,25,97,61
coronavirus,0,0.1,5,26,114,84
coronavirus,0,0.1,5,27,83,62
coronavirus,0,0.1,5,28,98,64
coronavirus,0,0.1,5,29,91,67
coronavirus,0,0.1,5,30,82,68
coronavirus,0,0.1,5,31,98,74
coronavirus,0,0.1,5,32,110,76
coronavirus,0,0.1,5,33,101,69
coronavirus,0,0.1,5,34,91,69
coronavirus,0,0.1,5,35,102,76
coronavirus,0,0.1,5,36,112,83
coronavirus,0,0.1,5,37,98,73
coronavirus,0,0.1,5,38,90,60
coronavirus,0,0.1,5,39,100,66
coronavirus,0,0.1,5,40,106,74
coronavirus,0,0.1,5,41,109,76
coronavirus,0,0.1,5,42,95,72
coronavirus,0,0.1,5,43,84,60
coronavirus,0,0.1,5,44,84,63
coronavirus,0,0.1,5,45,108,79
coronavirus,0,0.1,5,46,99,74
coronavirus,0,0.1,5,47,88,68
coronavirus,0,0.1,5,48,103,75
coronavirus,0,0.1,5,49,105,74
coronavirus,0,0.1,5,50,106,77
coronavirus,0,0.1,5,51,109,77
coronavirus,0,0.1,5,52,94,69
coronavirus,0,0.1,5,53,90,65
coronavirus,0,0.1,5,54,107,74
coronavirus,0,0.1,5,55,108,79
coronavirus,0,0.1,5,56,86,65
coronavirus,0,0.1,5,57,110,78
coronavirus,0,0.1,5,58,100,68
coronavirus,0,0.1,5,59,116,79
coronavirus,0,0.1,5,60,106,82
coronavirus,0,0.1,5,61,80,45
coronavirus,0,0.1,5,62,97,71
coronavirus,0,0.1,5,63,98,68
coronavirus,0,0.1,5,64,105,77
coronavirus,0,0.1,5,65,105,72
coronavirus,0,0.1,5,66,91,72
coronavirus,0,0.1,5,67,92,66
coronavirus,0,0.1,5,68,96,62
coronavirus,0,0.1,5,69,99,69
coronavirus,0,0.1,5,70,107,68
coronavirus,0,0.1,5,71,102,76
coronavirus,0,0.1,5,72,100,63
coronavirus,0,0.1,5,73,100,75
coronavirus,0,0.1,5,74,100,70
coronavirus,0,0.1,5,75,88,61
coronavirus,0,0.1,5,76,104,63
coronavirus,0,0.1,5,77,99,75
coronavirus,0,0.1,5,78,95,67
coronavirus,0,0.1,5,79,106,71
coronavirus,0,0.1,5,80,94,66
coronavirus,0,0.1,5,81,93,73
coronavirus,0,0.1,5,82,93,64
coronavirus,0,0.1,5,83,90,60
coronavirus,0,0.1,5,84,131,94
coronavirus,0,0.1,5,85,97,61
coronavirus,0,0.1,5,86,96,69
coronavirus,0,0.1,5,87,100,62
coronavirus,0,0.1,5,88,87,63
coronavirus,0,0.1,5,89,102,72
coronavirus,0,0.1,5,90,90,65
coronavirus,0,0.1,5,91,101,57
coronavirus,0,0.1,5,92,103,71
coronavirus,0,0.1,5,93,101,73
coronavirus,0,0.1,5,94,111,82
coronavirus,0,0.1,5,95,94,58
coronavirus,0,0.1,5,96,84,64
coronavirus,0,0.1,5,97,99,60
coronavirus,0,0.1,5,98,106,73
coronavirus,0,0.1,5,99,90,61
coronavirus,0,0.1,5,100,95,60
