mutation,B.1.617 (Pango issue),B.1.617.1 (Scorpio),B.1.617.2 (Scorpio),B.1.617.2 (Stern A-D),B.1.617.2 (Stern E)
C3457T,nuc:C3457T,nuc:C3457T,,,
C4965T,nsp3:T749I,nsp3:T749I,,,
C1191T,,,,,nsp2:P129L
C1267T,,,,,nsp2:G154G
C5184T,,,,,nsp3:P822L
G9203A,,,,,nsp4:D217N
T9678C,,,,,nsp4:F375S
C11005A,,,,,nsp6:H11Q
A11201G,nsp6:T77A,nsp6:T77A,,,
G15451A,,,,nsp12b:G662S,
C16466T,,,,nsp13:P77L,
A17496G,,,,,nuc:A17496G
G17523T,nsp13:M429I,nsp13:M429I,,,
A20396G,nsp15:K259R,nsp15:K259R,,,nsp15:K259R
T21895C,nuc:T21895C,nuc:T21895C,,,
C21618G,,,S:T19R,S:T19R,S:T19R
A21792C,,,,,S:K77T
G21987A,S:G142D,S:G142D,S:G142D,S:G142D,S:G142D???
G22022A,S:E154K,S:E154K,,,
22029_22034del,,,22029-22034 del,22029-22034 del,22029-22034 del
T22917G,S:L452R,S:L452R,S:L452R,S:L452R,S:L452R
C22995A,,,S:T478K,S:T478K,S:T478K
G23012C,S:E484Q,S:E484Q,,,
C23604G,S:P681R,S:P681R,S:P681R,S:P681R,S:P681R
G24410A,,,S:D950N,S:D950N,S:D950N
A24775T,S:Q1071H,S:Q1071H,,,
C25469T,ORF3a:S26L,ORF3a:S26L,ORF3a:S26L,ORF3a:S26L,ORF3a:S26L
T26767C,,,M:I82T,M:I82T,M:I82T
T27638C,ORF7a:V82A,ORF7a:V82A,ORF7a:V82A,ORF7a:V82A,ORF7a:V82A
C27752T,,,ORF7a:T120I,ORF7a:T120I,ORF7a:T120I
28271_28271del,,,28271 del,28271 del,28271 del
28248_28253del,,,,28248-28253 del,
C28253T,,,,,nuc:C28253T
A28461G,,,N:D63G,N:D63G,N:D63G
G28881T,N:R203M,N:R203M,N:R203M,N:R203M,N:R203M
G29402T,,,N:D377Y,N:D377Y,N:D377Y