sample_id,pango,date,family,in_match_db,match_date,hmm_cost,num_missing_sites,num_parents,num_mutations,path,mutations
SRR20565529,XAF,2022-04-05,XAF,True,2022-04-05,9.0,127.0,1.0,9.0,0:29904:1417966,"[C11514T, G11516T, C12473T, C13176A, C15579T, T23948G, A24433G, C25624T, C28391T]"
SRR20807155,XAF,2022-05-15,XAF,True,2022-05-15,10.0,1.0,1.0,10.0,0:29904:1463203,"[C100T, C11514T, G11516T, C12473T, C13176A, C15579T, A24433G, C27219T, T28297C, C28391T]"
SRR19709162,XAF,2022-05-21,XAF,True,2022-05-21,8.0,1.0,1.0,8.0,0:29904:1463203,"[C1710T, T2746C, C11514T, G11516T, A17856G, A24433G, T27534C, C28391T]"
SRR19708547,XAF,2022-05-22,XAF,True,2022-05-22,11.0,0.0,1.0,11.0,0:29904:1463203,"[C100T, C2509T, C11514T, G11516T, C12473T, C13176A, C15579T, A24433G, C27219T, T28297C, C28391T]"
SRR19958202,XAF,2022-06-08,XAF,True,2022-06-08,8.0,0.0,1.0,8.0,0:29904:1463203,"[T5434C, G9077A, C11514T, G11516T, G18318T, A24433G, C26078T, G27047A]"
SRR20119482,XAF,2022-06-09,XAF,True,2022-06-09,8.0,0.0,1.0,8.0,0:29904:1463203,"[G4454A, C9979T, C11514T, G11516T, A16061C, A24433G, G28300A, C28391T]"
ERR9892824,XAF,2022-06-17,XAF,True,2022-06-17,10.0,152.0,1.0,10.0,0:29904:1463203,"[T4844C, T9772C, C11514T, G11516T, A24433G, G26167C, T26168A, C26408T, C29445T, C29708T]"
ERR9892844,XAF,2022-06-17,XAF,False,,,,,,,
ERR9892942,XAF,2022-06-17,XAF,False,,,,,,,
ERR9892963,XAF,2022-06-17,XAF,False,,,,,,,
ERR9892722,XAF,2022-06-17,XAF,True,2022-06-17,11.0,0.0,1.0,11.0,0:29904:1463203,"[T4844C, T5356C, T9772C, C11514T, G11516T, A24433G, G26167C, T26168A, C26408T, C29445T, C29708T]"
ERR9895596,XAF,2022-06-21,XAF,True,2022-06-21,10.0,406.0,1.0,10.0,0:29904:1463203,"[T4844C, T9772C, C11514T, G11516T, A24433G, G26167C, T26168A, C26408T, C29445T, C29708T]"
ERR9895619,XAF,2022-06-21,XAF,True,2022-06-21,10.0,3.0,1.0,10.0,0:29904:1463203,"[T4844C, T9772C, C11514T, G11516T, A24433G, G26167C, T26168A, C26408T, C29445T, C29708T]"
ERR9914346,XAF,2022-06-28,XAF,True,2022-06-28,10.0,237.0,1.0,10.0,0:29904:1463203,"[T4844C, T9772C, C11514T, G11516T, A24433G, G26167C, T26168A, C26408T, C29445T, C29708T]"
ERR9914432,XAF,2022-06-28,XAF,False,,,,,,,
ERR9914462,XAF,2022-06-28,XAF,True,2022-06-28,10.0,3.0,1.0,10.0,0:29904:1463203,"[T4844C, T9772C, C11514T, G11516T, A24433G, G26167C, T26168A, C26408T, C29445T, C29708T]"
ERR9932305,XAF,2022-07-01,XAF,True,2022-07-01,12.0,242.0,1.0,12.0,0:29904:1463203,"[G640T, T4844C, C7125T, T9772C, C11514T, G11516T, A24433G, G26167C, T26168A, C26408T, C29445T, C29708T]"
ERR9932516,XAF,2022-07-01,XAF,False,,,,,,,
SRR21772299,XAF,2022-07-21,XAF,True,2022-07-21,8.0,256.0,1.0,8.0,0:29904:1463203,"[C3583T, C11514T, G11516T, C19390T, G22882T, A24433G, C27849T, G29777T]"
ERR9369123,XAH,2022-03-13,XAH,False,,,,,,,
SRR21197095,XAH,2022-06-03,XAH,False,,,,,,,
ERR11526469,XAK,2022-06-08,XAK,False,,,,,,,
ERR11905442,XAK,2022-06-25,XAK,True,2022-06-25,15.0,366.0,2.0,11.0,0:15714:1184101 15714:29904:1178986,"[C4927T, T5386G, C12049T, T15930C, T21618C, A22001G, G22599A, T22942G, G23040A, C24863T, A27507G]"
ERR11828461,XAK,2022-06-27,XAK,True,2022-06-27,14.0,365.0,2.0,10.0,0:15714:1184101 15714:29904:1178986,"[C4927T, T5386G, C12049T, T21618C, A22001G, G22599A, T22942G, G23040A, C24863T, A27507G]"
ERR12973384,XAK,2022-07-06,XAK,True,2022-07-06,14.0,0.0,2.0,10.0,0:15714:1184101 15714:29904:1178986,"[C4927T, T5386G, C12049T, T21618C, A22001G, G22599A, T22942G, G23040A, C24863T, A27507G]"
ERR10020060,XAK,2022-07-12,XAK,True,2022-07-12,15.0,222.0,2.0,11.0,0:15714:1184101 15714:29904:1178986,"[C4927T, T5386G, C12049T, T21618C, A22001G, G22599A, C22786A, T22942G, G23040A, C24863T, A27507G]"
SRR20919952,XAK,2022-07-18,XAK,True,2022-07-18,15.0,0.0,2.0,11.0,0:15714:1184101 15714:29904:1178986,"[C3130T, C4927T, T5386G, C12049T, T21618C, A22001G, G22599A, T22942G, G23040A, C24863T, A27507G]"
ERR12535892,XBA,2022-06-10,XBA,False,,,,,,,
ERR12536640,XBA,2022-06-13,XBA,False,,,,,,,
ERR12535941,XBA,2022-06-19,XBA,False,,,,,,,
ERR10839097,XBJ.2,2023-01-10,XBJ,True,2023-01-10,10.0,1.0,2.0,6.0,0:25810:1658117 25810:29904:1526184,"[G3072A, C8016T, G10625A, C22006T, C25075T, C29730T]"
SRR25446677,XBJ.2,2023-01-12,XBJ,True,2023-01-12,13.0,3315.0,2.0,9.0,0:25810:1658117 25810:29904:1526184,"[G2247C, T2248G, G2249T, G2422T, G3072A, C8016T, T9875C, C18463T, C25075T]"
ERR13054265,XBJ.2,2023-01-16,XBJ,True,2023-01-16,10.0,1.0,2.0,6.0,0:25810:1658117 25810:29904:1526184,"[G3072A, C8016T, T8151C, C22006T, C25075T, C29730T]"
ERR10616498,XBJ.4,2022-11-27,XBJ,True,2022-11-27,10.0,431.0,2.0,6.0,0:25171:1663877 25171:29904:1526184,"[G3072A, C3096T, A5436G, C8016T, T14476C, T20375C]"
SRR22249272,XBN,2022-10-24,XBN,True,2022-10-24,9.0,365.0,2.0,5.0,0:12444:1637614 12444:29904:1677957,"[A3846G, C19554T, C20759T, C25638T, T25639C]"
SRR22391626,XBN,2022-10-26,XBN,False,,,,,,,
SRR22834480,XBP,2022-11-15,XBP,False,,,,,,,
SRR23217283,XBP,2022-12-12,XBP,False,,,,,,,
ERR10770729,XBP,2022-12-22,XBP,True,2022-12-22,11.0,1.0,2.0,7.0,0:22331:1664296 22331:29904:1699665,"[G1820A, C7303T, C9430T, C12952T, C13965T, T23773C, A25369G]"
ERR10759364,XBP,2022-12-29,XBP,False,,,,,,,
ERR10778150,XBP,2022-12-29,XBP,False,,,,,,,
ERR10778211,XBP,2022-12-29,XBP,False,,,,,,,
ERR10778321,XBP,2022-12-29,XBP,False,,,,,,,
ERR13052408,XBP,2023-01-02,XBP,True,2023-01-02,17.0,275.0,2.0,13.0,0:22331:1664296 22331:29904:1699665,"[T317A, G695T, C2455T, C3903T, C7303T, T9408C, T11422C, C12952T, C13965T, T18126G, T19680C, T23773C, A25697T]"
ERR13040653,XBP,2023-01-04,XBP,True,2023-01-04,17.0,272.0,2.0,13.0,0:22331:1664296 22331:29904:1699665,"[T317A, G695T, C2455T, C3903T, C7303T, T9408C, T11422C, C12952T, C13965T, T18126G, T19680C, T23773C, A25697T]"
SRR23608970,XBP,2023-02-07,XBP,True,2023-02-07,12.0,0.0,2.0,8.0,0:22331:1664296 22331:29904:1699665,"[G1181A, C6388T, C7303T, C12952T, C13965T, G16117T, T23773C, C27849A]"
SRR23757889,XBP,2023-02-22,XBP,True,2023-02-22,20.0,0.0,2.0,16.0,0:22331:1664296 22331:29904:1737563,"[G1820A, T5377C, C6525T, C6843T, A7201G, C7303T, G7790A, C10332T, C12952T, G13897T, C13965T, C21077T, C22945T, T23773C, C26996T, C28732T]"
SRR24013789,XBP,2023-03-17,XBP,True,2023-03-17,18.0,0.0,2.0,14.0,0:22331:1664296 22331:29904:1737563,"[A901G, G1820A, T1918C, T2746C, A6333G, C7303T, C12952T, C13965T, T14409A, T23773C, A24129G, T26038C, C26996T, A27674G]"
SRR24109888,XBP,2023-03-22,XBP,True,2023-03-22,19.0,0.0,2.0,15.0,0:22331:1664296 22331:29904:1737563,"[G1820A, C6525T, C6843T, A7201G, C7303T, G7790A, C12952T, C13708T, G13897T, C13965T, C22945T, T23773C, G25855C, C26996T, C28732T]"
ERR13047371,XBT,2022-12-11,XBT,True,2022-12-11,10.0,258.0,3.0,2.0,0:9866:1658542 9866:22898:1609708 22898:29904:1590066,"[C829T, A17880G]"
ERR13045581,XBT,2022-12-18,XBT,True,2022-12-18,10.0,272.0,3.0,2.0,0:9866:1658542 9866:22898:1609708 22898:29904:1590066,"[C829T, A17880G]"
ERR10751378,XBT,2022-12-21,XBT,True,2022-12-21,12.0,0.0,3.0,4.0,0:9866:1658542 9866:22898:1609708 22898:29904:1590066,"[C829T, C2455T, G6404T, A17880G]"
ERR13048984,XBT,2022-12-27,XBT,True,2022-12-27,10.0,183.0,3.0,2.0,0:9866:1658542 9866:22898:1692711 22898:29904:1590066,"[C829T, A17880G]"
ERR13078027,XBT,2023-01-09,XBT,True,2023-01-09,12.0,272.0,3.0,4.0,0:9866:1658542 9866:22624:1705279 22624:29904:1578568,"[C829T, G18832T, G23587A, G29781T]"
ERR13319841,XBT,2023-02-01,XBT,True,2023-02-01,13.0,23.0,3.0,5.0,0:9866:1658542 9866:22898:1609708 22898:29904:1702972,"[C829T, C19011T, G19327T, C22594T, G28233T]"
ERR13320656,XBT,2023-02-08,XBT,True,2023-02-08,12.0,23.0,3.0,4.0,0:9866:1658542 9866:22898:1712151 22898:29904:1590066,"[C829T, C19011T, G19327T, G28233T]"
ERR13321064,XBT,2023-02-18,XBT,True,2023-02-18,14.0,23.0,3.0,6.0,0:9866:1658542 9866:22898:1609708 22898:29904:1702972,"[C829T, T1623C, C19011T, G19327T, C22594T, G28233T]"
ERR13321094,XBT,2023-02-19,XBT,True,2023-02-19,14.0,23.0,3.0,6.0,0:9866:1658542 9866:22898:1772311 22898:29904:1590066,"[T772C, C829T, A9055T, A18583G, G19327T, G28233T]"
ERR13322195,XBT,2023-02-21,XBT,True,2023-02-21,13.0,24.0,3.0,5.0,0:9866:1658542 9866:22898:1609708 22898:29904:1702972,"[C829T, C19011T, G19327T, C22594T, G28233T]"
ERR11255108,XBT,2023-02-27,XBT,True,2023-02-27,16.0,56.0,3.0,8.0,0:9866:1658542 9866:22898:1705279 22898:29904:1590066,"[T283A, C829T, C6539T, C19011T, G19327T, G28233T, C29218T, C29762T]"
ERR11079383,XBT,2023-03-04,XBT,True,2023-03-04,16.0,193.0,2.0,12.0,0:22599:1591342 22599:29904:1590066,"[T283A, C829T, A960G, A3207G, G4288A, C6539T, T14064C, C19011T, G19327T, G28233T, C29218T, C29762T]"
ERR13323121,XBT,2023-03-14,XBT,True,2023-03-14,14.0,23.0,3.0,6.0,0:9866:1658542 9866:22898:1782014 22898:29904:1590066,"[C829T, C2110T, C5849T, A18583G, G19327T, C29535T]"
ERR11490451,XBT,2023-03-22,XBT,True,2023-03-22,16.0,643.0,3.0,8.0,0:6762:1594858 6762:22898:1677361 22898:29904:1590066,"[C829T, A3207G, G4288A, C4900T, A8040G, A18583G, G19327T, C28695T]"
ERR13323175,XBT,2023-03-27,XBT,True,2023-03-27,15.0,26.0,3.0,7.0,0:9866:1658542 9866:22599:1644599 22599:29904:1590066,"[C829T, C2110T, T11611C, G17562A, C19185T, G19327T, C25096T]"
SRR25727241,XBU,2022-11-26,XBU,True,2022-11-26,10.0,71.0,2.0,6.0,0:22747:1695319 22747:29904:1519017,"[C1612T, T13324C, G18583A, A22893C, T22942A, A26275G]"
SRR23714041,XBU,2023-02-16,XBU,True,2023-02-16,16.0,0.0,3.0,8.0,0:22747:1695319 22747:26529:1722765 26529:29904:1114641,"[T7258C, T13324C, C14649T, C18086T, G18583A, C19524T, G28307A, C29296T]"
SRR23758184,XBU,2023-02-24,XBU,True,2023-02-24,18.0,0.0,3.0,10.0,0:22747:1695319 22747:26529:1722765 26529:29904:1114641,"[C823T, C10969T, T12486C, T13324C, C14649T, T15123C, G18583A, C19524T, G28307A, G28357A]"
ERR10982994,XBU,2023-02-24,XBU,True,2023-02-24,13.0,2001.0,3.0,5.0,0:22893:1695319 22893:26275:1727202 26275:29904:1719371,"[T13324C, C14178T, A17853G, G18583A, G29781T]"
ERR11189974,XCA,2023-01-25,XCA,True,2023-01-25,14.0,1.0,2.0,10.0,0:22893:1695319 22893:29904:1696145,"[C2062T, C5748A, C8172T, T9454C, T13324C, G18583A, C19017T, C20941A, G21893A, T25975C]"
ERR10911716,XCA,2023-02-08,XCA,True,2023-02-08,14.0,1.0,2.0,10.0,0:22893:1695319 22893:29904:1696145,"[C2062T, C5748A, C8172T, T9454C, T13324C, G18583A, C19017T, C20941A, G21893A, T25975C]"
SRR23607969,XCA,2023-02-08,XCA,True,2023-02-08,16.0,0.0,2.0,12.0,0:22893:1695319 22893:29904:1696145,"[G1495T, C2062T, C2676T, C5748A, T9454C, T13324C, G17721T, G18583A, C19017T, G21893A, T25975C, C26054T]"
ERR10911043,XCA,2023-02-09,XCA,True,2023-02-09,15.0,1973.0,2.0,11.0,0:22893:1695319 22893:29904:1696145,"[C2062T, C5748A, C8172T, T9454C, T13324C, G18583A, C19017T, C20941A, G21893A, C21933T, T25975C]"
ERR10911045,XCA,2023-02-09,XCA,True,2023-02-09,15.0,2.0,2.0,11.0,0:22893:1695319 22893:29904:1696145,"[C2062T, C5748A, C6336T, C8172T, T9454C, T13324C, G18583A, C19017T, C20941A, G21893A, T25975C]"
ERR10911069,XCA,2023-02-09,XCA,True,2023-02-09,14.0,1422.0,2.0,10.0,0:22893:1695319 22893:29904:1696145,"[C2062T, C5748A, C8172T, T9454C, T13324C, G18583A, C19017T, C20941A, G21893A, T25975C]"
ERR10911252,XCA,2023-02-11,XCA,True,2023-02-11,16.0,228.0,2.0,12.0,0:22893:1695319 22893:29904:1696145,"[C2062T, C5748A, C6336T, C8172T, T9454C, T13324C, T18278C, G18583A, C19017T, C20941A, G21893A, T25975C]"
ERR10933526,XCA,2023-02-14,XCA,True,2023-02-14,15.0,1494.0,2.0,11.0,0:22893:1695319 22893:29904:1696145,"[C2062T, C5748A, C8172T, T9454C, T13324C, G18583A, C19017T, C20941A, G21893A, T25975C, C29218T]"
ERR10933547,XCA,2023-02-14,XCA,True,2023-02-14,15.0,1627.0,2.0,11.0,0:22893:1695319 22893:29904:1696145,"[C2062T, C5748A, C8172T, T9454C, T13324C, G18583A, C19017T, C20941A, G21893A, T25975C, C29218T]"
ERR10933572,XCA,2023-02-14,XCA,True,2023-02-14,15.0,1690.0,2.0,11.0,0:22942:1695319 22942:29904:1696145,"[C2062T, C5748A, C8172T, T9454C, T13324C, G18583A, C19017T, C20941A, G21893A, T25975C, C29218T]"
ERR10933594,XCA,2023-02-14,XCA,True,2023-02-14,15.0,1188.0,2.0,11.0,0:22893:1695319 22893:29904:1696145,"[C2062T, C5748A, C8172T, T9454C, T13324C, G18583A, C19017T, C20941A, G21893A, T25975C, C29218T]"
ERR10964726,XCA,2023-02-17,XCA,True,2023-02-17,15.0,1.0,2.0,11.0,0:22893:1695319 22893:29904:1696145,"[C2062T, C5748A, T9454C, T13324C, G18583A, C19017T, G20572A, C20941A, G21893A, T25975C, G27459T]"
ERR10937767,XCA,2023-02-19,XCA,True,2023-02-19,16.0,743.0,2.0,12.0,0:22893:1695319 22893:29904:1696145,"[C2062T, C5748A, C8172T, T9454C, T13324C, G18583A, C19017T, C20941A, G21893A, T25975C, C27577T, C29218T]"
ERR11008116,XCA,2023-02-25,XCA,True,2023-02-25,16.0,3.0,2.0,12.0,0:22893:1695319 22893:29904:1696145,"[C2062T, C5748A, C6285T, C8172T, T9454C, T13324C, C14694T, G18583A, C19017T, C20941A, G21893A, T25975C]"
ERR11008135,XCA,2023-02-25,XCA,True,2023-02-25,16.0,3.0,2.0,12.0,0:22893:1695319 22893:29904:1696145,"[C2062T, C5748A, C6285T, C8172T, T9454C, T13324C, C14694T, G18583A, C19017T, C20941A, G21893A, T25975C]"
ERR11008279,XCA,2023-02-25,XCA,True,2023-02-25,16.0,3.0,2.0,12.0,0:22893:1695319 22893:29904:1696145,"[C2062T, C5748A, C6285T, C8172T, T9454C, T13324C, C14694T, G18583A, C19017T, C20941A, G21893A, T25975C]"
ERR11007956,XCA,2023-03-01,XCA,True,2023-03-01,15.0,688.0,2.0,11.0,0:22893:1695319 22893:29904:1696145,"[C2062T, C5748A, T9454C, T13324C, G18583A, C19017T, G20572A, C20941A, G21893A, T25975C, C26801T]"
ERR11007996,XCA,2023-03-01,XCA,True,2023-03-01,15.0,3.0,2.0,11.0,0:22893:1695319 22893:29904:1696145,"[C2062T, C5748A, T9454C, T13324C, G18583A, C19017T, G20572A, C20941A, G21893A, T25975C, C26801T]"
SRR24215439,XCB,2023-02-22,XCB,True,2023-02-22,10.0,1200.0,2.0,6.0,0:22893:1693082 22893:29904:1643125,"[G1323A, A11126G, G12311A, G22332T, T22348A, T28282C]"
SRR25678911,XCD,2023-05-15,XCD,True,2023-05-15,14.0,325.0,2.0,10.0,0:25416:1788384 25416:29904:1675871,"[T847C, C2334T, T18006C, C18329T, A19173G, A19764G, G22203A, G22995T, C28657T, C29367T]"
SRR22483648,XCG,2022-11-21,XCG,False,,,,,,,
SRR22928207,XCG,2022-12-06,XCG,False,,,,,,,
SRR24041559,XCG,2023-03-18,XCG,True,2023-03-18,13.0,0.0,2.0,9.0,0:9866:1676835 9866:29904:1675918,"[C222T, G675A, T3529C, T11968C, A18999G, A22995G, A23382G, C27519T, G29050A]"
SRR25910431,XCK,2023-08-17,XCK,True,2023-08-17,14.0,0.0,2.0,10.0,0:26275:1830666 26275:29904:1726434,"[C1824T, C5512T, C11572T, C17127T, T18096C, C22577T, T25416C, G26951C, C28163A, G29779T]"
SRR26076196,XCK,2023-08-24,XCK,True,2023-08-24,13.0,1.0,2.0,9.0,0:26275:1830666 26275:29904:1726434,"[C5512T, T16530A, T18096C, T25416C, C26681T, G26951C, G27516T, C28163A, G29779T]"
ERR13075387,XCK,2023-09-25,XCK,True,2023-09-25,15.0,27.0,2.0,11.0,0:26275:1830666 26275:29904:1726434,"[C1093A, C1824T, C5512T, C11572T, C17127T, T18096C, G22094A, T25416C, G26951C, C28163A, G29779T]"
SRR26390896,XCK,2023-09-28,XCK,True,2023-09-28,15.0,2.0,2.0,11.0,0:26275:1830666 26275:29904:1726434,"[C1824T, C5512T, G6454T, C11572T, C17127T, T18096C, G20679A, T25416C, G26951C, C28163A, G29779T]"
SRR27397240,XCK,2023-10-02,XCK,True,2023-10-02,14.0,600.0,2.0,10.0,0:25416:1830666 25416:29904:1753418,"[A1804G, C1824T, C5512T, G11516A, C11572T, T11656C, C17127T, T18096C, C27128T, C28163A]"
SRR26456543,XCK,2023-10-09,XCK,True,2023-10-09,12.0,0.0,2.0,8.0,0:26275:1830666 26275:29904:1726434,"[A2818G, C5512T, T18096C, T25416C, G26951C, C28163A, G29702T, G29779T]"
SRR28104415,XCM,2023-10-06,XCM,True,2023-10-06,9.0,4326.0,2.0,5.0,0:22190:1786392 22190:29904:1831893,"[G331T, G5903A, T13560C, T17661C, A18879G]"
SRR28104262,XCM,2023-10-24,XCM,True,2023-10-24,12.0,24.0,2.0,8.0,0:22033:1786392 22033:29904:1831893,"[G331T, C2536T, G9211A, T13560C, T16056C, T17661C, A18879G, C22893T]"
SRR26800752,XCM,2023-10-30,XCM,True,2023-10-30,10.0,2.0,2.0,6.0,0:22033:1786392 22033:29904:1831893,"[G331T, C4824T, G5903A, T13560C, T17661C, A18879G]"
ERR13321531,XCM,2023-11-16,XCM,True,2023-11-16,15.0,23.0,2.0,11.0,0:22033:1786392 22033:29904:1831893,"[G331T, G680A, C7056T, C9142A, T10672G, T13560C, G15260A, T17661C, A18879G, G20176A, G22205C]"
SRR28103104,XCM,2023-11-30,XCM,True,2023-11-30,14.0,1649.0,2.0,10.0,0:22109:1828076 22109:29904:1831893,"[G331T, C5312T, G5554A, T13560C, T17661C, T18786C, A18879G, G19648T, T25000C, C27883T]"
ERR13074799,XCS,2023-10-02,XCS,True,2023-10-02,10.0,24.0,2.0,6.0,0:25045:1831721 25045:29904:1791763,"[C442T, C12253A, G13240A, C17010T, G23628T, A27669G]"
ERR12524705,XCU,2024-01-03,XCU,True,2024-01-03,27.0,1696.0,2.0,23.0,0:22329:1734491 22329:29904:1825032,"[A557G, C664T, T2211C, C3317T, T3478C, C4586T, A5314C, G6850A, G7058A, A7766G, T10741C, C11269T, G13618A, T13862C, A17207G, T17208C, A19890G, T20178C, A22116G, C26606T, G27378A, G28376A, C29762T]"
SRR27944742,XCU,2024-01-19,XCU,True,2024-01-19,30.0,23.0,2.0,26.0,0:22577:1743316 22577:29904:1823974,"[A188G, A405G, T3478C, C4586T, T4754C, A5314C, C6336T, G7058A, A7766G, T10741C, C11269T, G13763T, T13862C, A17207G, T17454G, A19890G, T20178C, A22116G, G22927A, T23042C, C23758T, A25984C, C26606T, G28376A, G29332T, C29762T]"
SRR28273048,XCU,2024-02-08,XCU,True,2024-02-08,33.0,23.0,2.0,29.0,0:22577:1743316 22577:29904:1823974,"[A188G, A405G, A3394G, T3478C, C4586T, T4754C, A5314C, C6336T, G7058A, A7766G, T10741C, C11269T, G13763T, T13862C, A17207G, T17454G, A19890G, T20178C, A22116G, G22927A, C22949T, T23042C, C23758T, A25984C, C26606T, C27494A, G28376A, G29332T, C29762T]"
SRR25617074,XCV,2023-07-12,XCV,True,2023-07-12,9.0,23.0,3.0,1.0,0:11750:1817544 11750:27065:1816590 27065:29904:1826196,[A28182G]
SRR27334389,XCV,2023-07-30,XCV,True,2023-07-30,11.0,632.0,3.0,3.0,0:11750:1817544 11750:27507:1816590 27507:29904:1809273,"[G3596A, C4331T, A28182G]"
SRR25709618,XCV,2023-08-03,XCV,True,2023-08-03,11.0,1.0,3.0,3.0,0:11750:1817544 11750:27065:1816590 27065:29904:1826196,"[T12215C, C22858T, A28182G]"
SRR25815430,XCV,2023-08-10,XCV,True,2023-08-10,10.0,1.0,3.0,2.0,0:11750:1817544 11750:27065:1816590 27065:29904:1826196,"[G3004T, A28182G]"
SRR26043079,XCV,2023-08-21,XCV,True,2023-08-21,10.0,0.0,3.0,2.0,0:11750:1817544 11750:27065:1831111 27065:29904:1826196,"[C17004T, A28182G]"
SRR26076446,XCV,2023-08-25,XCV,True,2023-08-25,11.0,0.0,3.0,3.0,0:11750:1817544 11750:22995:1831111 22995:29904:1789136,"[G21255C, G27065A, A28182G]"
SRR26076330,XCV,2023-08-27,XCV,True,2023-08-27,10.0,0.0,3.0,2.0,0:11750:1817544 11750:27065:1831111 27065:29904:1826196,"[G10625T, A28182G]"
SRR26076400,XCV,2023-08-28,XCV,True,2023-08-28,11.0,0.0,3.0,3.0,0:11750:1817544 11750:27065:1831111 27065:29904:1826196,"[C8016T, T24022C, A28182G]"
SRR26085169,XCV,2023-08-28,XCV,True,2023-08-28,10.0,0.0,3.0,2.0,0:11750:1817544 11750:27065:1831111 27065:29904:1826196,"[A28182G, A29403G]"
SRR26085291,XCV,2023-08-30,XCV,True,2023-08-30,11.0,0.0,3.0,3.0,0:11750:1817544 11750:27065:1831111 27065:29904:1826196,"[C1613A, C15960T, A28182G]"
SRR26084724,XCV,2023-08-31,XCV,True,2023-08-31,11.0,2.0,3.0,3.0,0:11750:1817544 11750:27065:1831111 27065:29904:1826196,"[C3583T, G21255C, A28182G]"
SRR26170956,XCV,2023-09-04,XCV,True,2023-09-04,12.0,0.0,3.0,4.0,0:11750:1817544 11750:27065:1831111 27065:29904:1826196,"[A4420C, T20997C, G28001A, A28182G]"
SRR26170377,XCV,2023-09-10,XCV,True,2023-09-10,12.0,0.0,3.0,4.0,0:11750:1817544 11750:27065:1831111 27065:29904:1826196,"[A12557G, G17193T, G18905A, A28182G]"
SRR26251285,XCV,2023-09-14,XCV,True,2023-09-14,12.0,1.0,3.0,4.0,0:11750:1817544 11750:27065:1831111 27065:29904:1826196,"[G10625T, A13807G, G21255C, A28182G]"
SRR26251613,XCV,2023-09-18,XCV,True,2023-09-18,10.0,0.0,3.0,2.0,0:11750:1817544 11750:27065:1831111 27065:29904:1826196,"[G25767T, A28182G]"
SRR26827993,XCV,2023-09-25,XCV,True,2023-09-25,11.0,265.0,3.0,3.0,0:11750:1817544 11750:27065:1831111 27065:29904:1826196,"[G17193T, G18905A, A28182G]"
SRR26390857,XCV,2023-09-29,XCV,True,2023-09-29,12.0,0.0,3.0,4.0,0:11750:1817544 11750:27065:1830433 27065:29904:1826196,"[C9451T, C12973T, C28112T, A28182G]"
SRR26415638,XCV,2023-10-03,XCV,True,2023-10-03,11.0,0.0,3.0,3.0,0:11750:1817544 11750:27065:1831111 27065:29904:1826196,"[G440A, C3510T, A28182G]"
SRR26631791,XCV,2023-10-11,XCV,True,2023-10-11,10.0,24.0,3.0,2.0,0:11750:1817544 11750:27065:1831111 27065:29904:1826196,"[A28182G, G29072T]"
SRR26703031,XCV,2023-10-12,XCV,True,2023-10-12,12.0,231.0,3.0,4.0,0:11750:1817544 11750:23584:1834633 23584:29904:1826196,"[G3004T, C5822T, T25813C, A28182G]"
SRR26800900,XCV,2023-10-30,XCV,True,2023-10-30,16.0,1.0,3.0,8.0,0:11750:1817544 11750:27065:1831111 27065:29904:1826196,"[T1147C, G3446T, A3469G, T7814C, C8818T, A28182G, G28376C, G29135A]"
SRR27016732,XCV,2023-10-31,XCV,True,2023-10-31,16.0,25.0,3.0,8.0,0:11750:1817544 11750:27065:1831111 27065:29904:1826196,"[C2388T, T2884C, G3004T, C12084T, T12319C, T25813C, A28182G, G29212A]"
SRR27106489,XCV,2023-11-20,XCV,True,2023-11-20,13.0,0.0,3.0,5.0,0:11750:1817544 11750:26198:1835631 26198:29904:1826196,"[C24096T, G27415A, G28083T, T28098C, A28182G]"
SRR27195848,XCV,2023-11-28,XCV,True,2023-11-28,14.0,0.0,3.0,6.0,0:11750:1817544 11750:26198:1835631 26198:29904:1826196,"[C17470T, C17859T, G28083T, T28098C, A28182G, C28344A]"
SRR27488710,XCV,2023-12-17,XCV,True,2023-12-17,13.0,23.0,3.0,5.0,0:11750:1817544 11750:25448:1831111 25448:29904:1824895,"[C7681T, C22624A, G27065A, A28182G, G29414T]"
SRR27492244,XCV,2023-12-27,XCV,True,2023-12-27,17.0,23.0,3.0,9.0,0:11750:1817544 11750:25448:1831111 25448:29904:1824895,"[G1820A, A2630G, A3852C, C7681T, C15141T, C22624A, G27065A, A28182G, G29414T]"
SRR25516882,XCW,2023-07-19,XCW,True,2023-07-19,10.0,23.0,2.0,6.0,0:27431:1824707 27431:29904:1809714,"[A7291G, G8863T, T14305C, G18636A, C27684T, T28034C]"
SRR25799715,XCW,2023-07-26,XCW,True,2023-07-26,12.0,58.0,2.0,8.0,0:27431:1824707 27431:29904:1809714,"[T7122C, G8863T, C11572T, T14305C, G18636A, C27684T, T28034C, C29774T]"
SRR25709313,XCW,2023-08-03,XCW,True,2023-08-03,10.0,0.0,2.0,6.0,0:27431:1824707 27431:29904:1809714,"[G8863T, T14305C, G18636A, C27335A, C27684T, T28034C]"
SRR25815457,XCW,2023-08-09,XCW,True,2023-08-09,13.0,0.0,2.0,9.0,0:23948:1824707 23948:29904:1810269,"[G8863T, C11572T, T14305C, G18636A, A20216G, C27513T, C27684T, T28034C, C29774T]"
SRR25780203,XCW,2023-08-10,XCW,True,2023-08-10,11.0,621.0,2.0,7.0,0:27431:1824707 27431:29904:1809714,"[A2641G, A7291G, G8863T, T14305C, G18636A, C27684T, T28034C]"
SRR25780214,XCW,2023-08-10,XCW,True,2023-08-10,11.0,24.0,2.0,7.0,0:27431:1824707 27431:29904:1809714,"[A2641G, A7291G, G8863T, T14305C, G18636A, C27684T, T28034C]"
SRR25780225,XCW,2023-08-10,XCW,True,2023-08-10,11.0,321.0,2.0,7.0,0:27431:1824707 27431:29904:1809714,"[A2641G, A7291G, G8863T, T14305C, G18636A, C27684T, T28034C]"
SRR25814864,XCW,2023-08-10,XCW,True,2023-08-10,13.0,1.0,2.0,9.0,0:27431:1824707 27431:29904:1809714,"[G4205A, G8863T, C11572T, T14305C, G18636A, G25456T, C27684T, T28034C, C29774T]"
SRR25918165,XCW,2023-08-10,XCW,True,2023-08-10,13.0,23.0,2.0,9.0,0:27431:1824707 27431:29904:1809714,"[T7087C, G8863T, C11572T, T14305C, G18636A, C27684T, T28034C, G29224A, C29774T]"
SRR27334796,XCW,2023-08-13,XCW,True,2023-08-13,14.0,451.0,2.0,10.0,0:23757:1824707 23757:29904:1828148,"[G1265A, T3547C, G8863T, C13708T, T14305C, G18636A, G18816T, C27335A, C27684T, T28034C]"
SRR26043222,XCW,2023-08-21,XCW,True,2023-08-21,15.0,0.0,2.0,11.0,0:27431:1824707 27431:29904:1809714,"[A3569G, G8863T, C11572T, G14044A, T14305C, C15540T, G18636A, T19776C, C27684T, T28034C, C29774T]"
SRR26043494,XCW,2023-08-21,XCW,True,2023-08-21,13.0,0.0,2.0,9.0,0:27431:1824707 27431:29904:1809714,"[T6348A, G8863T, T14305C, G18636A, A23004G, C27335A, C27684T, T28034C, C29353T]"
ERR13320298,XCW,2023-08-21,XCW,True,2023-08-21,15.0,23.0,2.0,11.0,0:27431:1824707 27431:29904:1809714,"[G8863T, C11572T, T14305C, C17375T, G18636A, T19776C, T26692C, C27684T, T28034C, C28290T, C29774T]"
SRR26524557,XCW,2023-08-21,XCW,True,2023-08-21,14.0,649.0,2.0,10.0,0:27431:1824707 27431:29904:1809714,"[G1589A, A2647G, G8863T, C11572T, T14305C, G18636A, T19776C, C27684T, T28034C, C29774T]"
SRR27334691,XCW,2023-08-22,XCW,True,2023-08-22,14.0,1.0,2.0,10.0,0:27431:1824707 27431:29904:1809714,"[G8863T, C11572T, T13234A, T14305C, G18636A, C27684T, T28034C, G28314A, C28603T, C29774T]"
SRR28099742,XCW,2023-08-22,XCW,True,2023-08-22,13.0,275.0,2.0,9.0,0:27431:1824707 27431:29904:1809714,"[G8863T, C13366T, T14305C, G18636A, T22015C, C27335A, C27684T, T28034C, G29044A]"
SRR26123460,XCW,2023-08-24,XCW,True,2023-08-24,11.0,23.0,2.0,7.0,0:27431:1824707 27431:29904:1809714,"[G8863T, C11572T, T14305C, G18636A, C27684T, T28034C, C29774T]"
SRR27334483,XCW,2023-08-25,XCW,True,2023-08-25,14.0,211.0,2.0,10.0,0:27431:1824707 27431:29904:1809714,"[G8863T, C11572T, T13234A, T14305C, G18636A, C27684T, T28034C, G28314A, C28603T, C29774T]"
SRR26085086,XCW,2023-08-31,XCW,True,2023-08-31,14.0,0.0,2.0,10.0,0:27431:1824707 27431:29904:1809714,"[A3569G, G8863T, C11572T, T14305C, C15540T, G18636A, T19776C, C27684T, T28034C, C29774T]"
SRR26171125,XCW,2023-09-05,XCW,True,2023-09-05,13.0,0.0,2.0,9.0,0:27431:1824707 27431:29904:1809714,"[G3994A, G8863T, C11572T, T14305C, G18636A, T19776C, C27684T, T28034C, C29774T]"
SRR27338374,XCW,2023-09-05,XCW,True,2023-09-05,11.0,2132.0,2.0,7.0,0:27431:1824707 27431:29904:1831145,"[C2110T, G8863T, C11572T, T14305C, G18636A, C27684T, C29774T]"
SRR26254495,XCW,2023-09-06,XCW,True,2023-09-06,10.0,651.0,2.0,6.0,0:27915:1824707 27915:29904:1792902,"[G8863T, C11572T, T14305C, G18163A, G18636A, T28034C]"
SRR27341995,XCW,2023-09-07,XCW,True,2023-09-07,10.0,1.0,2.0,6.0,0:27431:1824707 27431:29904:1809714,"[G8863T, T14305C, G18636A, C27335A, C27684T, T28034C]"
SRR26187586,XCW,2023-09-12,XCW,True,2023-09-12,14.0,0.0,2.0,10.0,0:27431:1824707 27431:29904:1809714,"[C7815T, G8863T, C11572T, T14305C, G18636A, T19776C, G27628A, C27684T, T28034C, C29774T]"
SRR26256920,XCW,2023-09-12,XCW,True,2023-09-12,12.0,0.0,2.0,8.0,0:27431:1824707 27431:29904:1809714,"[G8863T, C11572T, T14305C, G18636A, C21998A, C27684T, T28034C, C29774T]"
SRR27341926,XCW,2023-09-13,XCW,True,2023-09-13,11.0,1.0,2.0,7.0,0:27431:1824707 27431:29904:1809714,"[G8863T, T14305C, G18636A, C27335A, C27684T, T28034C, T28197C]"
SRR26298918,XCW,2023-09-20,XCW,True,2023-09-20,13.0,0.0,2.0,9.0,0:27431:1824707 27431:29904:1809714,"[C5884T, G8863T, C11572T, T14305C, G18636A, T19776C, C27684T, T28034C, C29774T]"
SRR26331188,XCW,2023-09-21,XCW,True,2023-09-21,11.0,0.0,2.0,7.0,0:27431:1824707 27431:29904:1836514,"[G8863T, C11572T, T14305C, G18636A, C27684T, T28034C, C29774T]"
SRR27338496,XCW,2023-09-28,XCW,True,2023-09-28,10.0,3175.0,2.0,6.0,0:27431:1824707 27431:29904:1809714,"[G8863T, T14305C, G18636A, C27335A, C27684T, T28034C]"
SRR27477903,XCW,2023-10-03,XCW,True,2023-10-03,13.0,1232.0,2.0,9.0,0:27431:1824707 27431:29904:1809714,"[G8863T, C11572T, T14305C, G18636A, A20323G, T20838A, C27684T, T28034C, C29774T]"
SRR26863596,XCW,2023-10-06,XCW,True,2023-10-06,16.0,219.0,2.0,12.0,0:27431:1824707 27431:29904:1809714,"[C673T, A1230G, C6752T, G8863T, C11572T, T14305C, G18636A, T19776C, C20104T, C27684T, T28034C, C29774T]"
SRR26556219,XCW,2023-10-10,XCW,True,2023-10-10,12.0,0.0,2.0,8.0,0:27431:1824707 27431:29904:1809714,"[G8863T, T14305C, G18636A, C27335A, C27684T, C27847T, T28034C, T28197C]"
SRR26899432,XCW,2023-10-29,XCW,True,2023-10-29,12.0,2570.0,1.0,12.0,0:29904:1824707,"[C2334T, C2523T, T4234C, G8863T, C11572T, G13966A, T14305C, G18636A, T21841C, T22930A, T23123C, C26111T]"
SRR27380139,XCW,2023-10-30,XCW,True,2023-10-30,10.0,24.0,2.0,6.0,0:27431:1824707 27431:29904:1809714,"[G8863T, T14305C, G18636A, C27335A, C27684T, T28034C]"
ERR12899549,XD,2022-01-20,XD,True,2022-01-20,10.0,40.0,3.0,2.0,0:22097:1030460 22097:25584:1076943 25584:29904:965433,"[C14407T, C20032T]"
ERR12971681,XD,2022-02-14,XD,False,,,,,,,
SRR28104568,XDC,2023-10-19,XDC,True,2023-10-19,9.0,1233.0,2.0,5.0,0:23282:1832732 23282:29904:1803239,"[G1784A, C2455T, G2560A, A22910G, C22915T]"
SRR28104529,XDE,2023-10-01,XDE,True,2023-10-01,11.0,4896.0,1.0,11.0,0:29904:1761502,"[C6501A, C7113T, C12473T, C12924T, A20198G, G22927T, T22928C, A22995T, T26921C, G27915T, T28297C]"
SRR26556290,XDE,2023-10-09,XDE,True,2023-10-09,18.0,1.0,1.0,18.0,0:29904:1761502,"[C1170T, G1820A, C6501A, C7113T, C12473T, C12924T, C15960T, C18032T, G22927T, T22928C, A22995T, C24034T, T24046C, A26612G, G27915T, T28297C, T28705C, C29535T]"
SRR26556540,XDE,2023-10-12,XDE,True,2023-10-12,18.0,0.0,1.0,18.0,0:29904:1761502,"[C1170T, G1820A, C6501A, C7113T, C12473T, C12924T, C15960T, C18032T, G22927T, T22928C, A22995T, C24034T, T24046C, A26612G, G27915T, T28297C, T28705C, C29535T]"
SRR26976216,XDE,2023-11-17,XDE,True,2023-11-17,21.0,0.0,1.0,21.0,0:29904:1761502,"[C1170T, C1498T, G1820A, C6501A, C7113T, A11506G, C12473T, C12924T, T15804C, C15960T, C18032T, G22927T, T22928C, A22995T, C24034T, T24046C, A26612G, G27915T, T28297C, T28705C, C29535T]"
SRR27438097,XDE,2023-12-11,XDE,True,2023-12-11,17.0,643.0,1.0,17.0,0:29904:1761502,"[C1170T, G1820A, C6501A, C7113T, G12067T, C12473T, C12924T, C18032T, G22927T, T22928C, A22995T, C24034T, T24046C, A26612G, T28297C, T28705C, C29535T]"
ERR13059467,XDG,2023-08-21,XDG,True,2023-08-21,9.0,234.0,2.0,5.0,0:9693:1815336 9693:29904:1826934,"[C1758T, T4579A, T4690C, T4930C, T16905C]"
SRR26315656,XDG,2023-09-23,XDG,True,2023-09-23,12.0,0.0,2.0,8.0,0:9693:1815336 9693:29904:1826934,"[C1758T, C3737T, T4579A, T4690C, T4930C, G13459T, T16905C, C28093T]"
SRR26390887,XDG,2023-09-29,XDG,True,2023-09-29,11.0,0.0,2.0,7.0,0:9693:1815336 9693:29904:1826934,"[C1758T, C3737T, T4579A, T4690C, T4930C, T16905C, C28093T]"
SRR26416125,XDG,2023-10-02,XDG,True,2023-10-02,13.0,0.0,2.0,9.0,0:9693:1815336 9693:29904:1826934,"[C1758T, T4579A, T4690C, T4930C, T16905C, G22139T, A25531G, C28093T, G29587A]"
SRR26637247,XDG,2023-10-16,XDG,True,2023-10-16,13.0,0.0,2.0,9.0,0:9693:1815336 9693:29904:1826934,"[C1758T, G3838A, T4579A, T4690C, T4930C, A11305G, T16905C, C21998A, C28093T]"
ERR13054968,XDJ,2023-12-04,XDJ,True,2023-12-04,8.0,23.0,2.0,4.0,0:16878:1830683 16878:29904:1855715,"[T21144C, C24718T, C26601T, A26650T]"
ERR13321005,XDL,2023-10-11,XDL,True,2023-10-11,8.0,23.0,1.0,8.0,0:29904:1835410,"[C162T, C2650T, C15981T, A16482C, C17976T, G22927T, T24903C, T29625C]"
ERR13059418,XDL,2023-10-30,XDL,True,2023-10-30,9.0,23.0,1.0,9.0,0:29904:1830097,"[C2650T, C15981T, A16482C, C17976T, T18159C, T23427C, T24903C, C29420T, T29625C]"
ERR13077938,XDL,2023-11-13,XDL,True,2023-11-13,12.0,142.0,1.0,12.0,0:29904:1859247,"[C162T, C2650T, G3476C, C12747T, C15981T, G16390A, A16482C, C17976T, C21304A, G22927T, T24903C, T29625C]"
ERR13076794,XDL,2023-11-20,XDL,True,2023-11-20,12.0,23.0,1.0,12.0,0:29904:1859247,"[C162T, C2650T, C5184A, G8687A, C15981T, A16482C, C17976T, C21304A, T22717C, G22927T, T24903C, T29625C]"
SRR27196018,XDL,2023-11-27,XDL,True,2023-11-27,11.0,0.0,1.0,11.0,0:29904:1830097,"[C207T, C2650T, C15981T, A16482C, C17976T, A23382G, T24903C, C27092T, C27630A, T29625C, C29627T]"
ERR13321739,XDL,2023-12-04,XDL,True,2023-12-04,13.0,315.0,1.0,13.0,0:29904:1830097,"[C2650T, A6528G, A9981G, C13011T, C14352T, C15981T, A16482C, C17976T, C18828T, C24134A, T24903C, T28197A, T29625C]"
ERR12405302,XDL,2023-12-06,XDL,True,2023-12-06,11.0,553.0,1.0,11.0,0:29904:1830097,"[G487A, C2650T, C15981T, A16482C, C17976T, G22199A, T24903C, G26325A, C27630A, T29625C, C29627T]"
ERR12658044,XDM,2023-12-26,XDM,True,2023-12-26,8.0,110.0,1.0,8.0,0:29904:1863966,"[G11507A, G22927T, C22986T, G22995T, T23664C, C24034T, T24046C, G25599T]"
SRR28043648,XDN,2024-02-02,XDN,True,2024-02-02,9.0,1.0,2.0,5.0,0:24990:1859490 24990:29904:1846600,"[C11812A, C14425T, A15677G, T16527C, C28153T]"
SRR28296564,XDN,2024-02-20,XDN,True,2024-02-20,11.0,1.0,2.0,7.0,0:24990:1859490 24990:29904:1846600,"[C4733A, T8008C, C10189T, C11812A, C14425T, G23611A, C28153T]"
ERR12383662,XDQ,2023-11-26,XDQ,True,2023-11-26,9.0,153.0,2.0,5.0,0:24378:1855693 24378:29904:1780121,"[A5525G, C7420T, T22846C, A27980G, T29023C]"
SRR28122226,XDQ,2024-01-03,XDQ,True,2024-01-03,9.0,26.0,2.0,5.0,0:24378:1859063 24378:29904:1780121,"[C7420T, G15530A, C25626G, A27980G, T29023C]"
SRR28170100,XDQ,2024-01-05,XDQ,True,2024-01-05,10.0,2033.0,2.0,6.0,0:24378:1864429 24378:29904:1780121,"[C7420T, T10093C, C21660T, T22846C, A27980G, T29023C]"
SRR28122197,XDQ,2024-01-16,XDQ,True,2024-01-16,9.0,37.0,2.0,5.0,0:24378:1859063 24378:29904:1825991,"[C7420T, C25626G, A27980G, C28846T, T29023C]"
SRR28992962,XDQ,2024-04-17,XDQ,True,2024-04-17,13.0,1707.0,2.0,9.0,0:24378:1881623 24378:29904:1780121,"[C6982T, C7420T, C11614T, A18564G, C20404T, C23277T, C27393T, A27980G, T29023C]"
SRR29074644,XDQ,2024-04-29,XDQ,True,2024-04-29,11.0,1133.0,2.0,7.0,0:24990:1881623 24990:29904:1780121,"[C7420T, C11614T, C20404T, C23277T, C27393T, A27980G, T29023C]"
SRR29074628,XDQ,2024-05-03,XDQ,True,2024-05-03,11.0,4925.0,2.0,7.0,0:24990:1881623 24990:29904:1780121,"[C7420T, C20404T, T23137C, C23277T, C27393T, A27980G, T29023C]"
ERR12862753,XDQ.1,2024-02-11,XDQ,True,2024-02-11,11.0,23.0,2.0,7.0,0:24378:1862240 24378:29904:1796130,"[C3040T, C7420T, C12815T, T18069G, T22846C, A27980G, T29023C]"
SRR28564004,XDQ.1,2024-03-23,XDQ,True,2024-03-23,11.0,276.0,2.0,7.0,0:24378:1886660 24378:29904:1780121,"[C7420T, T11247C, C21658T, T22846C, C22986T, A27980G, T29023C]"
SRR28563870,XDQ.1,2024-03-25,XDQ,True,2024-03-25,10.0,4166.0,2.0,6.0,0:24378:1862086 24378:29904:1780121,"[A4905G, C7420T, T22846C, C22986T, A27980G, T29023C]"
SRR28642370,XDQ.1,2024-03-31,XDQ,True,2024-03-31,12.0,521.0,2.0,8.0,0:23604:1862240 23604:29904:1780121,"[C1594T, C7420T, T8634C, C9803T, C12815T, T22846C, A27980G, T29023C]"
SRR28813014,XDQ.1,2024-04-15,XDQ,True,2024-04-15,13.0,376.0,2.0,9.0,0:24378:1862240 24378:29904:1780121,"[A429C, C7420T, C12815T, C14183T, G17790A, T22846C, T27811C, A27980G, T29023C]"
SRR29342146,XDQ.1,2024-04-22,XDQ,True,2024-04-22,10.0,23.0,2.0,6.0,0:24378:1862240 24378:29904:1851239,"[C7420T, C12815T, T22846C, A27980G, C28846T, T29023C]"
SRR29018977,XDQ.1,2024-05-04,XDQ,True,2024-05-04,16.0,949.0,2.0,12.0,0:24378:1862240 24378:29904:1780121,"[G2883A, C5175T, C5544T, C7420T, C8772T, T8862C, C12815T, C14724T, T22846C, G25912T, A27980G, T29023C]"
SRR29065188,XDQ.1,2024-05-04,XDQ,True,2024-05-04,16.0,264.0,2.0,12.0,0:24378:1886660 24378:29904:1780121,"[G2883A, C5175T, C5544T, C7420T, C8772T, T8862C, C14724T, T22846C, C22986T, G25912T, A27980G, T29023C]"
SRR29065224,XDQ.1,2024-05-08,XDQ,True,2024-05-08,13.0,4778.0,2.0,9.0,0:24990:1886660 24990:29904:1810862,"[C4893T, C7420T, C21998T, T22846C, C22986T, T26691C, A27980G, C28846T, T29023C]"
SRR28101363,XDQ.2,2024-01-18,XDQ,True,2024-01-18,10.0,538.0,2.0,6.0,0:24378:1864429 24378:29904:1780121,"[C7420T, T8670G, T22846C, A23021G, A27980G, T29023C]"
ERR12737325,XDS,2024-02-19,XDS,True,2024-02-19,17.0,328.0,3.0,9.0,0:8393:1858620 8393:27507:1855070 27507:29904:1826840,"[G598A, C2937T, A6277G, A6994G, A17637G, T22928G, G22994A, C23601T, A29700G]"
ERR12737333,XDS,2024-02-20,XDS,True,2024-02-20,15.0,37.0,3.0,7.0,0:8393:1858620 8393:27507:1855070 27507:29904:1826840,"[G598A, C2937T, A6277G, A6994G, T22928G, G22994A, C23601T]"
ERR12737326,XDS,2024-02-21,XDS,True,2024-02-21,17.0,51.0,3.0,9.0,0:8393:1858620 8393:27507:1855070 27507:29904:1826840,"[G598A, C2937T, A6277G, A6994G, A17637G, T22928G, G22994A, C23601T, A29700G]"
SRR29074622,XDS,2024-05-02,XDS,True,2024-05-02,13.0,1482.0,3.0,5.0,0:8393:1858620 8393:27507:1859063 27507:29904:1826840,"[A17637G, C17999T, C21812T, T22928G, C23606A]"
