node,name,type,num_parents,num_descendant_samples,mutations_averted
132996,XA,1,2,39,19
242304,XB,2,3,426,
463545,XC,2,2,6,36
1073548,XE/XH,2,2,1330,13
1093814,XG,2,2,170,7
1105581,XF,1,2,18,5
1133051,XAP/XZ,2,2,290,7
1133210,XJ,1,2,74,6
1169967,XS,1,2,19,13
1178986,XM/XAL,2,2,52,8
1218637,XL,1,2,67,4
1251095,XQ,1,2,187,4
1253868,XN,4,1,141,
1291412,XP,4,1,48,
1300637,XV,1,2,9,4
1311512,XAD,1,2,2,5
1322988,XAE,1,2,10,5
1375030,XW,1,2,40,4
1413955,XY,1,2,23,4
1448913,XAC,2,2,19,4
1472899,XAU,4,1,9,
1485232,XAZ,1,2,212,4
1500071,XAN,1,2,26,5
1518721,XAS,4,1,84,
1525011,XAV,4,1,13,
1534989,XAJ,4,1,21,
1554790,XBG,1,2,31,9
1623858,XBE,1,2,74,4
1629518,XBM,1,2,21,8
1667113,XBD,1,2,46,8
1668622,XBH,1,2,7,6
1673437,XBB,1,2,112220,7
1705711,XBF,1,2,832,7
1711075,XBZ,4,1,167,
1719442,XBV,1,2,4,14
1723586,XAY,1,7,371,
1725053,XBK,4,1,179,
1727007,XBC,1,4,98,
1728703,XBS,1,2,19,20
1729101,XBR,1,2,3,24
1733651,XBQ,4,1,36,
1766388,XCC,1,2,15,9
1767510,XCF,2,2,52,4
1788178,XBW,1,2,5,6
1814205,XBL,4,1,13,
1814888,XDB,4,1,12,
1818894,XCE,1,2,1,4
1825916,XCQ,1,2,8,4
1833066,XCP,1,2,40,9
1833719,XCR,1,2,85,10
1834477,XCZ,1,2,7,13
1836320,XCL,1,2,22,8
1840333,XCT,1,2,57,26
1841603,XCH,1,2,155,3
1841699,XDF,4,1,1,
1848677,XCY,1,2,1,10
1863208,XDA,1,2,105,3
1868714,XDP/XEB1,2,2,108,6
1871605,XDK,1,2,84,6
1872109,XDD,1,2,112,67
1874983,XDP/XEB2,2,2,34,5
1883456,XDR,1,2,6,5
1891345,XDV,1,2,32,17
1892436,XDY,1,2,3,4
