pango,root,total_samples,max_descendants,min_descendants,parent_max_descendants,parent_min_descendants,diff,diff_parent,relative_diff,relative_diff_parent
A,9,225,225,225,225,225,0,0,0.0,0.0
A.1,227,245,245,245,245,245,0,0,0.0,0.0
A.2,530,47,47,47,47,47,0,0,0.0,0.0
A.2.2,1190,65,65,65,65,65,0,0,0.0,0.0
A.2.3,1186,79,79,79,79,79,0,0,0.0,0.0
A.2.5,255122,36,36,36,36,36,0,0,0.0,0.0
A.2.5.1,255097,3,2,2,2,2,1,1,0.3333333333333333,0.3333333333333333
A.2.5.2,325703,4,3,3,3,3,1,1,0.25,0.25
A.23,80864,1,1,1,1,1,0,0,0.0,0.0
A.23.1,77348,199,199,199,199,199,0,0,0.0,0.0
A.25,27947,7,7,7,7,7,0,0,0.0,0.0
A.26,5309,10,10,10,10,10,0,0,0.0,0.0
A.29,197198,70,70,70,70,70,0,0,0.0,0.0
A.3,734,17,17,17,17,17,0,0,0.0,0.0
A.4,3154,21,21,21,21,21,0,0,0.0,0.0
A.5,818,47,46,46,47,47,1,0,0.02127659574468085,0.0
A.6,1164,4,4,4,4,4,0,0,0.0,0.0
AA.1,28813,9,9,9,9,9,0,0,0.0,0.0
AA.2,63956,109,92,92,109,109,17,0,0.1559633027522936,0.0
AA.3,50820,28,27,27,28,28,1,0,0.03571428571428571,0.0
AA.4,44927,98,98,98,98,98,0,0,0.0,0.0
AA.5,67805,49,49,49,49,49,0,0,0.0,0.0
AA.6,49024,48,48,48,48,48,0,0,0.0,0.0
AA.7,51640,69,69,69,69,69,0,0,0.0,0.0
AA.8,64330,33,33,33,33,33,0,0,0.0,0.0
AD.2,24278,3073,3073,3073,3073,3073,0,0,0.0,0.0
AE.1,28564,2,2,2,2,2,0,0,0.0,0.0
AE.3,26191,1,1,1,1,1,0,0,0.0,0.0
AE.5,22106,1,1,1,1,1,0,0,0.0,0.0
AE.8,30645,36,36,36,36,36,0,0,0.0,0.0
AH.3,69411,51,51,51,51,51,0,0,0.0,0.0
AJ.1,63408,9,9,9,9,9,0,0,0.0,0.0
AK.1,28484,56,56,56,56,56,0,0,0.0,0.0
AM.1,97590,2,1,1,2,2,1,0,0.5,0.0
AP.1,34441,499,499,499,499,499,0,0,0.0,0.0
AQ.1,64706,6,6,6,6,6,0,0,0.0,0.0
AS.1,73706,37,37,37,37,37,0,0,0.0,0.0
AV.1,252857,139,139,139,139,139,0,0,0.0,0.0
AY.1,245607,408,408,408,408,408,0,0,0.0,0.0
AY.10,233121,859,859,859,859,859,0,0,0.0,0.0
AY.100,280335,18621,18621,17426,18621,17426,0,0,0.0,0.0
AY.101,639383,8,8,8,8,8,0,0,0.0,0.0
AY.102,239976,11,11,11,11,11,0,0,0.0,0.0
AY.103,266229,67055,67021,67015,67055,67050,34,0,0.0005070464544031019,0.0
AY.103.1,492137,1,1,1,1,1,0,0,0.0,0.0
AY.104,481053,15,15,15,15,15,0,0,0.0,0.0
AY.105,264390,222,220,219,222,222,2,0,0.009009009009009009,0.0
AY.106,262841,44,42,42,44,44,2,0,0.045454545454545456,0.0
AY.107,272902,759,603,599,759,759,156,0,0.20553359683794467,0.0
AY.108,347455,70,70,70,70,70,0,0,0.0,0.0
AY.109,380418,316,305,304,305,304,11,11,0.03481012658227848,0.03481012658227848
AY.11,242085,497,497,497,497,497,0,0,0.0,0.0
AY.110,296845,704,660,660,704,704,44,0,0.0625,0.0
AY.111,232258,4483,4464,4464,4483,4483,19,0,0.004238233325897837,0.0
AY.112,407132,137,45,45,45,45,92,92,0.6715328467153284,0.6715328467153284
AY.112.1,499462,1,1,1,1,1,0,0,0.0,0.0
AY.112.2,480812,195,195,195,195,195,0,0,0.0,0.0
AY.113,453698,1967,1807,1790,1807,1790,160,160,0.0813421453990849,0.0813421453990849
AY.114,293131,1209,86,83,86,84,1123,1123,0.9288668320926385,0.9288668320926385
AY.116,291940,97,92,91,95,95,5,2,0.05154639175257732,0.020618556701030927
AY.116.1,309769,888,888,865,888,865,0,0,0.0,0.0
AY.117,269306,3565,3529,3490,3529,3490,36,36,0.010098176718092567,0.010098176718092567
AY.118,290769,4196,4153,4153,4196,4196,43,0,0.010247855100095328,0.0
AY.119,249656,8928,8606,8576,8928,8926,322,0,0.0360663082437276,0.0
AY.119.2,319466,3628,3447,3414,3447,3414,181,181,0.04988974641675854,0.04988974641675854
AY.120,251611,18906,18882,18851,18906,18887,24,0,0.0012694382735639479,0.0
AY.120.1,298065,671,648,637,653,642,23,18,0.03427719821162444,0.026825633383010434
AY.120.2,294287,21,21,21,21,21,0,0,0.0,0.0
AY.120.2.1,306234,38,38,38,38,38,0,0,0.0,0.0
AY.121,291891,1485,1485,1485,1485,1485,0,0,0.0,0.0
AY.121.1,656960,240,240,240,240,240,0,0,0.0,0.0
AY.122,220184,14992,14992,14990,14992,14992,0,0,0.0,0.0
AY.122.1,391655,25,22,22,22,22,3,3,0.12,0.12
AY.122.2,220181,682,682,682,682,682,0,0,0.0,0.0
AY.122.4,600815,133,133,133,133,133,0,0,0.0,0.0
AY.122.6,827589,20,20,20,20,20,0,0,0.0,0.0
AY.123,629146,27,27,27,27,27,0,0,0.0,0.0
AY.123.1,798856,8,8,8,8,8,0,0,0.0,0.0
AY.124,264040,1361,1360,1355,1361,1361,1,0,0.0007347538574577516,0.0
AY.124.1,338116,126,126,126,126,126,0,0,0.0,0.0
AY.124.1.1,305697,67,67,67,67,67,0,0,0.0,0.0
AY.125,352974,1015,1007,965,1007,965,8,8,0.007881773399014778,0.007881773399014778
AY.126,248061,1348,788,787,1158,1150,560,190,0.41543026706231456,0.14094955489614244
AY.127,460788,2726,2707,2707,2715,2715,19,11,0.006969919295671314,0.004035216434336023
AY.127.1,591651,16,15,15,16,16,1,0,0.0625,0.0
AY.128,355174,163,163,163,163,163,0,0,0.0,0.0
AY.129,403547,263,261,256,261,256,2,2,0.0076045627376425855,0.0076045627376425855
AY.13,253813,1627,1627,1627,1627,1627,0,0,0.0,0.0
AY.14,255962,3668,3668,3668,3668,3668,0,0,0.0,0.0
AY.15,353072,20,20,20,20,20,0,0,0.0,0.0
AY.16,320726,125,125,125,125,125,0,0,0.0,0.0
AY.16.1,369002,4,4,4,4,4,0,0,0.0,0.0
AY.17,284867,13,13,13,13,13,0,0,0.0,0.0
AY.19,291736,14,14,14,14,14,0,0,0.0,0.0
AY.2,282410,483,483,483,483,483,0,0,0.0,0.0
AY.20,294288,3815,3741,3732,3741,3732,74,74,0.019397116644823065,0.019397116644823065
AY.20.1,834170,8,8,8,8,8,0,0,0.0,0.0
AY.22,283076,89,89,89,89,89,0,0,0.0,0.0
AY.23,300996,84,84,84,84,84,0,0,0.0,0.0
AY.23.1,729135,1,1,1,1,1,0,0,0.0,0.0
AY.23.2,445456,10,10,10,10,10,0,0,0.0,0.0
AY.24,296836,94,93,93,94,94,1,0,0.010638297872340425,0.0
AY.25,257338,32785,32785,32781,32785,32781,0,0,0.0,0.0
AY.25.1,287459,16666,16591,16582,16666,16661,75,0,0.0045001800072002884,0.0
AY.25.1.1,720018,45,39,39,39,39,6,6,0.13333333333333333,0.13333333333333333
AY.25.1.2,815678,4,3,3,3,3,1,1,0.25,0.25
AY.25.2,748388,3,2,2,3,3,1,0,0.3333333333333333,0.0
AY.25.3,342180,282,265,265,282,282,17,0,0.06028368794326241,0.0
AY.26,243809,8187,8186,8186,8187,8187,1,0,0.00012214486380847684,0.0
AY.27,697669,46,46,46,46,46,0,0,0.0,0.0
AY.28,420024,12,12,12,12,12,0,0,0.0,0.0
AY.29,269371,17,13,13,17,17,4,0,0.23529411764705882,0.0
AY.29.1,494310,1,1,1,1,1,0,0,0.0,0.0
AY.3,272109,37227,37222,37204,37222,37204,5,5,0.00013431111827437076,0.00013431111827437076
AY.3.1,309699,2843,2843,2842,2843,2842,0,0,0.0,0.0
AY.3.3,550558,204,204,204,204,204,0,0,0.0,0.0
AY.30,411831,10,10,10,10,10,0,0,0.0,0.0
AY.32,294240,133,133,133,133,133,0,0,0.0,0.0
AY.33,307360,949,949,949,949,949,0,0,0.0,0.0
AY.33.2,582689,17,17,17,17,17,0,0,0.0,0.0
AY.34,353135,1442,1442,1442,1442,1442,0,0,0.0,0.0
AY.34.1,353130,1465,1464,1464,1464,1464,1,1,0.0006825938566552901,0.0006825938566552901
AY.34.1.1,463244,11,9,9,9,9,2,2,0.18181818181818182,0.18181818181818182
AY.34.2,428175,193,193,193,193,193,0,0,0.0,0.0
AY.35,286263,270,270,270,270,270,0,0,0.0,0.0
AY.36,314641,2510,2510,2510,2510,2510,0,0,0.0,0.0
AY.36.1,598070,14,14,14,14,14,0,0,0.0,0.0
AY.37,280338,674,674,674,674,674,0,0,0.0,0.0
AY.38,220057,224,224,224,224,224,0,0,0.0,0.0
AY.39,250694,11531,10750,10573,11531,11530,781,0,0.06773046570115342,0.0
AY.39.1,289536,1827,1650,1646,1650,1646,177,177,0.09688013136288999,0.09688013136288999
AY.39.1.2,434052,2,2,2,2,2,0,0,0.0,0.0
AY.39.2,325267,32,32,32,32,32,0,0,0.0,0.0
AY.39.3,521885,5,3,3,3,3,2,2,0.4,0.4
AY.4,238065,508038,507890,507166,507956,507912,148,82,0.00029131679126364566,0.0001614052492136415
AY.4.1,297207,943,943,940,943,940,0,0,0.0,0.0
AY.4.10,804437,320,320,320,320,320,0,0,0.0,0.0
AY.4.11,329620,193,189,189,189,189,4,4,0.02072538860103627,0.02072538860103627
AY.4.12,359084,6,5,5,5,5,1,1,0.16666666666666666,0.16666666666666666
AY.4.13,707314,40,40,40,40,40,0,0,0.0,0.0
AY.4.14,429801,1,1,1,1,1,0,0,0.0,0.0
AY.4.15,851260,4,4,4,4,4,0,0,0.0,0.0
AY.4.2,280324,54607,54499,54344,54500,54345,108,107,0.0019777684179683925,0.001959455747431648
AY.4.2.1,351567,11295,11277,11268,11277,11268,18,18,0.0015936254980079682,0.0015936254980079682
AY.4.2.2,347712,19347,18751,18740,19339,19328,596,8,0.030805809686256267,0.00041350080115780223
AY.4.2.3,425064,1014,979,979,1012,1012,35,2,0.03451676528599606,0.0019723865877712033
AY.4.2.5,694911,530,530,530,530,530,0,0,0.0,0.0
AY.4.3,261723,1020,427,427,1020,1019,593,0,0.5813725490196079,0.0
AY.4.4,338148,182,166,166,166,166,16,16,0.08791208791208792,0.08791208791208792
AY.4.5,286403,1038,986,986,1037,1037,52,1,0.05009633911368015,0.0009633911368015414
AY.4.6,302626,34,34,34,34,34,0,0,0.0,0.0
AY.4.7,273938,90,85,84,85,84,5,5,0.05555555555555555,0.05555555555555555
AY.4.8,329783,2969,2969,2969,2969,2969,0,0,0.0,0.0
AY.4.9,287617,374,260,260,353,352,114,21,0.3048128342245989,0.05614973262032086
AY.41,383171,37,37,37,37,37,0,0,0.0,0.0
AY.42,530673,954,953,847,954,954,1,0,0.0010482180293501049,0.0
AY.42.1,337833,9,9,9,9,9,0,0,0.0,0.0
AY.43,361037,28295,28271,28269,28295,28294,24,0,0.0008482063968899098,0.0
AY.43.1,701504,1,1,1,1,1,0,0,0.0,0.0
AY.43.3,593045,102,88,88,102,102,14,0,0.13725490196078433,0.0
AY.43.4,670514,11,8,8,11,11,3,0,0.2727272727272727,0.0
AY.43.5,782394,51,51,51,51,51,0,0,0.0,0.0
AY.43.6,547780,57,57,57,57,57,0,0,0.0,0.0
AY.43.7,826210,4,3,3,3,3,1,1,0.25,0.25
AY.43.8,388153,129,123,123,128,128,6,1,0.046511627906976744,0.007751937984496124
AY.43.9,579997,68,68,68,68,68,0,0,0.0,0.0
AY.44,252784,50424,50423,50392,50424,50422,1,0,1.983182611454863e-05,0.0
AY.45,271971,460,458,458,460,460,2,0,0.004347826086956522,0.0
AY.46,278520,632,596,595,632,631,36,0,0.056962025316455694,0.0
AY.46.1,467472,432,432,431,432,431,0,0,0.0,0.0
AY.46.2,305853,31,31,31,31,31,0,0,0.0,0.0
AY.46.4,289568,1329,1329,1329,1329,1329,0,0,0.0,0.0
AY.46.5,276343,9154,9151,9149,9151,9149,3,3,0.00032772558444395895,0.00032772558444395895
AY.46.6,296705,616,616,616,616,616,0,0,0.0,0.0
AY.47,324156,9343,9342,9334,9342,9334,1,1,0.00010703200256876806,0.00010703200256876806
AY.48,268135,292,292,292,292,292,0,0,0.0,0.0
AY.49,283311,33,33,33,33,33,0,0,0.0,0.0
AY.5,235551,29924,29488,29480,29924,29918,436,0,0.014570244619703248,0.0
AY.5.1,289780,44,44,44,44,44,0,0,0.0,0.0
AY.5.2,286292,57,56,56,57,57,1,0,0.017543859649122806,0.0
AY.5.3,324108,499,496,496,499,499,3,0,0.006012024048096192,0.0
AY.5.4,503914,93,43,43,93,93,50,0,0.5376344086021505,0.0
AY.5.5,457638,73,70,70,70,70,3,3,0.0410958904109589,0.0410958904109589
AY.5.6,552365,2,2,2,2,2,0,0,0.0,0.0
AY.50,291240,13,13,13,13,13,0,0,0.0,0.0
AY.51,383977,56,56,56,56,56,0,0,0.0,0.0
AY.52,277855,169,169,169,169,169,0,0,0.0,0.0
AY.53,339579,79,79,79,79,79,0,0,0.0,0.0
AY.54,267151,2343,2343,2343,2343,2343,0,0,0.0,0.0
AY.55,261688,8,8,8,8,8,0,0,0.0,0.0
AY.56,289785,97,97,97,97,97,0,0,0.0,0.0
AY.57,449247,13,13,13,13,13,0,0,0.0,0.0
AY.58,251897,312,312,312,312,312,0,0,0.0,0.0
AY.59,487122,2,2,2,2,2,0,0,0.0,0.0
AY.6,241111,17242,17235,17232,17242,17242,7,0,0.00040598538452615705,0.0
AY.60,333024,60,60,59,60,59,0,0,0.0,0.0
AY.61,425169,17,15,15,17,17,2,0,0.11764705882352941,0.0
AY.62,250114,423,423,423,423,423,0,0,0.0,0.0
AY.63,458005,108,108,108,108,108,0,0,0.0,0.0
AY.64,281149,471,471,471,471,471,0,0,0.0,0.0
AY.65,276658,96,96,96,96,96,0,0,0.0,0.0
AY.66,235572,15,15,15,15,15,0,0,0.0,0.0
AY.67,264763,417,417,416,417,416,0,0,0.0,0.0
AY.68,334753,102,102,102,102,102,0,0,0.0,0.0
AY.7,253905,3643,3643,3643,3643,3643,0,0,0.0,0.0
AY.7.1,342459,84,84,84,84,84,0,0,0.0,0.0
AY.7.2,329334,79,77,77,79,79,2,0,0.02531645569620253,0.0
AY.70,239465,103,103,103,103,103,0,0,0.0,0.0
AY.71,339630,32,32,32,32,32,0,0,0.0,0.0
AY.72,392406,9,9,9,9,9,0,0,0.0,0.0
AY.73,326356,51,51,51,51,51,0,0,0.0,0.0
AY.74,433312,214,214,214,214,214,0,0,0.0,0.0
AY.75,258732,4301,3936,3860,4301,4225,365,0,0.0848639851197396,0.0
AY.75.2,409518,7,7,7,7,7,0,0,0.0,0.0
AY.77,353111,64,64,64,64,64,0,0,0.0,0.0
AY.78,759588,2,2,2,2,2,0,0,0.0,0.0
AY.79,375907,1,1,1,1,1,0,0,0.0,0.0
AY.8,242289,1344,1344,1343,1344,1343,0,0,0.0,0.0
AY.80,354240,47,47,2,47,2,0,0,0.0,0.0
AY.81,309513,46,46,46,46,46,0,0,0.0,0.0
AY.83,290045,110,110,110,110,110,0,0,0.0,0.0
AY.84,706876,12,8,8,8,8,4,4,0.3333333333333333,0.3333333333333333
AY.86,325629,16,16,16,16,16,0,0,0.0,0.0
AY.87,271260,703,703,703,703,703,0,0,0.0,0.0
AY.88,314679,178,178,178,178,178,0,0,0.0,0.0
AY.9,213786,8642,8642,8639,8642,8639,0,0,0.0,0.0
AY.9.2,217240,3326,3326,3325,3326,3325,0,0,0.0,0.0
AY.9.2.2,906350,1,1,1,1,1,0,0,0.0,0.0
AY.90,254649,1284,1284,1284,1284,1284,0,0,0.0,0.0
AY.91,286338,145,145,145,145,145,0,0,0.0,0.0
AY.92,773620,9,8,8,8,8,1,1,0.1111111111111111,0.1111111111111111
AY.94,287541,367,367,367,367,367,0,0,0.0,0.0
AY.95,264394,25,25,25,25,25,0,0,0.0,0.0
AY.98,252905,27439,27431,27429,27439,27439,8,0,0.0002915558147162798,0.0
AY.98.1,287806,1611,1611,1611,1611,1611,0,0,0.0,0.0
AY.98.1.1,721644,19,19,19,19,19,0,0,0.0,0.0
AY.99,293268,68,66,66,68,68,2,0,0.029411764705882353,0.0
AY.99.1,739229,6,6,6,6,6,0,0,0.0,0.0
AY.99.2,292462,105,105,105,105,105,0,0,0.0,0.0
AZ.2,254523,15,15,15,15,15,0,0,0.0,0.0
AZ.3,171155,162,162,162,162,162,0,0,0.0,0.0
AZ.4,241922,49,49,49,49,49,0,0,0.0,0.0
B,1,725,725,725,0,0,0,725,0.0,1.0
B.1,12,8675,8655,8655,8659,8659,20,16,0.0023054755043227667,0.0018443804034582133
B.1.1,98,8508,8508,8503,8508,8508,0,0,0.0,0.0
B.1.1.1,195,1045,1037,1037,1037,1037,8,8,0.007655502392344498,0.007655502392344498
B.1.1.10,1290,263,262,262,263,263,1,0,0.0038022813688212928,0.0
B.1.1.101,20375,1,1,1,1,1,0,0,0.0,0.0
B.1.1.107,15781,22,20,20,22,22,2,0,0.09090909090909091,0.0
B.1.1.109,16180,19,19,19,19,19,0,0,0.0,0.0
B.1.1.111,11645,26,25,25,25,25,1,1,0.038461538461538464,0.038461538461538464
B.1.1.113,3181,12,12,12,12,12,0,0,0.0,0.0
B.1.1.114,5732,2,2,2,2,2,0,0,0.0,0.0
B.1.1.115,12810,86,86,86,86,86,0,0,0.0,0.0
B.1.1.117,15158,3,2,2,3,3,1,0,0.3333333333333333,0.0
B.1.1.118,19225,4,2,2,2,2,2,2,0.5,0.5
B.1.1.119,8434,19,18,18,19,19,1,0,0.05263157894736842,0.0
B.1.1.12,26986,91,49,49,49,49,42,42,0.46153846153846156,0.46153846153846156
B.1.1.120,15286,25,25,25,25,25,0,0,0.0,0.0
B.1.1.121,15435,74,72,72,74,74,2,0,0.02702702702702703,0.0
B.1.1.122,12274,2,1,1,1,1,1,1,0.5,0.5
B.1.1.123,15518,38,37,37,38,38,1,0,0.02631578947368421,0.0
B.1.1.125,15768,68,68,68,68,68,0,0,0.0,0.0
B.1.1.128,17581,23,23,23,23,23,0,0,0.0,0.0
B.1.1.129,7022,3,3,3,3,3,0,0,0.0,0.0
B.1.1.13,551,18,18,18,18,18,0,0,0.0,0.0
B.1.1.130,23458,59,59,59,59,59,0,0,0.0,0.0
B.1.1.132,11079,52,44,44,51,51,8,1,0.15384615384615385,0.019230769230769232
B.1.1.133,24389,12,12,12,12,12,0,0,0.0,0.0
B.1.1.134,4576,35,34,34,35,35,1,0,0.02857142857142857,0.0
B.1.1.135,11947,7,6,6,7,7,1,0,0.14285714285714285,0.0
B.1.1.136,15553,31,31,31,31,31,0,0,0.0,0.0
B.1.1.137,2066,49,49,49,49,49,0,0,0.0,0.0
B.1.1.138,19403,116,115,115,115,115,1,1,0.008620689655172414,0.008620689655172414
B.1.1.139,17923,29,29,29,29,29,0,0,0.0,0.0
B.1.1.14,8644,17,17,17,17,17,0,0,0.0,0.0
B.1.1.141,253753,6,5,5,5,5,1,1,0.16666666666666666,0.16666666666666666
B.1.1.142,10042,42,2,2,2,2,40,40,0.9523809523809523,0.9523809523809523
B.1.1.145,15956,18,18,18,18,18,0,0,0.0,0.0
B.1.1.147,17677,9,9,9,9,9,0,0,0.0,0.0
B.1.1.148,25666,4,2,2,2,2,2,2,0.5,0.5
B.1.1.149,11728,54,54,54,54,54,0,0,0.0,0.0
B.1.1.15,18833,45,45,45,45,45,0,0,0.0,0.0
B.1.1.152,65239,1,1,1,1,1,0,0,0.0,0.0
B.1.1.153,116469,16,16,16,16,16,0,0,0.0,0.0
B.1.1.154,4997,19,19,19,19,19,0,0,0.0,0.0
B.1.1.155,15508,10,10,10,10,10,0,0,0.0,0.0
B.1.1.157,19525,234,234,234,234,234,0,0,0.0,0.0
B.1.1.158,24989,8,8,8,8,8,0,0,0.0,0.0
B.1.1.160,11877,9,9,9,9,9,0,0,0.0,0.0
B.1.1.162,3775,4,4,4,4,4,0,0,0.0,0.0
B.1.1.164,1125,81,78,78,81,81,3,0,0.037037037037037035,0.0
B.1.1.165,27359,50,48,48,48,48,2,2,0.04,0.04
B.1.1.166,4214,17,17,17,17,17,0,0,0.0,0.0
B.1.1.168,6469,25,23,23,25,25,2,0,0.08,0.0
B.1.1.169,10484,1,1,1,1,1,0,0,0.0,0.0
B.1.1.170,26342,94,94,94,94,94,0,0,0.0,0.0
B.1.1.171,3814,171,171,171,171,171,0,0,0.0,0.0
B.1.1.172,8824,37,34,34,37,37,3,0,0.08108108108108109,0.0
B.1.1.174,23939,92,22,22,26,26,70,66,0.7608695652173914,0.717391304347826
B.1.1.176,1923,593,593,593,593,593,0,0,0.0,0.0
B.1.1.177,18698,2,1,1,2,2,1,0,0.5,0.0
B.1.1.178,11434,14,14,14,14,14,0,0,0.0,0.0
B.1.1.181,7554,55,1,1,55,55,54,0,0.9818181818181818,0.0
B.1.1.182,72658,6,6,6,6,6,0,0,0.0,0.0
B.1.1.186,131520,21,20,20,20,20,1,1,0.047619047619047616,0.047619047619047616
B.1.1.187,25123,11,11,11,11,11,0,0,0.0,0.0
B.1.1.189,34039,57,28,28,28,28,29,29,0.5087719298245614,0.5087719298245614
B.1.1.190,3314,2,2,2,2,2,0,0,0.0,0.0
B.1.1.192,22331,32,17,17,17,17,15,15,0.46875,0.46875
B.1.1.194,4286,10,10,10,10,10,0,0,0.0,0.0
B.1.1.196,32573,108,108,108,108,108,0,0,0.0,0.0
B.1.1.197,7002,18,18,18,18,18,0,0,0.0,0.0
B.1.1.198,3511,370,367,367,370,370,3,0,0.008108108108108109,0.0
B.1.1.200,15623,94,92,92,94,94,2,0,0.02127659574468085,0.0
B.1.1.201,22764,1,1,1,1,1,0,0,0.0,0.0
B.1.1.203,16196,17,17,17,17,17,0,0,0.0,0.0
B.1.1.204,30647,62,61,61,61,61,1,1,0.016129032258064516,0.016129032258064516
B.1.1.205,13858,45,45,45,45,45,0,0,0.0,0.0
B.1.1.207,38459,107,107,107,107,107,0,0,0.0,0.0
B.1.1.208,1516,51,51,51,51,51,0,0,0.0,0.0
B.1.1.209,28862,14,14,14,14,14,0,0,0.0,0.0
B.1.1.210,18654,4,4,4,4,4,0,0,0.0,0.0
B.1.1.213,3941,36,36,36,36,36,0,0,0.0,0.0
B.1.1.216,30037,17,17,17,17,17,0,0,0.0,0.0
B.1.1.217,12469,210,210,209,210,209,0,0,0.0,0.0
B.1.1.218,26047,7,7,7,7,7,0,0,0.0,0.0
B.1.1.219,23896,2,2,2,2,2,0,0,0.0,0.0
B.1.1.220,5387,127,1,1,124,124,126,3,0.9921259842519685,0.023622047244094488
B.1.1.222,20087,639,587,587,639,639,52,0,0.081377151799687,0.0
B.1.1.225,25872,3,3,3,3,3,0,0,0.0,0.0
B.1.1.226,19292,3,3,3,3,3,0,0,0.0,0.0
B.1.1.227,17113,188,188,188,188,188,0,0,0.0,0.0
B.1.1.228,13542,50,50,50,50,50,0,0,0.0,0.0
B.1.1.231,3864,3,3,3,3,3,0,0,0.0,0.0
B.1.1.232,23010,11,11,11,11,11,0,0,0.0,0.0
B.1.1.234,33955,23,20,20,23,23,3,0,0.13043478260869565,0.0
B.1.1.236,29369,67,67,67,67,67,0,0,0.0,0.0
B.1.1.237,14621,118,118,118,118,118,0,0,0.0,0.0
B.1.1.239,23843,12,12,12,12,12,0,0,0.0,0.0
B.1.1.240,27219,144,144,144,144,144,0,0,0.0,0.0
B.1.1.241,24323,53,53,53,53,53,0,0,0.0,0.0
B.1.1.242,26351,1,1,1,1,1,0,0,0.0,0.0
B.1.1.243,69782,5,5,5,5,5,0,0,0.0,0.0
B.1.1.249,5035,7,7,7,7,7,0,0,0.0,0.0
B.1.1.25,12479,239,221,221,221,221,18,18,0.07531380753138076,0.07531380753138076
B.1.1.253,12756,287,284,284,287,287,3,0,0.010452961672473868,0.0
B.1.1.254,17026,5,5,5,5,5,0,0,0.0,0.0
B.1.1.255,14383,238,238,238,238,238,0,0,0.0,0.0
B.1.1.256,11350,53,53,53,53,53,0,0,0.0,0.0
B.1.1.257,191,22,22,22,22,22,0,0,0.0,0.0
B.1.1.258,18278,2,2,2,2,2,0,0,0.0,0.0
B.1.1.261,22108,3,3,3,3,3,0,0,0.0,0.0
B.1.1.262,10982,48,48,48,48,48,0,0,0.0,0.0
B.1.1.263,29027,2,2,2,2,2,0,0,0.0,0.0
B.1.1.266,24553,16,13,13,13,13,3,3,0.1875,0.1875
B.1.1.268,19671,2,1,1,1,1,1,1,0.5,0.5
B.1.1.269,19347,141,141,141,141,141,0,0,0.0,0.0
B.1.1.270,2202,39,39,39,39,39,0,0,0.0,0.0
B.1.1.273,18119,5,5,5,5,5,0,0,0.0,0.0
B.1.1.274,15967,63,62,62,63,63,1,0,0.015873015873015872,0.0
B.1.1.275,4607,4,4,4,4,4,0,0,0.0,0.0
B.1.1.277,747,199,183,183,199,199,16,0,0.08040201005025126,0.0
B.1.1.279,2130,657,657,657,657,657,0,0,0.0,0.0
B.1.1.28,1927,66,63,63,66,66,3,0,0.045454545454545456,0.0
B.1.1.280,29517,5,4,4,4,4,1,1,0.2,0.2
B.1.1.282,20724,1,1,1,1,1,0,0,0.0,0.0
B.1.1.285,19052,1,1,1,1,1,0,0,0.0,0.0
B.1.1.286,22390,258,238,238,238,238,20,20,0.07751937984496124,0.07751937984496124
B.1.1.289,2509,161,161,161,161,161,0,0,0.0,0.0
B.1.1.29,9124,24,24,24,24,24,0,0,0.0,0.0
B.1.1.294,13562,80,80,80,80,80,0,0,0.0,0.0
B.1.1.296,1129,35,35,35,35,35,0,0,0.0,0.0
B.1.1.297,54584,1,1,1,1,1,0,0,0.0,0.0
B.1.1.299,15963,61,61,61,61,61,0,0,0.0,0.0
B.1.1.3,1432,83,83,83,83,83,0,0,0.0,0.0
B.1.1.300,17182,78,78,78,78,78,0,0,0.0,0.0
B.1.1.301,14790,622,622,622,622,622,0,0,0.0,0.0
B.1.1.302,23604,22,21,21,22,22,1,0,0.045454545454545456,0.0
B.1.1.303,18832,258,258,258,258,258,0,0,0.0,0.0
B.1.1.304,21543,19,19,19,19,19,0,0,0.0,0.0
B.1.1.305,24106,49,49,49,49,49,0,0,0.0,0.0
B.1.1.306,15772,12,11,11,12,12,1,0,0.08333333333333333,0.0
B.1.1.307,23161,1533,1533,1532,1533,1532,0,0,0.0,0.0
B.1.1.308,31188,60,60,58,60,58,0,0,0.0,0.0
B.1.1.309,24738,115,115,115,115,115,0,0,0.0,0.0
B.1.1.310,26535,44,44,44,44,44,0,0,0.0,0.0
B.1.1.311,87,1895,1893,1893,1895,1895,2,0,0.0010554089709762533,0.0
B.1.1.312,26057,174,174,174,174,174,0,0,0.0,0.0
B.1.1.315,32546,18,18,18,18,18,0,0,0.0,0.0
B.1.1.316,41346,249,249,249,249,249,0,0,0.0,0.0
B.1.1.317,28572,12,8,8,11,11,4,1,0.3333333333333333,0.08333333333333333
B.1.1.318,139608,741,741,741,741,741,0,0,0.0,0.0
B.1.1.322,151106,5,5,5,5,5,0,0,0.0,0.0
B.1.1.323,157,10,10,10,10,10,0,0,0.0,0.0
B.1.1.329,49226,14,14,14,14,14,0,0,0.0,0.0
B.1.1.33,257,81,79,79,81,81,2,0,0.024691358024691357,0.0
B.1.1.333,94588,87,87,87,87,87,0,0,0.0,0.0
B.1.1.339,1285,5,5,5,5,5,0,0,0.0,0.0
B.1.1.34,1239,2,1,1,1,1,1,1,0.5,0.5
B.1.1.341,30373,10,10,10,10,10,0,0,0.0,0.0
B.1.1.342,18784,1,1,1,1,1,0,0,0.0,0.0
B.1.1.344,7674,17,17,17,17,17,0,0,0.0,0.0
B.1.1.345,128530,2,2,2,2,2,0,0,0.0,0.0
B.1.1.347,59023,1,1,1,1,1,0,0,0.0,0.0
B.1.1.348,151122,101,101,101,101,101,0,0,0.0,0.0
B.1.1.349,23888,28,28,28,28,28,0,0,0.0,0.0
B.1.1.351,324074,18,18,18,18,18,0,0,0.0,0.0
B.1.1.354,136537,2,2,2,2,2,0,0,0.0,0.0
B.1.1.355,32138,24,17,17,17,17,7,7,0.2916666666666667,0.2916666666666667
B.1.1.356,19061,3,2,2,2,2,1,1,0.3333333333333333,0.3333333333333333
B.1.1.359,26659,4,3,3,3,3,1,1,0.25,0.25
B.1.1.360,8404,9,9,9,9,9,0,0,0.0,0.0
B.1.1.361,15650,11,11,11,11,11,0,0,0.0,0.0
B.1.1.362,19147,23,23,23,23,23,0,0,0.0,0.0
B.1.1.363,6566,65,65,65,65,65,0,0,0.0,0.0
B.1.1.364,27855,3,3,3,3,3,0,0,0.0,0.0
B.1.1.365,15273,137,87,87,87,87,50,50,0.36496350364963503,0.36496350364963503
B.1.1.367,6453,1,1,1,1,1,0,0,0.0,0.0
B.1.1.368,65464,43,43,43,43,43,0,0,0.0,0.0
B.1.1.369,475,1251,1251,1251,1251,1251,0,0,0.0,0.0
B.1.1.37,13996,3397,3397,3397,3397,3397,0,0,0.0,0.0
B.1.1.371,29033,20,20,20,20,20,0,0,0.0,0.0
B.1.1.372,216,642,642,642,642,642,0,0,0.0,0.0
B.1.1.376,14993,62,62,62,62,62,0,0,0.0,0.0
B.1.1.378,11948,21,17,17,21,21,4,0,0.19047619047619047,0.0
B.1.1.379,11566,4,4,4,4,4,0,0,0.0,0.0
B.1.1.38,14750,11,11,11,11,11,0,0,0.0,0.0
B.1.1.380,17005,9,9,9,9,9,0,0,0.0,0.0
B.1.1.383,13394,3,3,3,3,3,0,0,0.0,0.0
B.1.1.386,8212,2,2,2,2,2,0,0,0.0,0.0
B.1.1.39,21095,57,57,57,57,57,0,0,0.0,0.0
B.1.1.391,18697,1,1,1,1,1,0,0,0.0,0.0
B.1.1.394,26322,16,16,16,16,16,0,0,0.0,0.0
B.1.1.395,11411,11,11,11,11,11,0,0,0.0,0.0
B.1.1.397,152416,82,79,79,79,79,3,3,0.036585365853658534,0.036585365853658534
B.1.1.398,24220,1,1,1,1,1,0,0,0.0,0.0
B.1.1.4,15958,259,259,259,259,259,0,0,0.0,0.0
B.1.1.40,13362,3,3,3,3,3,0,0,0.0,0.0
B.1.1.401,17661,2,2,2,2,2,0,0,0.0,0.0
B.1.1.402,10204,7,7,7,7,7,0,0,0.0,0.0
B.1.1.403,37515,7,7,7,7,7,0,0,0.0,0.0
B.1.1.406,21862,57,57,57,57,57,0,0,0.0,0.0
B.1.1.408,20910,26,26,26,26,26,0,0,0.0,0.0
B.1.1.41,1315,109,109,109,109,109,0,0,0.0,0.0
B.1.1.410,21909,1,1,1,1,1,0,0,0.0,0.0
B.1.1.411,94436,1,1,1,1,1,0,0,0.0,0.0
B.1.1.412,21228,1,1,1,1,1,0,0,0.0,0.0
B.1.1.416,21539,268,268,268,268,268,0,0,0.0,0.0
B.1.1.418,37444,21,21,21,21,21,0,0,0.0,0.0
B.1.1.419,550,47,28,28,47,47,19,0,0.40425531914893614,0.0
B.1.1.421,19557,7,7,7,7,7,0,0,0.0,0.0
B.1.1.423,14170,10,10,10,10,10,0,0,0.0,0.0
B.1.1.426,18087,5,3,3,3,3,2,2,0.4,0.4
B.1.1.43,2803,47,47,47,47,47,0,0,0.0,0.0
B.1.1.432,23296,49,49,49,49,49,0,0,0.0,0.0
B.1.1.434,26825,245,245,245,245,245,0,0,0.0,0.0
B.1.1.438,4121,3,2,2,2,2,1,1,0.3333333333333333,0.3333333333333333
B.1.1.44,23731,211,190,190,191,191,21,20,0.0995260663507109,0.0947867298578199
B.1.1.440,18707,2,2,2,2,2,0,0,0.0,0.0
B.1.1.441,19223,1,1,1,1,1,0,0,0.0,0.0
B.1.1.448,13577,6,6,6,6,6,0,0,0.0,0.0
B.1.1.45,14918,57,37,37,37,37,20,20,0.3508771929824561,0.3508771929824561
B.1.1.450,62310,12,12,12,12,12,0,0,0.0,0.0
B.1.1.451,38894,5,5,5,5,5,0,0,0.0,0.0
B.1.1.453,32730,2,2,2,2,2,0,0,0.0,0.0
B.1.1.459,15427,5,5,5,5,5,0,0,0.0,0.0
B.1.1.461,103747,1,1,1,1,1,0,0,0.0,0.0
B.1.1.462,22102,1,1,1,1,1,0,0,0.0,0.0
B.1.1.463,13037,12,10,10,12,12,2,0,0.16666666666666666,0.0
B.1.1.464,8814,136,136,136,136,136,0,0,0.0,0.0
B.1.1.467,50439,4,4,4,4,4,0,0,0.0,0.0
B.1.1.47,21744,6,4,4,4,4,2,2,0.3333333333333333,0.3333333333333333
B.1.1.480,10923,5,5,5,5,5,0,0,0.0,0.0
B.1.1.482,2007,3,2,2,3,3,1,0,0.3333333333333333,0.0
B.1.1.485,7485,18,17,17,18,18,1,0,0.05555555555555555,0.0
B.1.1.49,9626,1,1,1,1,1,0,0,0.0,0.0
B.1.1.5,1978,13,13,13,13,13,0,0,0.0,0.0
B.1.1.50,3579,34,34,34,34,34,0,0,0.0,0.0
B.1.1.500,31637,2,2,2,2,2,0,0,0.0,0.0
B.1.1.51,3936,454,454,454,454,454,0,0,0.0,0.0
B.1.1.512,22335,1,1,1,1,1,0,0,0.0,0.0
B.1.1.513,676,3,3,3,3,3,0,0,0.0,0.0
B.1.1.514,11679,7,7,7,7,7,0,0,0.0,0.0
B.1.1.517,70069,34,34,34,34,34,0,0,0.0,0.0
B.1.1.518,66874,1,1,1,1,1,0,0,0.0,0.0
B.1.1.519,107591,3269,3269,3269,3269,3269,0,0,0.0,0.0
B.1.1.521,62762,7,7,7,7,7,0,0,0.0,0.0
B.1.1.529,990318,1,1,1,1,1,0,0,0.0,0.0
B.1.1.54,19973,6,6,6,6,6,0,0,0.0,0.0
B.1.1.55,7755,57,57,57,57,57,0,0,0.0,0.0
B.1.1.56,19979,1,1,1,1,1,0,0,0.0,0.0
B.1.1.57,13391,7,6,6,6,6,1,1,0.14285714285714285,0.14285714285714285
B.1.1.58,28922,1,1,1,1,1,0,0,0.0,0.0
B.1.1.59,15969,133,120,120,133,133,13,0,0.09774436090225563,0.0
B.1.1.61,8798,34,24,24,24,24,10,10,0.29411764705882354,0.29411764705882354
B.1.1.62,26295,4,3,3,3,3,1,1,0.25,0.25
B.1.1.63,26471,1,1,1,1,1,0,0,0.0,0.0
B.1.1.67,15935,164,164,164,164,164,0,0,0.0,0.0
B.1.1.7,86456,289202,289202,289197,289202,289197,0,0,0.0,0.0
B.1.1.70,23031,121,117,117,117,117,4,4,0.03305785123966942,0.03305785123966942
B.1.1.71,318,19,19,19,19,19,0,0,0.0,0.0
B.1.1.74,21207,194,191,191,194,194,3,0,0.015463917525773196,0.0
B.1.1.75,1048,3,3,3,3,3,0,0,0.0,0.0
B.1.1.77,18640,1,1,1,1,1,0,0,0.0,0.0
B.1.1.8,852,119,119,119,119,119,0,0,0.0,0.0
B.1.1.82,6229,8,8,8,8,8,0,0,0.0,0.0
B.1.1.83,1327,210,206,206,210,210,4,0,0.01904761904761905,0.0
B.1.1.86,14873,17,17,17,17,17,0,0,0.0,0.0
B.1.1.88,1464,9,9,9,9,9,0,0,0.0,0.0
B.1.1.89,1330,76,73,73,76,76,3,0,0.039473684210526314,0.0
B.1.1.92,16204,22,22,22,22,22,0,0,0.0,0.0
B.1.1.93,17753,18,18,18,18,18,0,0,0.0,0.0
B.1.1.95,15540,20,20,20,20,20,0,0,0.0,0.0
B.1.1.97,12420,29,29,29,29,29,0,0,0.0,0.0
B.1.1.98,9516,1,1,1,1,1,0,0,0.0,0.0
B.1.1.99,6859,1,1,1,1,1,0,0,0.0,0.0
B.1.104,456,163,158,158,163,163,5,0,0.03067484662576687,0.0
B.1.105,1685,87,87,87,87,87,0,0,0.0,0.0
B.1.106,10244,7,7,7,7,7,0,0,0.0,0.0
B.1.108,7390,15,15,15,15,15,0,0,0.0,0.0
B.1.110,904,26,26,26,26,26,0,0,0.0,0.0
B.1.110.2,6123,4,4,4,4,4,0,0,0.0,0.0
B.1.110.3,19648,392,392,392,392,392,0,0,0.0,0.0
B.1.111,730,26,26,26,26,26,0,0,0.0,0.0
B.1.112,6424,22,22,22,22,22,0,0,0.0,0.0
B.1.113,16155,10,10,10,10,10,0,0,0.0,0.0
B.1.115,2513,5,5,5,5,5,0,0,0.0,0.0
B.1.117,4708,61,61,61,61,61,0,0,0.0,0.0
B.1.119,20636,1,1,1,1,1,0,0,0.0,0.0
B.1.12,15771,16,16,16,16,16,0,0,0.0,0.0
B.1.120,9305,27,27,27,27,27,0,0,0.0,0.0
B.1.126,2516,96,96,96,96,96,0,0,0.0,0.0
B.1.128,1204,27,27,27,27,27,0,0,0.0,0.0
B.1.13,280,179,179,179,179,179,0,0,0.0,0.0
B.1.137,7051,31,31,31,31,31,0,0,0.0,0.0
B.1.139,14356,328,328,328,328,328,0,0,0.0,0.0
B.1.14,7420,9,9,9,9,9,0,0,0.0,0.0
B.1.140,20081,6,6,6,6,6,0,0,0.0,0.0
B.1.142,1757,109,109,109,109,109,0,0,0.0,0.0
B.1.143,11770,13,12,12,13,13,1,0,0.07692307692307693,0.0
B.1.145,11256,7,4,4,4,4,3,3,0.42857142857142855,0.42857142857142855
B.1.146,20262,1,1,1,1,1,0,0,0.0,0.0
B.1.147,1073,297,297,297,297,297,0,0,0.0,0.0
B.1.151,1396,27,27,27,27,27,0,0,0.0,0.0
B.1.153,413,16,15,15,16,16,1,0,0.0625,0.0
B.1.157,832,59,58,57,59,58,1,0,0.01694915254237288,0.0
B.1.159,3119,1,1,1,1,1,0,0,0.0,0.0
B.1.160,25312,2286,2285,2282,2285,2282,1,1,0.0004374453193350831,0.0004374453193350831
B.1.160.10,54447,3,3,3,3,3,0,0,0.0,0.0
B.1.160.12,69703,1,1,1,1,1,0,0,0.0,0.0
B.1.160.16,99422,4,4,4,4,4,0,0,0.0,0.0
B.1.160.23,28928,144,141,141,144,144,3,0,0.020833333333333332,0.0
B.1.160.26,54446,11,11,11,11,11,0,0,0.0,0.0
B.1.160.29,101348,1,1,1,1,1,0,0,0.0,0.0
B.1.160.30,154041,8,5,5,8,8,3,0,0.375,0.0
B.1.160.33,47914,122,109,109,122,122,13,0,0.10655737704918032,0.0
B.1.160.7,35998,331,331,331,331,331,0,0,0.0,0.0
B.1.162,2500,19,19,19,19,19,0,0,0.0,0.0
B.1.163,6738,10,10,10,10,10,0,0,0.0,0.0
B.1.164,21180,6,6,6,6,6,0,0,0.0,0.0
B.1.165,11602,46,46,46,46,46,0,0,0.0,0.0
B.1.166,2439,27,20,20,27,27,7,0,0.25925925925925924,0.0
B.1.167,5005,20,20,20,20,20,0,0,0.0,0.0
B.1.168,12721,13,13,13,13,13,0,0,0.0,0.0
B.1.173,14134,32,30,30,32,32,2,0,0.0625,0.0
B.1.177,22349,31781,31781,31778,31781,31778,0,0,0.0,0.0
B.1.177.10,29034,717,717,717,717,717,0,0,0.0,0.0
B.1.177.11,23861,784,784,784,784,784,0,0,0.0,0.0
B.1.177.12,112192,1,1,1,1,1,0,0,0.0,0.0
B.1.177.14,23181,48,48,48,48,48,0,0,0.0,0.0
B.1.177.15,28058,1106,1105,1105,1105,1105,1,1,0.0009041591320072332,0.0009041591320072332
B.1.177.16,29678,1032,1032,1032,1032,1032,0,0,0.0,0.0
B.1.177.17,28230,899,899,899,899,899,0,0,0.0,0.0
B.1.177.18,30294,497,497,497,497,497,0,0,0.0,0.0
B.1.177.19,28446,341,341,341,341,341,0,0,0.0,0.0
B.1.177.2,28454,153,153,153,153,153,0,0,0.0,0.0
B.1.177.20,28637,452,452,452,452,452,0,0,0.0,0.0
B.1.177.21,28769,8,8,8,8,8,0,0,0.0,0.0
B.1.177.24,36265,2,2,2,2,2,0,0,0.0,0.0
B.1.177.26,40012,105,105,105,105,105,0,0,0.0,0.0
B.1.177.3,26521,100,100,100,100,100,0,0,0.0,0.0
B.1.177.30,46730,97,97,97,97,97,0,0,0.0,0.0
B.1.177.32,47388,106,106,106,106,106,0,0,0.0,0.0
B.1.177.33,45909,48,48,48,48,48,0,0,0.0,0.0
B.1.177.35,73772,5,5,5,5,5,0,0,0.0,0.0
B.1.177.38,30073,1,1,1,1,1,0,0,0.0,0.0
B.1.177.39,98971,1,1,1,1,1,0,0,0.0,0.0
B.1.177.4,28277,3110,3110,3109,3110,3109,0,0,0.0,0.0
B.1.177.41,31812,2,2,2,2,2,0,0,0.0,0.0
B.1.177.42,73163,1,1,1,1,1,0,0,0.0,0.0
B.1.177.43,29757,1,1,1,1,1,0,0,0.0,0.0
B.1.177.44,24326,56,55,55,55,55,1,1,0.017857142857142856,0.017857142857142856
B.1.177.47,66042,17,17,17,17,17,0,0,0.0,0.0
B.1.177.48,33300,237,235,235,237,237,2,0,0.008438818565400843,0.0
B.1.177.5,27481,471,471,471,471,471,0,0,0.0,0.0
B.1.177.50,37507,3,3,3,3,3,0,0,0.0,0.0
B.1.177.51,52218,20,17,17,17,17,3,3,0.15,0.15
B.1.177.52,25592,173,173,173,173,173,0,0,0.0,0.0
B.1.177.53,23741,36,36,36,36,36,0,0,0.0,0.0
B.1.177.54,30449,912,912,912,912,912,0,0,0.0,0.0
B.1.177.55,32552,229,229,229,229,229,0,0,0.0,0.0
B.1.177.56,24934,919,902,902,919,919,17,0,0.018498367791077257,0.0
B.1.177.57,25400,2452,2438,2438,2452,2452,14,0,0.005709624796084829,0.0
B.1.177.58,33719,429,429,429,429,429,0,0,0.0,0.0
B.1.177.59,89274,1,1,1,1,1,0,0,0.0,0.0
B.1.177.6,32036,681,681,681,681,681,0,0,0.0,0.0
B.1.177.60,25381,456,410,410,456,456,46,0,0.10087719298245613,0.0
B.1.177.63,39696,255,254,254,255,255,1,0,0.00392156862745098,0.0
B.1.177.65,32356,1191,1184,1184,1191,1191,7,0,0.005877413937867338,0.0
B.1.177.67,74745,2,2,2,2,2,0,0,0.0,0.0
B.1.177.69,30965,437,437,437,437,437,0,0,0.0,0.0
B.1.177.7,25618,4558,4499,4499,4558,4558,59,0,0.012944273804300131,0.0
B.1.177.72,97956,111,111,111,111,111,0,0,0.0,0.0
B.1.177.73,82434,17,17,17,17,17,0,0,0.0,0.0
B.1.177.74,77649,2,2,2,2,2,0,0,0.0,0.0
B.1.177.75,52701,10,9,9,10,10,1,0,0.1,0.0
B.1.177.77,44347,27,27,27,27,27,0,0,0.0,0.0
B.1.177.8,28469,902,901,901,902,902,1,0,0.0011086474501108647,0.0
B.1.177.80,82881,12,12,12,12,12,0,0,0.0,0.0
B.1.177.81,25595,244,244,244,244,244,0,0,0.0,0.0
B.1.177.82,26968,194,194,194,194,194,0,0,0.0,0.0
B.1.177.83,27720,10,10,10,10,10,0,0,0.0,0.0
B.1.177.84,30891,94,94,94,94,94,0,0,0.0,0.0
B.1.177.85,54793,54,46,46,46,46,8,8,0.14814814814814814,0.14814814814814814
B.1.177.86,36239,29,29,29,29,29,0,0,0.0,0.0
B.1.177.87,44301,845,150,150,845,845,695,0,0.8224852071005917,0.0
B.1.177.9,29745,381,381,380,381,380,0,0,0.0,0.0
B.1.178,22836,2,2,2,2,2,0,0,0.0,0.0
B.1.179,14541,8,8,8,8,8,0,0,0.0,0.0
B.1.180,28570,2,2,2,2,2,0,0,0.0,0.0
B.1.189,22179,16,16,16,16,16,0,0,0.0,0.0
B.1.194,17154,1,1,1,1,1,0,0,0.0,0.0
B.1.195,2896,1,1,1,1,1,0,0,0.0,0.0
B.1.198,5439,11,11,11,11,11,0,0,0.0,0.0
B.1.199,4769,30,28,28,30,30,2,0,0.06666666666666667,0.0
B.1.2,15773,16671,16666,16662,16666,16662,5,5,0.00029992202027472856,0.00029992202027472856
B.1.201,229,143,139,139,143,143,4,0,0.027972027972027972,0.0
B.1.205,2474,1,1,1,1,1,0,0,0.0,0.0
B.1.206,18409,32,32,32,32,32,0,0,0.0,0.0
B.1.210,13887,12,11,11,11,11,1,1,0.08333333333333333,0.08333333333333333
B.1.212,4002,2,2,2,2,2,0,0,0.0,0.0
B.1.213,23733,2,2,2,2,2,0,0,0.0,0.0
B.1.214,194273,48,48,48,48,48,0,0,0.0,0.0
B.1.214.3,194272,8,8,8,8,8,0,0,0.0,0.0
B.1.215,3275,36,36,36,36,36,0,0,0.0,0.0
B.1.22,5897,5,5,5,5,5,0,0,0.0,0.0
B.1.220,14875,18,18,18,18,18,0,0,0.0,0.0
B.1.221,26085,566,566,517,566,517,0,0,0.0,0.0
B.1.221.1,26074,245,244,244,245,245,1,0,0.004081632653061225,0.0
B.1.221.2,70845,1,1,1,1,1,0,0,0.0,0.0
B.1.222,1307,261,254,254,261,261,7,0,0.02681992337164751,0.0
B.1.223,1463,138,86,86,86,86,52,52,0.37681159420289856,0.37681159420289856
B.1.225,4808,90,90,90,90,90,0,0,0.0,0.0
B.1.229,1425,56,56,56,56,56,0,0,0.0,0.0
B.1.23,1558,34,34,34,34,34,0,0,0.0,0.0
B.1.231,12439,17,17,17,17,17,0,0,0.0,0.0
B.1.232,6986,402,402,402,402,402,0,0,0.0,0.0
B.1.234,41347,772,772,772,772,772,0,0,0.0,0.0
B.1.235,16069,262,197,197,262,262,65,0,0.2480916030534351,0.0
B.1.236,21695,53,53,53,53,53,0,0,0.0,0.0
B.1.237,15167,4,4,4,4,4,0,0,0.0,0.0
B.1.238,14092,59,56,56,59,59,3,0,0.05084745762711865,0.0
B.1.239,15544,110,102,102,110,110,8,0,0.07272727272727272,0.0
B.1.240,14332,460,460,460,460,460,0,0,0.0,0.0
B.1.241,11501,232,231,231,232,232,1,0,0.004310344827586207,0.0
B.1.242,19558,27,25,25,25,25,2,2,0.07407407407407407,0.07407407407407407
B.1.243,9318,2045,1955,1955,2045,2045,90,0,0.044009779951100246,0.0
B.1.245,15700,2,2,2,2,2,0,0,0.0,0.0
B.1.247,12280,6,6,6,6,6,0,0,0.0,0.0
B.1.248,3240,28,28,28,28,28,0,0,0.0,0.0
B.1.249,13718,9,9,9,9,9,0,0,0.0,0.0
B.1.250,3475,26,26,26,26,26,0,0,0.0,0.0
B.1.251,15542,36,36,36,36,36,0,0,0.0,0.0
B.1.252,3246,40,40,40,40,40,0,0,0.0,0.0
B.1.254,6328,28,28,28,28,28,0,0,0.0,0.0
B.1.256,2976,41,41,41,41,41,0,0,0.0,0.0
B.1.258,21308,1677,1676,1676,1677,1677,1,0,0.0005963029218843172,0.0
B.1.258.10,31840,66,66,66,66,66,0,0,0.0,0.0
B.1.258.11,83175,1,1,1,1,1,0,0,0.0,0.0
B.1.258.12,36337,55,55,55,55,55,0,0,0.0,0.0
B.1.258.14,52188,1,1,1,1,1,0,0,0.0,0.0
B.1.258.17,206529,1,1,1,1,1,0,0,0.0,0.0
B.1.258.2,20136,22,22,22,22,22,0,0,0.0,0.0
B.1.258.20,105041,3,3,3,3,3,0,0,0.0,0.0
B.1.258.23,90615,3,3,3,3,3,0,0,0.0,0.0
B.1.258.3,42694,295,295,295,295,295,0,0,0.0,0.0
B.1.258.4,28482,162,162,162,162,162,0,0,0.0,0.0
B.1.258.5,30182,52,52,52,52,52,0,0,0.0,0.0
B.1.258.6,29906,35,35,35,35,35,0,0,0.0,0.0
B.1.258.7,27949,320,320,320,320,320,0,0,0.0,0.0
B.1.264,3779,15,15,15,15,15,0,0,0.0,0.0
B.1.265,41298,4,3,3,4,4,1,0,0.25,0.0
B.1.267,1965,21,21,21,21,21,0,0,0.0,0.0
B.1.268,2996,3,3,3,3,3,0,0,0.0,0.0
B.1.270,880,5,5,5,5,5,0,0,0.0,0.0
B.1.274,9748,16,16,16,16,16,0,0,0.0,0.0
B.1.276,14084,27,27,27,27,27,0,0,0.0,0.0
B.1.277,5014,10,10,10,10,10,0,0,0.0,0.0
B.1.280,87076,38,14,14,38,38,24,0,0.631578947368421,0.0
B.1.282,16182,52,52,52,52,52,0,0,0.0,0.0
B.1.287,17489,27,27,27,27,27,0,0,0.0,0.0
B.1.289,8754,35,33,33,35,35,2,0,0.05714285714285714,0.0
B.1.293,35457,3,3,3,3,3,0,0,0.0,0.0
B.1.294,28721,3,3,3,3,3,0,0,0.0,0.0
B.1.298,114781,6,6,6,6,6,0,0,0.0,0.0
B.1.3,14669,27,27,27,27,27,0,0,0.0,0.0
B.1.301,6710,42,42,42,42,42,0,0,0.0,0.0
B.1.302,1441930,2,1,1,2,2,1,0,0.5,0.0
B.1.304,17564,21,21,21,21,21,0,0,0.0,0.0
B.1.305,18311,103,103,103,103,103,0,0,0.0,0.0
B.1.306,92713,7,6,6,6,6,1,1,0.14285714285714285,0.14285714285714285
B.1.308,1277,2,2,2,2,2,0,0,0.0,0.0
B.1.309,21059,5,5,5,5,5,0,0,0.0,0.0
B.1.311,28577,587,586,586,587,587,1,0,0.0017035775127768314,0.0
B.1.313,17565,24,24,24,24,24,0,0,0.0,0.0
B.1.314,1232,12,12,12,12,12,0,0,0.0,0.0
B.1.315,22600,1,1,1,1,1,0,0,0.0,0.0
B.1.316,11261,1,1,1,1,1,0,0,0.0,0.0
B.1.319,1468,23,23,23,23,23,0,0,0.0,0.0
B.1.320,255,240,239,239,240,240,1,0,0.004166666666666667,0.0
B.1.321,4259,5,5,5,5,5,0,0,0.0,0.0
B.1.323,15545,1,1,1,1,1,0,0,0.0,0.0
B.1.324,19351,74,64,64,74,74,10,0,0.13513513513513514,0.0
B.1.332,741,33,32,32,33,33,1,0,0.030303030303030304,0.0
B.1.334,1963,1,1,1,1,1,0,0,0.0,0.0
B.1.336,20629,59,36,36,36,36,23,23,0.3898305084745763,0.3898305084745763
B.1.337,64139,13,13,13,13,13,0,0,0.0,0.0
B.1.338,9491,29,28,28,29,29,1,0,0.034482758620689655,0.0
B.1.340,20089,8,8,8,8,8,0,0,0.0,0.0
B.1.341,13171,3,3,3,3,3,0,0,0.0,0.0
B.1.344,435,5,5,5,5,5,0,0,0.0,0.0
B.1.346,26214,130,129,129,129,129,1,1,0.007692307692307693,0.007692307692307693
B.1.348,66986,12,12,12,12,12,0,0,0.0,0.0
B.1.349,18130,89,84,84,89,89,5,0,0.056179775280898875,0.0
B.1.35,1199,43,43,43,43,43,0,0,0.0,0.0
B.1.350,907,107,103,103,107,107,4,0,0.037383177570093455,0.0
B.1.350.1,14755,5,5,5,5,5,0,0,0.0,0.0
B.1.351,62381,2284,2284,2284,2284,2284,0,0,0.0,0.0
B.1.351.2,68260,15,15,15,15,15,0,0,0.0,0.0
B.1.351.3,182299,199,199,199,199,199,0,0,0.0,0.0
B.1.351.5,396906,1,1,1,1,1,0,0,0.0,0.0
B.1.355,19560,22,22,22,22,22,0,0,0.0,0.0
B.1.356,7706,66,66,66,66,66,0,0,0.0,0.0
B.1.359,292,3,3,3,3,3,0,0,0.0,0.0
B.1.36,13883,149,149,149,149,149,0,0,0.0,0.0
B.1.36.1,34909,54,51,51,54,54,3,0,0.05555555555555555,0.0
B.1.36.10,34892,19,18,18,19,19,1,0,0.05263157894736842,0.0
B.1.36.12,16869,62,62,62,62,62,0,0,0.0,0.0
B.1.36.16,36944,9,9,9,9,9,0,0,0.0,0.0
B.1.36.17,18376,1344,1344,1344,1344,1344,0,0,0.0,0.0
B.1.36.18,74623,55,55,55,55,55,0,0,0.0,0.0
B.1.36.2,77336,28,28,28,28,28,0,0,0.0,0.0
B.1.36.20,25922,37,37,37,37,37,0,0,0.0,0.0
B.1.36.21,55887,59,59,59,59,59,0,0,0.0,0.0
B.1.36.22,51691,138,134,134,138,138,4,0,0.028985507246376812,0.0
B.1.36.24,90899,2,2,2,2,2,0,0,0.0,0.0
B.1.36.28,33647,108,108,108,108,108,0,0,0.0,0.0
B.1.36.29,36927,20,20,20,20,20,0,0,0.0,0.0
B.1.36.35,33769,31,31,31,31,31,0,0,0.0,0.0
B.1.36.38,60602,10,4,4,10,10,6,0,0.6,0.0
B.1.36.39,32214,157,157,157,157,157,0,0,0.0,0.0
B.1.36.7,52717,66,57,57,59,59,9,7,0.13636363636363635,0.10606060606060606
B.1.36.8,10709,93,93,93,93,93,0,0,0.0,0.0
B.1.36.9,28853,160,160,160,160,160,0,0,0.0,0.0
B.1.360,14378,1,1,1,1,1,0,0,0.0,0.0
B.1.362,34914,1,1,1,1,1,0,0,0.0,0.0
B.1.362.1,34819,9,9,9,9,9,0,0,0.0,0.0
B.1.362.2,33977,121,121,121,121,121,0,0,0.0,0.0
B.1.363,30271,8,7,7,8,8,1,0,0.125,0.0
B.1.366,18836,13,8,8,13,13,5,0,0.38461538461538464,0.0
B.1.367,26049,165,165,165,165,165,0,0,0.0,0.0
B.1.369,2442,418,400,400,418,418,18,0,0.0430622009569378,0.0
B.1.37,724,3,3,3,3,3,0,0,0.0,0.0
B.1.370,1047,23,23,23,23,23,0,0,0.0,0.0
B.1.371,7891,11,11,11,11,11,0,0,0.0,0.0
B.1.372,17474,1,1,1,1,1,0,0,0.0,0.0
B.1.375,67909,144,144,142,144,142,0,0,0.0,0.0
B.1.378,1560,7,7,7,7,7,0,0,0.0,0.0
B.1.379,1004,31,31,31,31,31,0,0,0.0,0.0
B.1.380,24866,96,96,96,96,96,0,0,0.0,0.0
B.1.381,13325,3,3,3,3,3,0,0,0.0,0.0
B.1.382,693,42,42,42,42,42,0,0,0.0,0.0
B.1.383,3159,29,29,29,29,29,0,0,0.0,0.0
B.1.384,999,89,89,89,89,89,0,0,0.0,0.0
B.1.389,24031,581,581,581,581,581,0,0,0.0,0.0
B.1.39,6107,4,4,4,4,4,0,0,0.0,0.0
B.1.390,10246,33,30,30,30,30,3,3,0.09090909090909091,0.09090909090909091
B.1.391,356,432,432,432,432,432,0,0,0.0,0.0
B.1.395,165,23,23,23,23,23,0,0,0.0,0.0
B.1.396,18519,65,65,65,65,65,0,0,0.0,0.0
B.1.397,14995,20,20,20,20,20,0,0,0.0,0.0
B.1.398,17830,1,1,1,1,1,0,0,0.0,0.0
B.1.399,17947,144,139,139,142,142,5,2,0.034722222222222224,0.013888888888888888
B.1.40,5680,31,31,31,31,31,0,0,0.0,0.0
B.1.400,11865,339,338,338,339,339,1,0,0.0029498525073746312,0.0
B.1.400.1,102852,9,9,9,9,9,0,0,0.0,0.0
B.1.401,17187,79,79,79,79,79,0,0,0.0,0.0
B.1.402,18400,41,41,41,41,41,0,0,0.0,0.0
B.1.403,21544,63,63,63,63,63,0,0,0.0,0.0
B.1.404,72691,60,60,60,60,60,0,0,0.0,0.0
B.1.405,16824,16,16,16,16,16,0,0,0.0,0.0
B.1.406,52332,3,2,2,2,2,1,1,0.3333333333333333,0.3333333333333333
B.1.407,16285,19,19,19,19,19,0,0,0.0,0.0
B.1.409,138142,43,43,43,43,43,0,0,0.0,0.0
B.1.413,3482,8,7,7,8,8,1,0,0.125,0.0
B.1.415,1028,4,4,4,4,4,0,0,0.0,0.0
B.1.416,25583,25,24,24,24,24,1,1,0.04,0.04
B.1.416.1,25869,64,64,64,64,64,0,0,0.0,0.0
B.1.418,10296,12,12,12,12,12,0,0,0.0,0.0
B.1.420,155282,4,4,4,4,4,0,0,0.0,0.0
B.1.422,11483,141,103,103,103,103,38,38,0.2695035460992908,0.2695035460992908
B.1.425,13885,17,17,17,17,17,0,0,0.0,0.0
B.1.426,6400,347,347,344,347,344,0,0,0.0,0.0
B.1.427,50990,3823,3823,3823,3823,3823,0,0,0.0,0.0
B.1.428,1219,1,1,1,1,1,0,0,0.0,0.0
B.1.429,51009,7122,7122,7122,7122,7122,0,0,0.0,0.0
B.1.429.1,117934,6,6,6,6,6,0,0,0.0,0.0
B.1.431,5348,14,14,14,14,14,0,0,0.0,0.0
B.1.433,30397,52,52,52,52,52,0,0,0.0,0.0
B.1.435,11494,12,12,12,12,12,0,0,0.0,0.0
B.1.436,36340,7,7,7,7,7,0,0,0.0,0.0
B.1.438,18182,4,4,4,4,4,0,0,0.0,0.0
B.1.439,4821,34,34,34,34,34,0,0,0.0,0.0
B.1.44,3317,33,33,33,33,33,0,0,0.0,0.0
B.1.441,13953,19,19,19,19,19,0,0,0.0,0.0
B.1.442,11811,8,8,8,8,8,0,0,0.0,0.0
B.1.443,13698,22,22,22,22,22,0,0,0.0,0.0
B.1.444,39666,5,5,5,5,5,0,0,0.0,0.0
B.1.445,9014,7,7,7,7,7,0,0,0.0,0.0
B.1.448,55314,114,114,114,114,114,0,0,0.0,0.0
B.1.451,15297,4,3,3,4,4,1,0,0.25,0.0
B.1.452,13252,36,35,35,35,35,1,1,0.027777777777777776,0.027777777777777776
B.1.453,10979,128,127,127,128,128,1,0,0.0078125,0.0
B.1.465,2514,140,140,140,140,140,0,0,0.0,0.0
B.1.466,20255,2,2,2,2,2,0,0,0.0,0.0
B.1.467,28736,1,1,1,1,1,0,0,0.0,0.0
B.1.468,17781,2,2,2,2,2,0,0,0.0,0.0
B.1.469,189702,42,41,41,41,41,1,1,0.023809523809523808,0.023809523809523808
B.1.471,19349,167,167,167,167,167,0,0,0.0,0.0
B.1.479,8574,1,1,1,1,1,0,0,0.0,0.0
B.1.480,24984,19,19,19,19,19,0,0,0.0,0.0
B.1.482,15809,1,1,1,1,1,0,0,0.0,0.0
B.1.483,14369,3,3,3,3,3,0,0,0.0,0.0
B.1.489,5353,7,7,7,7,7,0,0,0.0,0.0
B.1.491,12598,5,5,5,5,5,0,0,0.0,0.0
B.1.492,9331,39,39,39,39,39,0,0,0.0,0.0
B.1.499,3117,2,2,2,2,2,0,0,0.0,0.0
B.1.503,7677,206,206,206,206,206,0,0,0.0,0.0
B.1.504,21755,1,1,1,1,1,0,0,0.0,0.0
B.1.505,25995,117,117,117,117,117,0,0,0.0,0.0
B.1.506,9506,1,1,1,1,1,0,0,0.0,0.0
B.1.508,13544,25,25,25,25,25,0,0,0.0,0.0
B.1.509,19699,30,30,30,30,30,0,0,0.0,0.0
B.1.511,18849,1,1,1,1,1,0,0,0.0,0.0
B.1.513,14434,3,3,3,3,3,0,0,0.0,0.0
B.1.515,9145,29,29,29,29,29,0,0,0.0,0.0
B.1.516,14221,95,95,95,95,95,0,0,0.0,0.0
B.1.517,29195,504,504,504,504,504,0,0,0.0,0.0
B.1.518,14329,5,3,3,3,3,2,2,0.4,0.4
B.1.520,22001,4,3,3,4,4,1,0,0.25,0.0
B.1.523,14697,85,2,2,85,85,83,0,0.9764705882352941,0.0
B.1.525,119881,737,737,737,737,737,0,0,0.0,0.0
B.1.526,154138,9667,9667,9649,9667,9649,0,0,0.0,0.0
B.1.532,20221,114,112,112,114,114,2,0,0.017543859649122806,0.0
B.1.533,5356,7,4,4,6,6,3,1,0.42857142857142855,0.14285714285714285
B.1.539,151072,4,4,4,4,4,0,0,0.0,0.0
B.1.546,18402,11,11,11,11,11,0,0,0.0,0.0
B.1.547,1570,4,4,4,4,4,0,0,0.0,0.0
B.1.551,73385,91,89,89,89,89,2,2,0.02197802197802198,0.02197802197802198
B.1.552,4987,5,5,5,5,5,0,0,0.0,0.0
B.1.554,18302,5,5,5,5,5,0,0,0.0,0.0
B.1.555,8841,2,2,2,2,2,0,0,0.0,0.0
B.1.556,16799,23,23,23,23,23,0,0,0.0,0.0
B.1.557,6329,12,12,12,12,12,0,0,0.0,0.0
B.1.558,14880,17,17,17,17,17,0,0,0.0,0.0
B.1.559,3611,18,18,18,18,18,0,0,0.0,0.0
B.1.560,18364,27,2,2,26,26,25,1,0.9259259259259259,0.037037037037037035
B.1.561,27082,374,374,374,374,374,0,0,0.0,0.0
B.1.564,3164,69,69,69,69,69,0,0,0.0,0.0
B.1.564.1,26392,6,6,6,6,6,0,0,0.0,0.0
B.1.565,28384,140,140,140,140,140,0,0,0.0,0.0
B.1.567,27101,52,52,52,52,52,0,0,0.0,0.0
B.1.568,152515,145,145,145,145,145,0,0,0.0,0.0
B.1.571,19645,1,1,1,1,1,0,0,0.0,0.0
B.1.572,17151,2,1,1,2,2,1,0,0.5,0.0
B.1.574,20082,40,40,40,40,40,0,0,0.0,0.0
B.1.576,21698,29,3,3,29,29,26,0,0.896551724137931,0.0
B.1.577,118314,146,106,106,146,146,40,0,0.273972602739726,0.0
B.1.579,11828,21,21,21,21,21,0,0,0.0,0.0
B.1.581,18805,14,14,14,14,14,0,0,0.0,0.0
B.1.582,15587,65,65,65,65,65,0,0,0.0,0.0
B.1.586,2990,4,2,2,2,2,2,2,0.5,0.5
B.1.587,66442,19,19,19,19,19,0,0,0.0,0.0
B.1.588,63828,78,78,78,78,78,0,0,0.0,0.0
B.1.589,18841,2,2,2,2,2,0,0,0.0,0.0
B.1.590,18801,2,1,1,1,1,1,1,0.5,0.5
B.1.591,41621,9,9,9,9,9,0,0,0.0,0.0
B.1.592,5899,9,9,9,9,9,0,0,0.0,0.0
B.1.595,4568,264,264,264,264,264,0,0,0.0,0.0
B.1.595.2,18112,1,1,1,1,1,0,0,0.0,0.0
B.1.595.4,32748,1,1,1,1,1,0,0,0.0,0.0
B.1.596,39997,397,356,356,397,397,41,0,0.10327455919395466,0.0
B.1.597,3106,1,1,1,1,1,0,0,0.0,0.0
B.1.598,13674,18,18,18,18,18,0,0,0.0,0.0
B.1.6,7092,1,1,1,1,1,0,0,0.0,0.0
B.1.600,24922,1,1,1,1,1,0,0,0.0,0.0
B.1.602,24861,52,52,52,52,52,0,0,0.0,0.0
B.1.605,93556,18,18,18,18,18,0,0,0.0,0.0
B.1.607,7243,13,13,13,13,13,0,0,0.0,0.0
B.1.609,13888,117,116,116,117,117,1,0,0.008547008547008548,0.0
B.1.610,23987,202,202,202,202,202,0,0,0.0,0.0
B.1.615,26280,1,1,1,1,1,0,0,0.0,0.0
B.1.617,166394,146,146,146,146,146,0,0,0.0,0.0
B.1.617.1,169740,258,257,257,258,258,1,0,0.003875968992248062,0.0
B.1.617.2,200039,13757,13757,13754,13757,13754,0,0,0.0,0.0
B.1.621,282408,889,889,889,889,889,0,0,0.0,0.0
B.1.621.1,236083,327,327,327,327,327,0,0,0.0,0.0
B.1.637,202525,2220,2220,2220,2220,2220,0,0,0.0,0.0
B.1.67,2349,6,6,6,6,6,0,0,0.0,0.0
B.1.69,2350,2,2,2,2,2,0,0,0.0,0.0
B.1.70,744,23,23,23,23,23,0,0,0.0,0.0
B.1.76,105,47,35,35,47,47,12,0,0.2553191489361702,0.0
B.1.77,13984,14,14,14,14,14,0,0,0.0,0.0
B.1.78,74683,3,3,3,3,3,0,0,0.0,0.0
B.1.8,3478,44,44,44,44,44,0,0,0.0,0.0
B.1.81,3980,25,25,25,25,25,0,0,0.0,0.0
B.1.9,9019,2,2,2,2,2,0,0,0.0,0.0
B.1.9.1,9307,6,6,6,6,6,0,0,0.0,0.0
B.1.9.2,12444,1,1,1,1,1,0,0,0.0,0.0
B.1.9.4,23630,1,1,1,1,1,0,0,0.0,0.0
B.1.9.5,27939,2,2,2,2,2,0,0,0.0,0.0
B.1.91,159,150,150,150,150,150,0,0,0.0,0.0
B.1.93,905,626,625,625,625,625,1,1,0.001597444089456869,0.001597444089456869
B.1.97,2159,36,36,36,36,36,0,0,0.0,0.0
B.10,476,71,71,71,71,71,0,0,0.0,0.0
B.11,2816,5,5,5,5,5,0,0,0.0,0.0
B.15,1466,14,14,14,14,14,0,0,0.0,0.0
B.18,10513,3,2,2,3,3,1,0,0.3333333333333333,0.0
B.19,13425,1,1,1,1,1,0,0,0.0,0.0
B.20,6808,13,13,13,13,13,0,0,0.0,0.0
B.23,1070,86,86,86,86,86,0,0,0.0,0.0
B.26,1655,40,40,40,40,40,0,0,0.0,0.0
B.27,249,39,39,39,39,39,0,0,0.0,0.0
B.28,660,121,119,119,121,121,2,0,0.01652892561983471,0.0
B.29,116,64,64,64,64,64,0,0,0.0,0.0
B.3,110,240,240,240,240,240,0,0,0.0,0.0
B.3.1,364,137,137,137,137,137,0,0,0.0,0.0
B.31,352,60,60,60,60,60,0,0,0.0,0.0
B.32,2244,15,15,15,15,15,0,0,0.0,0.0
B.33,928,272,46,46,272,272,226,0,0.8308823529411765,0.0
B.34,932,29,29,29,29,29,0,0,0.0,0.0
B.35,1067,31,31,31,31,31,0,0,0.0,0.0
B.36,4999,2,2,2,2,2,0,0,0.0,0.0
B.37,8809,1,1,1,1,1,0,0,0.0,0.0
B.39,108,124,124,124,124,124,0,0,0.0,0.0
B.4,20,40,40,40,40,40,0,0,0.0,0.0
B.4.4,331,2,2,2,2,2,0,0,0.0,0.0
B.4.5,453,30,30,30,30,30,0,0,0.0,0.0
B.4.6,5313,1,1,1,1,1,0,0,0.0,0.0
B.4.7,11827,5,5,5,5,5,0,0,0.0,0.0
B.40,85,918,918,918,918,918,0,0,0.0,0.0
B.44,801,2,2,2,2,2,0,0,0.0,0.0
B.45,981,208,208,208,208,208,0,0,0.0,0.0
B.46,7878,14,14,14,14,14,0,0,0.0,0.0
B.47,236,6,6,6,6,6,0,0,0.0,0.0
B.5,106,1,1,1,1,1,0,0,0.0,0.0
B.51,4206,1,1,1,1,1,0,0,0.0,0.0
B.52,841,47,47,47,47,47,0,0,0.0,0.0
B.55,60,27,27,27,27,27,0,0,0.0,0.0
B.57,1066,30,30,30,30,30,0,0,0.0,0.0
B.58,659,28,28,28,28,28,0,0,0.0,0.0
B.6,346,23,23,23,23,23,0,0,0.0,0.0
B.6.6,535,12,12,12,12,12,0,0,0.0,0.0
B.60,3155,11,11,11,11,11,0,0,0.0,0.0
B.61,228,55,52,52,55,55,3,0,0.05454545454545454,0.0
BA.1,851246,60361,60361,60352,60361,60352,0,0,0.0,0.0
BA.1.1,820532,155595,13828,13810,14498,14242,141767,141097,0.9111282496224171,0.9068221986567692
BA.1.1.1,888275,2975,2678,2677,2961,2960,297,14,0.09983193277310924,0.004705882352941176
BA.1.1.10,847576,349,200,200,308,308,149,41,0.4269340974212034,0.1174785100286533
BA.1.1.11,911770,158,134,134,141,141,24,17,0.1518987341772152,0.10759493670886076
BA.1.1.12,864177,1734,1413,1413,1720,1720,321,14,0.185121107266436,0.008073817762399077
BA.1.1.13,836793,3030,2550,2550,3011,3011,480,19,0.15841584158415842,0.006270627062706271
BA.1.1.14,840603,4299,3898,3896,4186,4184,401,113,0.09327750639683648,0.026285182600604792
BA.1.1.15,895381,4282,4268,4268,4275,4275,14,7,0.003269500233535731,0.0016347501167678655
BA.1.1.16,923267,159,53,53,132,132,106,27,0.6666666666666666,0.16981132075471697
BA.1.1.17,925274,79,58,58,58,58,21,21,0.26582278481012656,0.26582278481012656
BA.1.1.18,818916,14887,5951,5945,5951,5945,8936,8936,0.6002552562638543,0.6002552562638543
BA.1.1.2,898424,684,446,446,544,544,238,140,0.347953216374269,0.2046783625730994
BA.1.1.3,941800,2,2,2,2,2,0,0,0.0,0.0
BA.1.1.4,904094,671,671,671,671,671,0,0,0.0,0.0
BA.1.1.5,1173091,1,1,1,1,1,0,0,0.0,0.0
BA.1.1.6,922779,12,8,8,8,8,4,4,0.3333333333333333,0.3333333333333333
BA.1.1.7,951380,89,62,62,75,75,27,14,0.30337078651685395,0.15730337078651685
BA.1.1.8,818911,309,187,187,187,187,122,122,0.3948220064724919,0.3948220064724919
BA.1.1.9,997227,23,11,11,22,22,12,1,0.5217391304347826,0.043478260869565216
BA.1.10,873201,461,451,451,454,454,10,7,0.021691973969631236,0.015184381778741865
BA.1.12,873010,686,668,668,680,680,18,6,0.026239067055393587,0.008746355685131196
BA.1.13,834300,137,109,109,110,110,28,27,0.20437956204379562,0.19708029197080293
BA.1.13.1,897189,6,1,1,1,1,5,5,0.8333333333333334,0.8333333333333334
BA.1.14,820630,447,348,348,399,399,99,48,0.2214765100671141,0.10738255033557047
BA.1.14.1,916359,73,72,72,72,72,1,1,0.0136986301369863,0.0136986301369863
BA.1.14.2,908425,12,8,8,8,8,4,4,0.3333333333333333,0.3333333333333333
BA.1.15,820352,21492,19363,19360,19365,19362,2129,2127,0.09906011539177369,0.09896705750977108
BA.1.15.1,840599,9642,8978,8978,9600,9600,664,42,0.06886538062642605,0.0043559427504667085
BA.1.15.2,1068582,387,317,317,324,324,70,63,0.18087855297157623,0.16279069767441862
BA.1.15.3,929946,7,6,6,7,7,1,0,0.14285714285714285,0.0
BA.1.16,852215,3328,3225,3225,3320,3320,103,8,0.030949519230769232,0.002403846153846154
BA.1.16.2,930356,3,3,3,3,3,0,0,0.0,0.0
BA.1.17,791533,3842,77,77,3835,3835,3765,7,0.9799583550234253,0.0018219677251431546
BA.1.17.2,827900,38302,27514,27508,27528,27522,10788,10774,0.2816563103754373,0.28129079421440134
BA.1.18,799272,3362,2688,2672,2932,2931,674,430,0.20047590719809638,0.12790005948839978
BA.1.19,827745,414,352,352,352,352,62,62,0.1497584541062802,0.1497584541062802
BA.1.20,852614,4420,4030,4030,4038,4038,390,382,0.08823529411764706,0.08642533936651584
BA.1.21,847947,340,298,298,325,325,42,15,0.12352941176470589,0.04411764705882353
BA.1.21.1,914551,12,12,12,12,12,0,0,0.0,0.0
BA.1.22,1004318,1,1,1,1,1,0,0,0.0,0.0
BA.1.23,1150702,1,1,1,1,1,0,0,0.0,0.0
BA.1.3,929848,5,5,5,5,5,0,0,0.0,0.0
BA.1.4,817056,2,2,2,2,2,0,0,0.0,0.0
BA.1.5,915964,363,251,251,251,251,112,112,0.3085399449035813,0.3085399449035813
BA.1.6,920886,18,14,14,18,18,4,0,0.2222222222222222,0.0
BA.1.7,847944,179,163,163,175,175,16,4,0.0893854748603352,0.0223463687150838
BA.1.8,907457,155,155,155,155,155,0,0,0.0,0.0
BA.1.9,934531,62,42,42,42,42,20,20,0.3225806451612903,0.3225806451612903
BA.2,822854,200549,200546,200316,200546,200316,3,3,1.4958937715969664e-05,1.4958937715969664e-05
BA.2.1,1028863,6161,89,89,89,89,6072,6072,0.9855542931342315,0.9855542931342315
BA.2.10,902972,10067,9128,9126,9161,9159,939,906,0.093275057117314,0.08999701996622628
BA.2.10.1,933094,723,629,629,721,721,94,2,0.13001383125864455,0.0027662517289073307
BA.2.10.2,978443,8,8,8,8,8,0,0,0.0,0.0
BA.2.10.3,1073860,30,28,28,28,28,2,2,0.06666666666666667,0.06666666666666667
BA.2.11,1107468,12,12,12,12,12,0,0,0.0,0.0
BA.2.12,943363,1230,1163,1161,1227,1226,67,3,0.05447154471544716,0.0024390243902439024
BA.2.12.1,1145653,44760,44760,44747,44760,44747,0,0,0.0,0.0
BA.2.12.2,1222413,6,6,6,6,6,0,0,0.0,0.0
BA.2.13,1187706,467,302,302,305,305,165,162,0.3533190578158458,0.3468950749464668
BA.2.13.1,1197774,160,160,160,160,160,0,0,0.0,0.0
BA.2.14,1129660,45,24,24,45,45,21,0,0.4666666666666667,0.0
BA.2.15,1097501,38,38,38,38,38,0,0,0.0,0.0
BA.2.16,937492,273,273,273,273,273,0,0,0.0,0.0
BA.2.17,1135554,17,17,17,17,17,0,0,0.0,0.0
BA.2.18,1109562,2443,2441,2441,2442,2442,2,1,0.0008186655751125665,0.00040933278755628325
BA.2.19,1164795,2,2,2,2,2,0,0,0.0,0.0
BA.2.2,1068529,279,277,277,277,277,2,2,0.007168458781362007,0.007168458781362007
BA.2.20,1137328,175,175,175,175,175,0,0,0.0,0.0
BA.2.21,1125908,285,259,259,259,259,26,26,0.0912280701754386,0.0912280701754386
BA.2.22,1075494,664,662,662,662,662,2,2,0.0030120481927710845,0.0030120481927710845
BA.2.23,983443,6673,6608,6608,6673,6673,65,0,0.009740746291023528,0.0
BA.2.23.1,1091342,273,272,272,273,273,1,0,0.003663003663003663,0.0
BA.2.24,1138001,2,1,1,2,2,1,0,0.5,0.0
BA.2.25,1108206,24,9,9,9,9,15,15,0.625,0.625
BA.2.25.1,1043910,19,19,19,19,19,0,0,0.0,0.0
BA.2.26,1113669,304,304,304,304,304,0,0,0.0,0.0
BA.2.27,938531,8,4,4,4,4,4,4,0.5,0.5
BA.2.28,1193608,14,8,8,8,8,6,6,0.42857142857142855,0.42857142857142855
BA.2.29,1132852,17,10,10,17,17,7,0,0.4117647058823529,0.0
BA.2.3,934105,14704,14582,14581,14596,14595,122,108,0.008297062023939063,0.0073449401523395
BA.2.3.1,1264948,1,1,1,1,1,0,0,0.0,0.0
BA.2.3.10,1159385,70,68,68,70,70,2,0,0.02857142857142857,0.0
BA.2.3.11,1197711,16,11,11,11,11,5,5,0.3125,0.3125
BA.2.3.12,1185173,26,26,26,26,26,0,0,0.0,0.0
BA.2.3.13,1138097,12,5,5,5,5,7,7,0.5833333333333334,0.5833333333333334
BA.2.3.14,1197883,22,12,12,20,20,10,2,0.45454545454545453,0.09090909090909091
BA.2.3.15,1112653,72,72,72,72,72,0,0,0.0,0.0
BA.2.3.16,1110492,13,6,6,6,6,7,7,0.5384615384615384,0.5384615384615384
BA.2.3.17,956562,351,349,349,351,351,2,0,0.005698005698005698,0.0
BA.2.3.2,1132700,95,81,81,95,95,14,0,0.14736842105263157,0.0
BA.2.3.20,1373997,80,80,80,80,80,0,0,0.0,0.0
BA.2.3.4,1158866,169,169,169,169,169,0,0,0.0,0.0
BA.2.3.5,973606,73,73,73,73,73,0,0,0.0,0.0
BA.2.3.6,1132469,98,98,98,98,98,0,0,0.0,0.0
BA.2.3.7,1242812,22,22,22,22,22,0,0,0.0,0.0
BA.2.3.8,1265297,2,2,2,2,2,0,0,0.0,0.0
BA.2.3.9,1118275,65,46,46,65,65,19,0,0.2923076923076923,0.0
BA.2.30,1153575,25,13,13,13,13,12,12,0.48,0.48
BA.2.31,928353,244,195,195,244,244,49,0,0.20081967213114754,0.0
BA.2.31.1,1278711,16,14,14,14,14,2,2,0.125,0.125
BA.2.32,1103544,202,202,202,202,202,0,0,0.0,0.0
BA.2.33,1159333,1,1,1,1,1,0,0,0.0,0.0
BA.2.34,973064,32,25,25,25,25,7,7,0.21875,0.21875
BA.2.35,1118217,137,137,137,137,137,0,0,0.0,0.0
BA.2.36,1015982,547,470,470,547,547,77,0,0.14076782449725778,0.0
BA.2.37,936744,2335,2287,2287,2335,2335,48,0,0.020556745182012847,0.0
BA.2.38,1032816,624,477,477,623,623,147,1,0.23557692307692307,0.0016025641025641025
BA.2.38.1,1263046,26,26,26,26,26,0,0,0.0,0.0
BA.2.38.3,1277902,3,3,3,3,3,0,0,0.0,0.0
BA.2.38.4,1271645,2,2,2,2,2,0,0,0.0,0.0
BA.2.39,1043258,264,264,264,264,264,0,0,0.0,0.0
BA.2.4,1080436,39,38,38,38,38,1,1,0.02564102564102564,0.02564102564102564
BA.2.40.1,1240291,114,60,60,60,60,54,54,0.47368421052631576,0.47368421052631576
BA.2.41,1018456,574,574,574,574,574,0,0,0.0,0.0
BA.2.42,1226906,27,27,27,27,27,0,0,0.0,0.0
BA.2.43,1219039,31,31,31,31,31,0,0,0.0,0.0
BA.2.44,1149270,23,23,23,23,23,0,0,0.0,0.0
BA.2.45,1244833,17,8,8,8,8,9,9,0.5294117647058824,0.5294117647058824
BA.2.46,1110669,88,88,88,88,88,0,0,0.0,0.0
BA.2.47,1216781,171,147,147,147,147,24,24,0.14035087719298245,0.14035087719298245
BA.2.48,1130744,444,444,444,444,444,0,0,0.0,0.0
BA.2.49,1139718,129,129,129,129,129,0,0,0.0,0.0
BA.2.5,938535,699,512,512,699,699,187,0,0.2675250357653791,0.0
BA.2.50,1097462,360,360,360,360,360,0,0,0.0,0.0
BA.2.51,1076689,39,33,33,33,33,6,6,0.15384615384615385,0.15384615384615385
BA.2.52,1179221,123,70,70,123,123,53,0,0.43089430894308944,0.0
BA.2.53,1180174,27,27,27,27,27,0,0,0.0,0.0
BA.2.54,1235377,25,25,25,25,25,0,0,0.0,0.0
BA.2.55,1061758,81,81,81,81,81,0,0,0.0,0.0
BA.2.56,1139696,306,67,67,303,303,239,3,0.7810457516339869,0.00980392156862745
BA.2.57,1266316,5,3,3,3,3,2,2,0.4,0.4
BA.2.58,1129742,16,15,15,15,15,1,1,0.0625,0.0625
BA.2.59,1122698,34,34,34,34,34,0,0,0.0,0.0
BA.2.6,1175045,185,55,55,185,185,130,0,0.7027027027027027,0.0
BA.2.60,1202588,10,10,10,10,10,0,0,0.0,0.0
BA.2.61,1258266,7,6,6,6,6,1,1,0.14285714285714285,0.14285714285714285
BA.2.62,1240586,4,3,3,3,3,1,1,0.25,0.25
BA.2.63,1101848,19,9,9,19,19,10,0,0.5263157894736842,0.0
BA.2.64,1195865,52,51,50,51,50,1,1,0.019230769230769232,0.019230769230769232
BA.2.65,1186161,383,46,46,244,244,337,139,0.8798955613577023,0.3629242819843342
BA.2.66,1203808,10,10,10,10,10,0,0,0.0,0.0
BA.2.67,994440,106,106,106,106,106,0,0,0.0,0.0
BA.2.68,1222407,25,20,20,20,20,5,5,0.2,0.2
BA.2.69,1236042,1,1,1,1,1,0,0,0.0,0.0
BA.2.7,1010013,1087,893,893,893,893,194,194,0.17847286108555657,0.17847286108555657
BA.2.70,1105769,8,8,8,8,8,0,0,0.0,0.0
BA.2.71,1216785,36,27,27,27,27,9,9,0.25,0.25
BA.2.72,1188279,125,115,115,115,115,10,10,0.08,0.08
BA.2.73,1123125,120,118,118,119,119,2,1,0.016666666666666666,0.008333333333333333
BA.2.74,1259002,60,60,60,60,60,0,0,0.0,0.0
BA.2.75,1291791,67,67,62,67,62,0,0,0.0,0.0
BA.2.75.1,1311217,148,148,147,148,147,0,0,0.0,0.0
BA.2.75.10,1291783,6,6,6,6,6,0,0,0.0,0.0
BA.2.75.2,1339793,294,294,293,294,293,0,0,0.0,0.0
BA.2.75.3,1298100,35,35,35,35,35,0,0,0.0,0.0
BA.2.75.4,1357696,17,17,17,17,17,0,0,0.0,0.0
BA.2.75.5,1335912,117,117,117,117,117,0,0,0.0,0.0
BA.2.75.6,1348917,11,4,4,11,11,7,0,0.6363636363636364,0.0
BA.2.75.7,1370328,9,4,4,7,7,5,2,0.5555555555555556,0.2222222222222222
BA.2.76,1229947,251,226,226,226,226,25,25,0.099601593625498,0.099601593625498
BA.2.78,1234568,21,17,17,17,17,4,4,0.19047619047619047,0.19047619047619047
BA.2.79,1257546,12,12,12,12,12,0,0,0.0,0.0
BA.2.79.1,1283016,3,3,3,3,3,0,0,0.0,0.0
BA.2.8,1045825,3442,3441,3441,3441,3441,1,1,0.0002905287623474724,0.0002905287623474724
BA.2.81,1247002,18,18,18,18,18,0,0,0.0,0.0
BA.2.82,1307634,1,1,1,1,1,0,0,0.0,0.0
BA.2.87,1158963,5,5,5,5,5,0,0,0.0,0.0
BA.2.9,908780,19401,4145,4145,19398,19398,15256,3,0.7863512190093294,0.00015463120457708364
BA.2.9.1,1108243,128,128,128,128,128,0,0,0.0,0.0
BA.2.9.2,1037961,280,193,193,193,193,87,87,0.3107142857142857,0.3107142857142857
BA.2.9.3,1115496,195,97,97,195,195,98,0,0.5025641025641026,0.0
BA.2.9.4,1242029,1,1,1,1,1,0,0,0.0,0.0
BA.2.9.5,1137549,19,4,4,4,4,15,15,0.7894736842105263,0.7894736842105263
BA.2.9.6,1217205,16,16,16,16,16,0,0,0.0,0.0
BA.2.9.7,1210955,71,71,71,71,71,0,0,0.0,0.0
BA.4,1265302,4195,4195,4146,4195,4146,0,0,0.0,0.0
BA.4.1,1186153,8041,7995,7993,8041,8040,46,0,0.005720681507275215,0.0
BA.4.1.1,1235346,259,257,257,259,259,2,0,0.007722007722007722,0.0
BA.4.1.10,1350805,6,6,6,6,6,0,0,0.0,0.0
BA.4.1.11,1422742,1,1,1,1,1,0,0,0.0,0.0
BA.4.1.2,1240801,2,2,2,2,2,0,0,0.0,0.0
BA.4.1.3,1279566,7,7,7,7,7,0,0,0.0,0.0
BA.4.1.4,1273436,14,8,8,8,8,6,6,0.42857142857142855,0.42857142857142855
BA.4.1.5,1284838,15,9,9,15,15,6,0,0.4,0.0
BA.4.1.6,1249593,232,223,223,232,232,9,0,0.03879310344827586,0.0
BA.4.1.8,1269240,370,370,370,370,370,0,0,0.0,0.0
BA.4.1.9,1356971,80,39,39,80,80,41,0,0.5125,0.0
BA.4.2,1235403,751,751,751,751,751,0,0,0.0,0.0
BA.4.3,1247079,11,11,11,11,11,0,0,0.0,0.0
BA.4.4,1217844,1065,1063,1063,1065,1065,2,0,0.0018779342723004694,0.0
BA.4.5,1217406,25,25,25,25,25,0,0,0.0,0.0
BA.4.6,1277883,7963,7963,7373,7963,7373,0,0,0.0,0.0
BA.4.6.1,1277058,202,202,202,202,202,0,0,0.0,0.0
BA.4.6.2,1373958,18,18,18,18,18,0,0,0.0,0.0
BA.4.6.3,1383695,65,65,65,65,65,0,0,0.0,0.0
BA.4.6.4,1375830,27,16,16,16,16,11,11,0.4074074074074074,0.4074074074074074
BA.4.6.5,1253777,654,622,622,654,653,32,0,0.04892966360856269,0.0
BA.4.7,1264120,175,175,175,175,175,0,0,0.0,0.0
BA.4.8,1249714,2,1,1,1,1,1,1,0.5,0.5
BA.5,1189192,2084,2084,2049,2084,2079,0,0,0.0,0.0
BA.5.1,1189178,18649,18633,18582,18638,18587,16,11,0.0008579548501260121,0.0005898439594616333
BA.5.1.1,1232020,1960,1736,1736,1960,1960,224,0,0.11428571428571428,0.0
BA.5.1.10,1208702,1396,1396,1396,1396,1396,0,0,0.0,0.0
BA.5.1.11,1335246,3,3,3,3,3,0,0,0.0,0.0
BA.5.1.12,1284489,177,128,128,128,128,49,49,0.2768361581920904,0.2768361581920904
BA.5.1.15,1249902,131,111,111,131,131,20,0,0.15267175572519084,0.0
BA.5.1.16,1251447,18,18,18,18,18,0,0,0.0,0.0
BA.5.1.17,1217332,75,66,66,75,75,9,0,0.12,0.0
BA.5.1.18,1282989,344,338,336,344,342,6,0,0.01744186046511628,0.0
BA.5.1.19,1289413,27,21,21,27,27,6,0,0.2222222222222222,0.0
BA.5.1.2,1246084,762,641,640,762,761,121,0,0.15879265091863518,0.0
BA.5.1.20,1277084,27,23,23,27,27,4,0,0.14814814814814814,0.0
BA.5.1.21,1233265,114,113,110,114,111,1,0,0.008771929824561403,0.0
BA.5.1.22,1209858,1405,1277,1276,1405,1404,128,0,0.0911032028469751,0.0
BA.5.1.23,1208705,1392,1361,1361,1392,1392,31,0,0.022270114942528736,0.0
BA.5.1.24,1241714,678,555,555,678,678,123,0,0.18141592920353983,0.0
BA.5.1.25,1240629,693,693,693,693,693,0,0,0.0,0.0
BA.5.1.26,1277213,23,16,16,23,23,7,0,0.30434782608695654,0.0
BA.5.1.27,1388433,325,60,60,322,322,265,3,0.8153846153846154,0.009230769230769232
BA.5.1.28,1301091,32,30,30,30,30,2,2,0.0625,0.0625
BA.5.1.3,1226606,681,652,652,681,681,29,0,0.042584434654919234,0.0
BA.5.1.30,1253033,1880,1872,1871,1880,1878,8,0,0.00425531914893617,0.0
BA.5.1.31,1362926,2,2,2,2,2,0,0,0.0,0.0
BA.5.1.32,1405980,1,1,1,1,1,0,0,0.0,0.0
BA.5.1.33,1371077,84,84,84,84,84,0,0,0.0,0.0
BA.5.1.34,1300797,13,11,11,11,11,2,2,0.15384615384615385,0.15384615384615385
BA.5.1.35,1218289,273,269,269,273,273,4,0,0.014652014652014652,0.0
BA.5.1.36,1389339,21,21,21,21,21,0,0,0.0,0.0
BA.5.1.37,1401438,2,2,2,2,2,0,0,0.0,0.0
BA.5.1.4,1253360,108,108,108,108,108,0,0,0.0,0.0
BA.5.1.5,1258295,757,752,683,752,683,5,5,0.0066050198150594455,0.0066050198150594455
BA.5.1.6,1264221,466,466,466,466,466,0,0,0.0,0.0
BA.5.1.7,1285312,120,120,97,120,97,0,0,0.0,0.0
BA.5.1.8,1318445,18,18,18,18,18,0,0,0.0,0.0
BA.5.1.9,1269233,84,84,84,84,84,0,0,0.0,0.0
BA.5.10,1301422,118,118,118,118,118,0,0,0.0,0.0
BA.5.10.1,1363853,9,6,6,9,9,3,0,0.3333333333333333,0.0
BA.5.11,1401527,57,50,50,56,56,7,1,0.12280701754385964,0.017543859649122806
BA.5.2,1205299,15522,15518,15494,15518,15494,4,4,0.00025769875016106174,0.00025769875016106174
BA.5.2.1,1189190,30582,30557,30365,30564,30372,25,18,0.000817474331305997,0.0005885815185403178
BA.5.2.10,1381468,3,3,3,3,3,0,0,0.0,0.0
BA.5.2.12,1358971,11,4,4,4,4,7,7,0.6363636363636364,0.6363636363636364
BA.5.2.13,1276492,434,434,434,434,434,0,0,0.0,0.0
BA.5.2.14,1356902,29,29,29,29,29,0,0,0.0,0.0
BA.5.2.16,1265326,133,123,123,133,133,10,0,0.07518796992481203,0.0
BA.5.2.18,1346469,121,46,46,121,121,75,0,0.6198347107438017,0.0
BA.5.2.19,1267313,166,163,163,166,166,3,0,0.018072289156626505,0.0
BA.5.2.2,1250641,177,160,160,177,177,17,0,0.096045197740113,0.0
BA.5.2.20,1260544,1462,366,366,1344,1344,1096,118,0.7496580027359782,0.08071135430916553
BA.5.2.21,1291652,1358,92,92,1353,1353,1266,5,0.9322533136966127,0.003681885125184094
BA.5.2.22,1288158,344,309,309,344,344,35,0,0.10174418604651163,0.0
BA.5.2.23,1354787,156,156,156,156,156,0,0,0.0,0.0
BA.5.2.24,1294182,48,33,33,33,33,15,15,0.3125,0.3125
BA.5.2.25,1346363,56,56,56,56,56,0,0,0.0,0.0
BA.5.2.26,1299662,159,159,159,159,159,0,0,0.0,0.0
BA.5.2.27,1263074,216,212,212,216,216,4,0,0.018518518518518517,0.0
BA.5.2.28,1263348,283,279,279,283,283,4,0,0.014134275618374558,0.0
BA.5.2.29,1325956,6,3,3,3,3,3,3,0.5,0.5
BA.5.2.3,1236672,946,946,946,946,946,0,0,0.0,0.0
BA.5.2.30,1381553,6,6,6,6,6,0,0,0.0,0.0
BA.5.2.31,1259359,297,242,242,297,297,55,0,0.18518518518518517,0.0
BA.5.2.32,1399972,10,8,8,8,8,2,2,0.2,0.2
BA.5.2.33,1256855,109,103,103,109,109,6,0,0.05504587155963303,0.0
BA.5.2.34,1318392,352,352,352,352,352,0,0,0.0,0.0
BA.5.2.35,1350770,421,421,421,421,421,0,0,0.0,0.0
BA.5.2.36,1357565,33,14,14,14,14,19,19,0.5757575757575758,0.5757575757575758
BA.5.2.37,1320490,34,34,34,34,34,0,0,0.0,0.0
BA.5.2.38,1379953,4,2,2,2,2,2,2,0.5,0.5
BA.5.2.39,1366779,16,16,16,16,16,0,0,0.0,0.0
BA.5.2.4,1307793,36,28,28,36,36,8,0,0.2222222222222222,0.0
BA.5.2.41,1313557,4,1,1,1,1,3,3,0.75,0.75
BA.5.2.43,1396400,1,1,1,1,1,0,0,0.0,0.0
BA.5.2.44,1308672,30,29,29,29,29,1,1,0.03333333333333333,0.03333333333333333
BA.5.2.45,1373663,1,1,1,1,1,0,0,0.0,0.0
BA.5.2.46,1402363,1,1,1,1,1,0,0,0.0,0.0
BA.5.2.47,1391593,22,22,22,22,22,0,0,0.0,0.0
BA.5.2.48,1421985,0,0,0,0,0,0,0,,
BA.5.2.51,1363254,18,18,18,18,18,0,0,0.0,0.0
BA.5.2.52,1373075,15,15,15,15,15,0,0,0.0,0.0
BA.5.2.53,1275384,63,63,63,63,63,0,0,0.0,0.0
BA.5.2.54,1389307,24,22,22,23,23,2,1,0.08333333333333333,0.041666666666666664
BA.5.2.55,1345369,2,1,1,1,1,1,1,0.5,0.5
BA.5.2.56,1279735,34,23,23,34,34,11,0,0.3235294117647059,0.0
BA.5.2.57,1345431,82,74,74,82,82,8,0,0.0975609756097561,0.0
BA.5.2.58,1379227,35,35,35,35,35,0,0,0.0,0.0
BA.5.2.59,1291863,37,26,26,37,37,11,0,0.2972972972972973,0.0
BA.5.2.6,1349035,724,81,81,81,81,643,643,0.888121546961326,0.888121546961326
BA.5.2.60,1393878,9,9,9,9,9,0,0,0.0,0.0
BA.5.2.61,1405057,2,2,2,2,2,0,0,0.0,0.0
BA.5.2.62,1350787,28,25,25,25,25,3,3,0.10714285714285714,0.10714285714285714
BA.5.2.7,1292363,158,158,158,158,158,0,0,0.0,0.0
BA.5.2.8,1284278,102,102,102,102,102,0,0,0.0,0.0
BA.5.2.9,1256911,2603,2572,2572,2602,2602,31,1,0.011909335382251248,0.000384172109104879
BA.5.3,1206741,169,169,169,169,169,0,0,0.0,0.0
BA.5.3.1,1189184,267,261,260,267,266,6,0,0.02247191011235955,0.0
BA.5.3.2,1205767,56,56,56,56,56,0,0,0.0,0.0
BA.5.3.3,1230195,479,478,478,478,478,1,1,0.0020876826722338203,0.0020876826722338203
BA.5.3.4,1270112,16,16,16,16,16,0,0,0.0,0.0
BA.5.3.5,1349073,120,120,120,120,120,0,0,0.0,0.0
BA.5.5,1189181,9980,9976,9974,9980,9979,4,0,0.0004008016032064128,0.0
BA.5.5.1,1264594,307,292,292,307,307,15,0,0.048859934853420196,0.0
BA.5.5.2,1263099,180,180,180,180,180,0,0,0.0,0.0
BA.5.5.3,1261697,82,82,82,82,82,0,0,0.0,0.0
BA.5.6,1233803,6437,6437,6434,6437,6434,0,0,0.0,0.0
BA.5.6.1,1278245,32,32,32,32,32,0,0,0.0,0.0
BA.5.6.2,1264742,172,172,172,172,172,0,0,0.0,0.0
BA.5.6.3,1354785,20,15,15,20,20,5,0,0.25,0.0
BA.5.6.4,1357142,14,14,14,14,14,0,0,0.0,0.0
BA.5.7,1333489,3,3,3,3,3,0,0,0.0,0.0
BA.5.8,1241787,661,661,660,661,660,0,0,0.0,0.0
BA.5.9,1266308,344,344,344,344,344,0,0,0.0,0.0
BB.2,258854,67,67,67,67,67,0,0,0.0,0.0
BC.1,1012544,2,2,2,2,2,0,0,0.0,0.0
BD.1,906385,1766,1426,1426,1722,1722,340,44,0.19252548131370328,0.02491506228765572
BE.1,1223558,3137,3132,3123,3136,3127,5,1,0.0015938795027095952,0.000318775900541919
BE.1.1,1222720,2705,2694,2692,2705,2703,11,0,0.004066543438077634,0.0
BE.1.1.1,1296923,286,286,286,286,286,0,0,0.0,0.0
BE.1.1.2,1275513,243,243,243,243,243,0,0,0.0,0.0
BE.1.2,1295022,171,171,171,171,171,0,0,0.0,0.0
BE.1.2.1,1324537,85,85,85,85,85,0,0,0.0,0.0
BE.1.3,1251814,71,71,71,71,71,0,0,0.0,0.0
BE.1.4,1242596,426,426,423,426,423,0,0,0.0,0.0
BE.1.4.1,1280768,34,34,34,34,34,0,0,0.0,0.0
BE.1.4.2,1363308,48,48,48,48,48,0,0,0.0,0.0
BE.1.4.3,1329515,4,4,4,4,4,0,0,0.0,0.0
BE.1.4.4,1274991,14,14,14,14,14,0,0,0.0,0.0
BE.10,1408643,21,21,21,21,21,0,0,0.0,0.0
BE.11,1329667,1,1,1,1,1,0,0,0.0,0.0
BE.12,1253634,65,65,64,65,64,0,0,0.0,0.0
BE.2,1271123,236,236,235,236,235,0,0,0.0,0.0
BE.3,1213062,1560,1560,1560,1560,1560,0,0,0.0,0.0
BE.4,1293422,180,180,180,180,180,0,0,0.0,0.0
BE.4.1,1356162,27,27,27,27,27,0,0,0.0,0.0
BE.4.1.1,1360522,27,27,27,27,27,0,0,0.0,0.0
BE.4.2,1391535,18,18,18,18,18,0,0,0.0,0.0
BE.5,1241662,100,100,100,100,100,0,0,0.0,0.0
BE.7,1380448,9,8,8,9,9,1,0,0.1111111111111111,0.0
BE.8,1398600,5,5,5,5,5,0,0,0.0,0.0
BF.1,1296932,1062,1062,1061,1062,1061,0,0,0.0,0.0
BF.1.1,1227903,71,71,71,71,71,0,0,0.0,0.0
BF.10,1248329,3590,3567,3566,3589,3588,23,1,0.006406685236768802,0.0002785515320334262
BF.10.1,1396568,1,1,1,1,1,0,0,0.0,0.0
BF.11,1312630,652,652,652,652,652,0,0,0.0,0.0
BF.11.1,1288400,80,80,80,80,80,0,0,0.0,0.0
BF.11.2,1384973,93,93,93,93,93,0,0,0.0,0.0
BF.11.3,1323963,12,12,12,12,12,0,0,0.0,0.0
BF.11.4,1342177,10,10,10,10,10,0,0,0.0,0.0
BF.11.5,1361498,48,48,48,48,48,0,0,0.0,0.0
BF.12,1287070,23,22,22,23,23,1,0,0.043478260869565216,0.0
BF.13,1287722,315,315,315,315,315,0,0,0.0,0.0
BF.14,1321764,270,269,269,269,269,1,1,0.003703703703703704,0.003703703703703704
BF.15,1324981,38,37,37,38,38,1,0,0.02631578947368421,0.0
BF.16,1267461,93,58,58,93,93,35,0,0.3763440860215054,0.0
BF.17,1339809,2,2,2,2,2,0,0,0.0,0.0
BF.18,1334426,9,7,7,9,9,2,0,0.2222222222222222,0.0
BF.19,1271614,15,15,15,15,15,0,0,0.0,0.0
BF.2,1241821,115,110,109,115,114,5,0,0.043478260869565216,0.0
BF.20,1293437,15,15,15,15,15,0,0,0.0,0.0
BF.21,1240949,1101,1101,1101,1101,1101,0,0,0.0,0.0
BF.22,1377393,1,1,1,1,1,0,0,0.0,0.0
BF.23,1264168,16,16,16,16,16,0,0,0.0,0.0
BF.24,1244137,546,546,537,546,537,0,0,0.0,0.0
BF.25,1308317,167,155,155,167,167,12,0,0.0718562874251497,0.0
BF.26,1255327,1944,1799,1795,1944,1940,145,0,0.07458847736625514,0.0
BF.27,1243498,1083,1083,1081,1083,1081,0,0,0.0,0.0
BF.28,1189188,1217,1217,1215,1217,1215,0,0,0.0,0.0
BF.29,1356959,12,10,10,12,12,2,0,0.16666666666666666,0.0
BF.3,1296895,130,130,128,130,128,0,0,0.0,0.0
BF.3.1,1295048,14,14,14,14,14,0,0,0.0,0.0
BF.30,1304694,21,21,21,21,21,0,0,0.0,0.0
BF.31,1356955,15,10,10,13,13,5,2,0.3333333333333333,0.13333333333333333
BF.31.1,1405381,7,7,7,7,7,0,0,0.0,0.0
BF.32,1379242,100,100,100,100,100,0,0,0.0,0.0
BF.34,1381702,8,8,8,8,8,0,0,0.0,0.0
BF.36,1255992,124,124,124,124,124,0,0,0.0,0.0
BF.38,1335877,16,6,6,6,6,10,10,0.625,0.625
BF.38.1,1316517,1,1,1,1,1,0,0,0.0,0.0
BF.39,1270107,236,224,224,236,236,12,0,0.05084745762711865,0.0
BF.39.1,1416373,1,1,1,1,1,0,0,0.0,0.0
BF.4,1252176,479,476,476,479,479,3,0,0.006263048016701462,0.0
BF.40,1338695,21,21,21,21,21,0,0,0.0,0.0
BF.41,1284178,68,65,65,68,68,3,0,0.04411764705882353,0.0
BF.41.1,1411823,3,3,3,3,3,0,0,0.0,0.0
BF.5,1244165,2219,2218,2212,2218,2212,1,1,0.0004506534474988734,0.0004506534474988734
BF.5.1,2631448,5,1,1,5,5,4,0,0.8,0.0
BF.5.4,1343196,1,1,1,1,1,0,0,0.0,0.0
BF.5.5,1287064,32,32,32,32,32,0,0,0.0,0.0
BF.6,1260345,297,296,287,297,288,1,0,0.003367003367003367,0.0
BF.7,1272290,2129,59,59,2122,2122,2070,7,0.9722874589008924,0.0032879286049788633
BF.7.1,1388839,8,7,7,8,8,1,0,0.125,0.0
BF.7.10,1381596,13,8,8,13,13,5,0,0.38461538461538464,0.0
BF.7.11,1386791,17,14,14,17,17,3,0,0.17647058823529413,0.0
BF.7.12,1381723,14,9,9,9,9,5,5,0.35714285714285715,0.35714285714285715
BF.7.13,1395649,1,1,0,1,0,0,0,0.0,0.0
BF.7.13.1,1377891,2,2,2,2,2,0,0,0.0,0.0
BF.7.13.2,1413865,5,5,5,5,5,0,0,0.0,0.0
BF.7.14.6,1424516,2,2,2,2,2,0,0,0.0,0.0
BF.7.16,1405856,25,10,10,25,25,15,0,0.6,0.0
BF.7.18,1409138,2,2,2,2,2,0,0,0.0,0.0
BF.7.19,1399958,23,7,7,7,7,16,16,0.6956521739130435,0.6956521739130435
BF.7.19.1,1402493,1,1,1,1,1,0,0,0.0,0.0
BF.7.20,1309206,46,33,33,46,46,13,0,0.2826086956521739,0.0
BF.7.21,1326095,78,70,70,78,78,8,0,0.10256410256410256,0.0
BF.7.22,1364316,41,41,41,41,41,0,0,0.0,0.0
BF.7.23,1349725,52,32,32,52,52,20,0,0.38461538461538464,0.0
BF.7.24,1382304,39,23,23,23,23,16,16,0.41025641025641024,0.41025641025641024
BF.7.26,1342753,10,6,6,10,10,4,0,0.4,0.0
BF.7.27,1307665,79,79,79,79,79,0,0,0.0,0.0
BF.7.3,1383853,13,13,13,13,13,0,0,0.0,0.0
BF.7.4,1299733,453,453,453,453,453,0,0,0.0,0.0
BF.7.4.1,1332500,359,359,358,359,358,0,0,0.0,0.0
BF.7.4.2,1322192,23,23,23,23,23,0,0,0.0,0.0
BF.7.5,1383002,140,140,140,140,140,0,0,0.0,0.0
BF.7.6,1316257,119,119,119,119,119,0,0,0.0,0.0
BF.7.7,1357007,73,73,73,73,73,0,0,0.0,0.0
BF.7.8,1365960,14,1,1,11,11,13,3,0.9285714285714286,0.21428571428571427
BF.7.9,1340997,2,1,1,1,1,1,1,0.5,0.5
BF.8,1260651,975,179,179,974,974,796,1,0.8164102564102564,0.0010256410256410256
BF.9,1257675,58,58,58,58,58,0,0,0.0,0.0
BG.1,1206170,15,15,15,15,15,0,0,0.0,0.0
BG.2,1225179,162,162,162,162,162,0,0,0.0,0.0
BG.3,1275338,2,2,2,2,2,0,0,0.0,0.0
BG.4,1242704,6,6,6,6,6,0,0,0.0,0.0
BG.5,1197624,225,224,224,225,225,1,0,0.0044444444444444444,0.0
BG.6,1255502,1,1,1,1,1,0,0,0.0,0.0
BH.1,1276879,19,19,19,19,19,0,0,0.0,0.0
BK.1,1276689,357,174,174,357,357,183,0,0.5126050420168067,0.0
BL.1,1345501,81,18,18,81,81,63,0,0.7777777777777778,0.0
BL.1.1,1358523,1,1,1,1,1,0,0,0.0,0.0
BL.1.3,1385000,2,2,2,2,2,0,0,0.0,0.0
BL.1.4,1390774,6,6,6,6,6,0,0,0.0,0.0
BL.2,1377763,31,11,11,31,31,20,0,0.6451612903225806,0.0
BL.3,1344395,4,4,4,4,4,0,0,0.0,0.0
BL.4,1365888,4,4,4,4,4,0,0,0.0,0.0
BL.6,1385279,5,5,5,5,5,0,0,0.0,0.0
BM.1,1357425,13,5,5,13,13,8,0,0.6153846153846154,0.0
BM.1.1,1342796,39,39,39,39,39,0,0,0.0,0.0
BM.1.1.1,1417893,8,8,8,8,8,0,0,0.0,0.0
BM.1.1.2,1382539,1,1,1,1,1,0,0,0.0,0.0
BM.1.1.3,1396142,133,133,133,133,133,0,0,0.0,0.0
BM.1.1.5,1413652,10,10,10,10,10,0,0,0.0,0.0
BM.2,1327014,4,1,1,4,4,3,0,0.75,0.0
BM.2.1,1363180,1,1,1,1,1,0,0,0.0,0.0
BM.4,1291784,1,1,1,1,1,0,0,0.0,0.0
BM.4.1,1382464,1,1,1,1,1,0,0,0.0,0.0
BM.4.1.1,1350206,75,75,75,75,75,0,0,0.0,0.0
BM.5,1390807,3,3,3,3,3,0,0,0.0,0.0
BN.1,1345483,235,235,235,235,235,0,0,0.0,0.0
BN.1.1,1335780,16,16,16,16,16,0,0,0.0,0.0
BN.1.1.1,1395974,5,5,5,5,5,0,0,0.0,0.0
BN.1.10,1404013,10,10,10,10,10,0,0,0.0,0.0
BN.1.2,1394530,97,97,97,97,97,0,0,0.0,0.0
BN.1.2.1,1387501,103,103,103,103,103,0,0,0.0,0.0
BN.1.2.2,1413866,7,7,7,7,7,0,0,0.0,0.0
BN.1.2.3,1410291,9,9,9,9,9,0,0,0.0,0.0
BN.1.2.4,1419822,4,4,4,4,4,0,0,0.0,0.0
BN.1.2.5,1428361,1,1,1,1,1,0,0,0.0,0.0
BN.1.3,1349659,247,247,247,247,247,0,0,0.0,0.0
BN.1.3.1,1382982,267,267,267,267,267,0,0,0.0,0.0
BN.1.3.12,1390986,8,8,8,8,8,0,0,0.0,0.0
BN.1.3.4,1412619,2,2,2,2,2,0,0,0.0,0.0
BN.1.3.5,1411151,9,9,9,9,9,0,0,0.0,0.0
BN.1.3.6,1393077,37,37,37,37,37,0,0,0.0,0.0
BN.1.3.7,1413864,3,2,2,3,2,1,0,0.3333333333333333,0.0
BN.1.3.8,1408659,1,1,1,1,1,0,0,0.0,0.0
BN.1.4,1361545,87,87,87,87,87,0,0,0.0,0.0
BN.1.4.1,1415888,18,18,18,18,18,0,0,0.0,0.0
BN.1.4.2,1429357,1,1,1,1,1,0,0,0.0,0.0
BN.1.4.3,1395471,10,10,10,10,10,0,0,0.0,0.0
BN.1.4.5,1402187,10,10,10,10,10,0,0,0.0,0.0
BN.1.5,1368795,296,296,296,296,296,0,0,0.0,0.0
BN.1.5.2,1391855,6,6,6,6,6,0,0,0.0,0.0
BN.1.7,1394494,94,94,94,94,94,0,0,0.0,0.0
BN.1.9,1391586,11,11,11,11,11,0,0,0.0,0.0
BN.2,1352538,3,3,3,3,3,0,0,0.0,0.0
BN.2.1,1361595,7,7,7,7,7,0,0,0.0,0.0
BN.3,1386160,3,3,3,3,3,0,0,0.0,0.0
BN.3.1,1389343,21,21,21,21,21,0,0,0.0,0.0
BN.4,1381518,2,2,2,2,2,0,0,0.0,0.0
BN.5,1354778,20,20,20,20,20,0,0,0.0,0.0
BN.6,1354845,35,35,35,35,35,0,0,0.0,0.0
BQ.1,1335901,2600,2600,2598,2600,2598,0,0,0.0,0.0
BQ.1.1,1340763,6725,6701,6695,6725,6719,24,0,0.0035687732342007433,0.0
BQ.1.1.1,1361729,350,331,331,350,350,19,0,0.054285714285714284,0.0
BQ.1.1.10,1399990,98,83,83,98,98,15,0,0.15306122448979592,0.0
BQ.1.1.11,1390815,27,15,15,27,27,12,0,0.4444444444444444,0.0
BQ.1.1.12,1415520,1,1,1,1,1,0,0,0.0,0.0
BQ.1.1.13,1402751,58,51,51,58,58,7,0,0.1206896551724138,0.0
BQ.1.1.14,1396156,8,5,5,8,8,3,0,0.375,0.0
BQ.1.1.15,1385501,148,135,135,148,148,13,0,0.08783783783783784,0.0
BQ.1.1.16,1413858,14,13,13,14,14,1,0,0.07142857142857142,0.0
BQ.1.1.17,1405033,9,5,5,5,5,4,4,0.4444444444444444,0.4444444444444444
BQ.1.1.18,1374749,306,302,302,305,305,4,1,0.013071895424836602,0.0032679738562091504
BQ.1.1.19,1386192,111,102,102,111,111,9,0,0.08108108108108109,0.0
BQ.1.1.2,1338645,390,390,390,390,390,0,0,0.0,0.0
BQ.1.1.20,1415734,5,3,3,3,3,2,2,0.4,0.4
BQ.1.1.21,1417738,2,1,1,1,1,1,1,0.5,0.5
BQ.1.1.22,1396880,187,186,186,187,187,1,0,0.0053475935828877,0.0
BQ.1.1.23,1390057,117,117,117,117,117,0,0,0.0,0.0
BQ.1.1.24,1381637,189,121,121,189,189,68,0,0.35978835978835977,0.0
BQ.1.1.25,1402312,3,3,3,3,3,0,0,0.0,0.0
BQ.1.1.26,1416447,5,5,5,5,5,0,0,0.0,0.0
BQ.1.1.27,1404591,56,56,56,56,56,0,0,0.0,0.0
BQ.1.1.28,1396151,136,136,136,136,136,0,0,0.0,0.0
BQ.1.1.29,1404630,67,67,67,67,67,0,0,0.0,0.0
BQ.1.1.3,1379272,375,356,356,375,375,19,0,0.050666666666666665,0.0
BQ.1.1.30,1424187,4,4,4,4,4,0,0,0.0,0.0
BQ.1.1.31,1405387,81,75,75,81,81,6,0,0.07407407407407407,0.0
BQ.1.1.32,1403978,121,68,68,121,121,53,0,0.4380165289256198,0.0
BQ.1.1.34,1418365,19,8,8,19,19,11,0,0.5789473684210527,0.0
BQ.1.1.35,1411803,32,32,32,32,32,0,0,0.0,0.0
BQ.1.1.36,1410568,35,30,30,35,35,5,0,0.14285714285714285,0.0
BQ.1.1.37,1427814,6,5,5,6,6,1,0,0.16666666666666666,0.0
BQ.1.1.38,1426230,14,13,13,13,13,1,1,0.07142857142857142,0.07142857142857142
BQ.1.1.39,1425792,7,7,7,7,7,0,0,0.0,0.0
BQ.1.1.4,1371853,366,315,315,366,366,51,0,0.13934426229508196,0.0
BQ.1.1.40,1398723,19,17,17,19,19,2,0,0.10526315789473684,0.0
BQ.1.1.41,1391550,64,64,64,64,64,0,0,0.0,0.0
BQ.1.1.42,1415851,22,22,22,22,22,0,0,0.0,0.0
BQ.1.1.43,1410071,44,44,44,44,44,0,0,0.0,0.0
BQ.1.1.44,1415083,1,1,1,1,1,0,0,0.0,0.0
BQ.1.1.45,1423294,27,25,25,25,25,2,2,0.07407407407407407,0.07407407407407407
BQ.1.1.46,1415812,4,1,1,1,1,3,3,0.75,0.75
BQ.1.1.47,1413033,37,24,24,24,24,13,13,0.35135135135135137,0.35135135135135137
BQ.1.1.48,1434174,3,3,3,3,3,0,0,0.0,0.0
BQ.1.1.49,1426526,3,3,3,3,3,0,0,0.0,0.0
BQ.1.1.5,1398180,283,282,282,283,283,1,0,0.0035335689045936395,0.0
BQ.1.1.51,1376136,58,54,54,58,58,4,0,0.06896551724137931,0.0
BQ.1.1.52,1387414,54,53,53,54,54,1,0,0.018518518518518517,0.0
BQ.1.1.53,1431498,4,2,2,4,4,2,0,0.5,0.0
BQ.1.1.54,1405047,8,8,8,8,8,0,0,0.0,0.0
BQ.1.1.55,1420258,1,1,1,1,1,0,0,0.0,0.0
BQ.1.1.56,1409029,42,39,39,42,42,3,0,0.07142857142857142,0.0
BQ.1.1.57,1405863,55,54,54,55,55,1,0,0.01818181818181818,0.0
BQ.1.1.58,1411144,32,31,31,32,32,1,0,0.03125,0.0
BQ.1.1.6,1388018,255,226,226,255,255,29,0,0.11372549019607843,0.0
BQ.1.1.60,1420322,12,12,12,12,12,0,0,0.0,0.0
BQ.1.1.61,1415869,9,9,9,9,9,0,0,0.0,0.0
BQ.1.1.62,1412217,13,13,13,13,13,0,0,0.0,0.0
BQ.1.1.63,1424391,24,24,24,24,24,0,0,0.0,0.0
BQ.1.1.64,1432536,2,2,2,2,2,0,0,0.0,0.0
BQ.1.1.65,1417138,17,17,17,17,17,0,0,0.0,0.0
BQ.1.1.66,1414575,31,12,12,12,12,19,19,0.6129032258064516,0.6129032258064516
BQ.1.1.67,1419635,45,37,37,45,45,8,0,0.17777777777777778,0.0
BQ.1.1.68,1385164,88,88,88,88,88,0,0,0.0,0.0
BQ.1.1.69,1394521,207,206,206,207,207,1,0,0.004830917874396135,0.0
BQ.1.1.7,1383118,137,136,136,137,137,1,0,0.0072992700729927005,0.0
BQ.1.1.71,1423770,14,14,14,14,14,0,0,0.0,0.0
BQ.1.1.72,1398647,27,27,27,27,27,0,0,0.0,0.0
BQ.1.1.74,1431836,12,11,11,11,11,1,1,0.08333333333333333,0.08333333333333333
BQ.1.1.76,1432537,3,2,2,3,3,1,0,0.3333333333333333,0.0
BQ.1.1.77,1413543,1,1,1,1,1,0,0,0.0,0.0
BQ.1.1.8,1360075,506,506,506,506,506,0,0,0.0,0.0
BQ.1.1.9,1413927,1,1,1,1,1,0,0,0.0,0.0
BQ.1.10,1359435,451,451,451,451,451,0,0,0.0,0.0
BQ.1.10.1,1384419,61,61,61,61,61,0,0,0.0,0.0
BQ.1.10.2,1407477,12,12,12,12,12,0,0,0.0,0.0
BQ.1.10.3,1415868,4,4,4,4,4,0,0,0.0,0.0
BQ.1.11,1370384,298,51,51,295,295,247,3,0.8288590604026845,0.010067114093959731
BQ.1.11.1,1416314,2,1,1,2,2,1,0,0.5,0.0
BQ.1.12,1364953,476,475,475,476,476,1,0,0.0021008403361344537,0.0
BQ.1.13,1380391,171,171,171,171,171,0,0,0.0,0.0
BQ.1.13.1,1390427,118,118,118,118,118,0,0,0.0,0.0
BQ.1.14,1374599,310,309,309,310,310,1,0,0.0032258064516129032,0.0
BQ.1.15,1381520,183,183,183,183,183,0,0,0.0,0.0
BQ.1.16,1347684,32,32,32,32,32,0,0,0.0,0.0
BQ.1.17,1417003,4,4,4,4,4,0,0,0.0,0.0
BQ.1.18,1413161,106,28,28,103,103,78,3,0.7358490566037735,0.02830188679245283
BQ.1.19,1395654,2,2,2,2,2,0,0,0.0,0.0
BQ.1.2,1355276,604,603,603,604,604,1,0,0.0016556291390728477,0.0
BQ.1.2.1,1404590,9,9,9,9,9,0,0,0.0,0.0
BQ.1.2.3,1386110,58,54,54,58,58,4,0,0.06896551724137931,0.0
BQ.1.20,1403206,9,9,9,9,9,0,0,0.0,0.0
BQ.1.21,1418709,37,37,37,37,37,0,0,0.0,0.0
BQ.1.22,1393914,50,17,17,50,50,33,0,0.66,0.0
BQ.1.23,1391562,220,217,217,220,220,3,0,0.013636363636363636,0.0
BQ.1.24,1425845,11,8,8,11,11,3,0,0.2727272727272727,0.0
BQ.1.25,1405045,46,46,46,46,46,0,0,0.0,0.0
BQ.1.25.1,1406343,15,15,15,15,15,0,0,0.0,0.0
BQ.1.26,1368770,8,8,8,8,8,0,0,0.0,0.0
BQ.1.26.1,1399970,4,4,4,4,4,0,0,0.0,0.0
BQ.1.27,1410954,8,8,8,8,8,0,0,0.0,0.0
BQ.1.28,1410288,22,22,22,22,22,0,0,0.0,0.0
BQ.1.29,1415107,10,10,10,10,10,0,0,0.0,0.0
BQ.1.3,1370167,19,19,19,19,19,0,0,0.0,0.0
BQ.1.3.1,1391310,52,52,52,52,52,0,0,0.0,0.0
BQ.1.3.2,1382383,268,268,268,268,268,0,0,0.0,0.0
BQ.1.31,1412549,32,24,24,24,24,8,8,0.25,0.25
BQ.1.32,1429901,2,2,2,2,2,0,0,0.0,0.0
BQ.1.33,1426615,1,1,1,1,1,0,0,0.0,0.0
BQ.1.4,1368771,26,26,26,26,26,0,0,0.0,0.0
BQ.1.5,1371852,289,289,289,289,289,0,0,0.0,0.0
BQ.1.6,1344764,149,149,149,149,149,0,0,0.0,0.0
BQ.1.7,1373002,21,21,21,21,21,0,0,0.0,0.0
BQ.1.8,1371013,690,690,689,690,689,0,0,0.0,0.0
BQ.1.8.1,1407705,4,4,4,4,4,0,0,0.0,0.0
BQ.1.8.2,1370432,158,158,158,158,158,0,0,0.0,0.0
BQ.1.9,1368772,12,12,12,12,12,0,0,0.0,0.0
BQ.2,1363938,20,20,20,20,20,0,0,0.0,0.0
BR.1,1357436,45,45,45,45,45,0,0,0.0,0.0
BR.1.2,1376320,30,30,30,30,30,0,0,0.0,0.0
BR.2.1,1403615,79,79,79,79,79,0,0,0.0,0.0
BR.4,1404954,1,1,1,1,1,0,0,0.0,0.0
BR.5,1405391,4,4,4,4,4,0,0,0.0,0.0
BT.1,1265859,25,25,25,25,25,0,0,0.0,0.0
BT.2,1295004,35,35,35,35,35,0,0,0.0,0.0
BU.1,1346330,93,93,93,93,93,0,0,0.0,0.0
BU.2,1345461,21,21,21,21,21,0,0,0.0,0.0
BU.3,1400305,10,10,10,10,10,0,0,0.0,0.0
BV.1,1339707,14,14,14,14,14,0,0,0.0,0.0
BV.2,1370191,10,6,6,6,6,4,4,0.4,0.4
BW.1,1388825,13,13,13,13,13,0,0,0.0,0.0
BW.1.1,1393948,29,29,29,29,29,0,0,0.0,0.0
BW.1.1.1,1408039,11,11,11,11,11,0,0,0.0,0.0
BW.1.1.2,1421996,3,3,3,3,3,0,0,0.0,0.0
BY.1,1350196,71,67,67,71,71,4,0,0.056338028169014086,0.0
BY.1.2,1385001,14,14,14,14,14,0,0,0.0,0.0
BY.1.2.1,1385777,1,1,1,1,1,0,0,0.0,0.0
BZ.2,1339421,21,21,21,21,21,0,0,0.0,0.0
C.1,19928,5,4,4,5,5,1,0,0.2,0.0
C.16,136550,12,12,12,12,12,0,0,0.0,0.0
C.17,36204,68,68,68,68,68,0,0,0.0,0.0
C.18,49224,3,3,3,3,3,0,0,0.0,0.0
C.2,23838,1,1,1,1,1,0,0,0.0,0.0
C.23,116349,18,18,18,18,18,0,0,0.0,0.0
C.26,16347,1,1,1,1,1,0,0,0.0,0.0
C.27,11297,37,37,37,37,37,0,0,0.0,0.0
C.28,15125,6,6,6,6,6,0,0,0.0,0.0
C.3,14874,101,101,101,101,101,0,0,0.0,0.0
C.30,24720,380,380,380,380,380,0,0,0.0,0.0
C.35,23142,148,148,148,148,148,0,0,0.0,0.0
C.36,4565,9,9,9,9,9,0,0,0.0,0.0
C.36.1,36096,11,11,11,11,11,0,0,0.0,0.0
C.36.3,182471,151,151,151,151,151,0,0,0.0,0.0
C.36.3.1,254510,5,5,5,5,5,0,0,0.0,0.0
C.37,238143,190,190,190,190,190,0,0,0.0,0.0
C.37.1,246644,6,5,5,5,5,1,1,0.16666666666666666,0.16666666666666666
CA.1,1370153,47,47,47,47,47,0,0,0.0,0.0
CA.2,1360914,3,1,1,1,1,2,2,0.6666666666666666,0.6666666666666666
CA.3,1357724,18,18,18,18,18,0,0,0.0,0.0
CA.3.1,1402185,12,12,12,12,12,0,0,0.0,0.0
CA.5,1386621,21,21,21,21,21,0,0,0.0,0.0
CA.7,1386804,69,69,69,69,69,0,0,0.0,0.0
CB.1,1356256,24,24,24,24,24,0,0,0.0,0.0
CC.1,1364062,1,1,1,1,1,0,0,0.0,0.0
CD.1,1338470,14,14,14,14,14,0,0,0.0,0.0
CD.2,1338959,29,29,29,29,29,0,0,0.0,0.0
CE.1,1362376,48,2,2,44,44,46,4,0.9583333333333334,0.08333333333333333
CF.1,1308544,24,24,24,24,24,0,0,0.0,0.0
CG.1,1335247,18,18,18,18,18,0,0,0.0,0.0
CH.1,1381528,3,3,3,3,3,0,0,0.0,0.0
CH.1.1,1393081,1453,1453,1453,1453,1453,0,0,0.0,0.0
CH.1.1.1,1401937,398,398,398,398,398,0,0,0.0,0.0
CH.1.1.10,1410579,54,52,52,52,52,2,2,0.037037037037037035,0.037037037037037035
CH.1.1.11,1400761,61,61,61,61,61,0,0,0.0,0.0
CH.1.1.13,1412896,106,106,106,106,106,0,0,0.0,0.0
CH.1.1.14,1408408,28,28,27,28,27,0,0,0.0,0.0
CH.1.1.15,1432038,4,4,4,4,4,0,0,0.0,0.0
CH.1.1.17,1432294,11,11,11,11,11,0,0,0.0,0.0
CH.1.1.19,1408984,190,189,189,190,190,1,0,0.005263157894736842,0.0
CH.1.1.2,1409613,247,247,247,247,247,0,0,0.0,0.0
CH.1.1.20,1432691,2,2,2,2,2,0,0,0.0,0.0
CH.1.1.23,1434677,4,4,4,4,4,0,0,0.0,0.0
CH.1.1.24,1406787,19,19,18,19,18,0,0,0.0,0.0
CH.1.1.25,1410722,21,21,21,21,21,0,0,0.0,0.0
CH.1.1.26,1422851,1,1,1,1,1,0,0,0.0,0.0
CH.1.1.27,1431489,5,5,5,5,5,0,0,0.0,0.0
CH.1.1.28,1409966,58,58,58,58,58,0,0,0.0,0.0
CH.1.1.3,1428883,15,15,15,15,15,0,0,0.0,0.0
CH.1.1.30,1432868,1,1,1,1,1,0,0,0.0,0.0
CH.1.1.5,1408641,30,30,30,30,30,0,0,0.0,0.0
CH.1.1.6,1413579,76,76,76,76,76,0,0,0.0,0.0
CH.1.1.7,1427813,3,3,3,3,3,0,0,0.0,0.0
CH.1.1.8,1419611,40,40,40,40,40,0,0,0.0,0.0
CH.1.1.9,1410400,62,62,62,62,62,0,0,0.0,0.0
CH.2,1369725,1,1,1,1,1,0,0,0.0,0.0
CH.3.1,1419375,1,1,1,1,1,0,0,0.0,0.0
CJ.1,1389778,1,1,1,1,1,0,0,0.0,0.0
CJ.1.1,1426796,6,6,6,6,6,0,0,0.0,0.0
CJ.1.2,1398680,26,26,26,26,26,0,0,0.0,0.0
CJ.1.3,1425986,6,6,6,6,6,0,0,0.0,0.0
CK.1,1359539,96,95,95,95,95,1,1,0.010416666666666666,0.010416666666666666
CK.1.2,1384344,4,4,4,4,4,0,0,0.0,0.0
CK.1.3,1390723,7,7,7,7,7,0,0,0.0,0.0
CK.1.4,1403177,20,20,20,20,20,0,0,0.0,0.0
CK.1.5,1386394,22,22,22,22,22,0,0,0.0,0.0
CK.2,1361515,39,25,25,25,25,14,14,0.358974358974359,0.358974358974359
CK.2.1,1366806,21,21,21,21,21,0,0,0.0,0.0
CK.2.1.1,1387990,92,92,92,92,92,0,0,0.0,0.0
CK.3,1400017,32,32,32,32,32,0,0,0.0,0.0
CL.1,1398969,57,57,57,57,57,0,0,0.0,0.0
CL.1.1,1408187,6,6,6,6,6,0,0,0.0,0.0
CL.1.2,1426638,1,1,1,1,1,0,0,0.0,0.0
CL.1.3,1414721,5,5,5,5,5,0,0,0.0,0.0
CM.1,1389392,2,2,2,2,2,0,0,0.0,0.0
CM.10,1429874,1,1,1,1,1,0,0,0.0,0.0
CM.2,1373995,72,72,72,72,72,0,0,0.0,0.0
CM.3,1375434,4,4,4,4,4,0,0,0.0,0.0
CM.4,1373989,18,18,17,18,17,0,0,0.0,0.0
CM.4.1,1402255,4,4,4,4,4,0,0,0.0,0.0
CM.5,1387163,5,5,5,5,5,0,0,0.0,0.0
CM.5.2,1401534,7,7,7,7,7,0,0,0.0,0.0
CM.6,1384109,1,1,1,1,1,0,0,0.0,0.0
CM.7.1,1427593,2,2,2,2,2,0,0,0.0,0.0
CM.8.1,1415454,19,19,19,19,19,0,0,0.0,0.0
CM.9,1389047,1,1,1,1,1,0,0,0.0,0.0
CN.1,1363343,60,60,60,60,60,0,0,0.0,0.0
CN.2,1369021,81,81,81,81,81,0,0,0.0,0.0
CP.1,1351819,54,51,51,51,51,3,3,0.05555555555555555,0.05555555555555555
CP.1.1,1353564,20,20,20,20,20,0,0,0.0,0.0
CP.1.2,1390740,6,6,6,6,6,0,0,0.0,0.0
CP.1.3,1388909,7,7,7,7,7,0,0,0.0,0.0
CP.2,1402448,4,4,4,4,4,0,0,0.0,0.0
CP.3,1423642,3,2,2,2,2,1,1,0.3333333333333333,0.3333333333333333
CP.5,1403066,11,8,8,8,8,3,3,0.2727272727272727,0.2727272727272727
CP.6,1404382,4,4,4,4,4,0,0,0.0,0.0
CP.8,1395638,9,8,8,8,8,1,1,0.1111111111111111,0.1111111111111111
CQ.1,1377680,28,28,28,28,28,0,0,0.0,0.0
CQ.1.1,1371171,26,26,26,26,26,0,0,0.0,0.0
CQ.2,1402729,39,39,39,39,39,0,0,0.0,0.0
CR.1,1387270,39,25,25,25,25,14,14,0.358974358974359,0.358974358974359
CR.1.1,1396487,14,14,14,14,14,0,0,0.0,0.0
CR.2,1361132,10,10,10,10,10,0,0,0.0,0.0
CS.1,1382450,3,3,3,3,3,0,0,0.0,0.0
CT.1,1366917,4,4,4,4,4,0,0,0.0,0.0
CV.1,1392594,35,35,35,35,35,0,0,0.0,0.0
CW.1,1393980,4,4,4,4,4,0,0,0.0,0.0
CY.1,1399220,4,4,4,4,4,0,0,0.0,0.0
CZ.1,1388179,1,1,1,1,1,0,0,0.0,0.0
CZ.2,1402191,8,7,7,8,8,1,0,0.125,0.0
D.2,14219,8336,8336,8336,8336,8336,0,0,0.0,0.0
D.3,17320,133,133,133,133,133,0,0,0.0,0.0
DA.1,1356199,2,2,2,2,2,0,0,0.0,0.0
DB.1,1402730,4,4,4,4,4,0,0,0.0,0.0
DB.2,1398157,3,3,3,3,3,0,0,0.0,0.0
DC.1,1345806,16,15,15,15,15,1,1,0.0625,0.0625
DE.1,1267547,45,45,45,45,45,0,0,0.0,0.0
DE.2,1407068,1,1,1,1,1,0,0,0.0,0.0
DF.1,1370414,59,59,59,59,59,0,0,0.0,0.0
DF.1.1,1399107,26,26,26,26,26,0,0,0.0,0.0
DG.1,1402748,9,9,9,9,9,0,0,0.0,0.0
DJ.1,1319259,1,1,1,1,1,0,0,0.0,0.0
DK.1,1405174,33,33,33,33,33,0,0,0.0,0.0
DN.1,1393391,74,74,74,74,74,0,0,0.0,0.0
DN.1.1,1398762,122,122,122,122,122,0,0,0.0,0.0
DN.1.1.1,1429611,5,5,5,5,5,0,0,0.0,0.0
DN.1.1.2,1418539,6,6,6,6,6,0,0,0.0,0.0
DN.1.1.3,1410395,33,33,33,33,33,0,0,0.0,0.0
DN.1.1.4,1425805,9,9,9,9,9,0,0,0.0,0.0
DN.2,1389508,181,181,181,181,181,0,0,0.0,0.0
DN.3,1415612,1,1,1,1,1,0,0,0.0,0.0
DP.1,1418430,10,10,10,10,10,0,0,0.0,0.0
DQ.1,1415073,3,3,3,3,3,0,0,0.0,0.0
DR.1,1398410,8,8,8,8,8,0,0,0.0,0.0
DR.2,1414637,7,7,7,7,7,0,0,0.0,0.0
DS.1,1429932,3,3,3,3,3,0,0,0.0,0.0
DS.2,1427697,1,1,1,1,1,0,0,0.0,0.0
DS.3,1414021,1,1,1,1,1,0,0,0.0,0.0
DT.1,1416166,22,22,22,22,22,0,0,0.0,0.0
DT.2,1427989,14,14,14,14,14,0,0,0.0,0.0
DT.3,1429070,1,1,1,1,1,0,0,0.0,0.0
DU.1,1415082,135,135,135,135,135,0,0,0.0,0.0
DV.1,1419647,11,9,9,11,11,2,0,0.18181818181818182,0.0
DV.1.1,1420892,61,60,60,60,60,1,1,0.01639344262295082,0.01639344262295082
DV.2,1416462,44,44,44,44,44,0,0,0.0,0.0
DV.3,1410318,128,128,128,128,128,0,0,0.0,0.0
DV.3.1,1410813,28,28,28,28,28,0,0,0.0,0.0
DV.4,1433716,2,2,2,2,2,0,0,0.0,0.0
DV.5,1426794,9,9,9,9,9,0,0,0.0,0.0
DV.6,1409809,519,510,510,519,519,9,0,0.017341040462427744,0.0
DV.7,1435750,5,5,5,5,5,0,0,0.0,0.0
DW.1,1422280,1,1,1,1,1,0,0,0.0,0.0
DY.1,1421160,1,1,1,1,1,0,0,0.0,0.0
DY.2,1421846,4,4,4,4,4,0,0,0.0,0.0
DY.4,1423490,1,1,1,1,1,0,0,0.0,0.0
EA.1,1430925,8,8,8,8,8,0,0,0.0,0.0
EB.1,1360411,28,27,27,28,28,1,0,0.03571428571428571,0.0
EC.1,1405919,66,66,66,66,66,0,0,0.0,0.0
EC.1.1,1415977,44,44,44,44,44,0,0,0.0,0.0
ED.2,1385981,54,54,54,54,54,0,0,0.0,0.0
ED.3,1408403,13,13,13,13,13,0,0,0.0,0.0
EE.1,1368538,51,51,51,51,51,0,0,0.0,0.0
EE.2,1406923,37,37,37,37,37,0,0,0.0,0.0
EE.3,1411524,2,1,1,1,1,1,1,0.5,0.5
EE.4,1433960,1,1,1,1,1,0,0,0.0,0.0
EE.5,1400949,22,22,22,22,22,0,0,0.0,0.0
EF.1,1399156,153,153,153,153,153,0,0,0.0,0.0
EF.1.1,1406021,142,142,142,142,142,0,0,0.0,0.0
EF.1.1.1,1429761,7,7,7,7,7,0,0,0.0,0.0
EF.1.2,1410373,16,16,16,16,16,0,0,0.0,0.0
EF.1.3,1427088,4,4,4,4,4,0,0,0.0,0.0
EF.2,1407197,157,157,157,157,157,0,0,0.0,0.0
EG.1,1426912,9,9,9,9,9,0,0,0.0,0.0
EG.1.3,1436702,1,1,1,1,1,0,0,0.0,0.0
EG.1.4,1435751,2,2,2,2,2,0,0,0.0,0.0
EG.3,1435218,1,1,1,1,1,0,0,0.0,0.0
EG.4,1434101,1,1,1,1,1,0,0,0.0,0.0
EH.1,1432544,2,2,2,2,2,0,0,0.0,0.0
EJ.1,1416995,5,5,5,5,5,0,0,0.0,0.0
EJ.2,1417469,9,9,9,9,9,0,0,0.0,0.0
EK.2,1433237,5,5,5,5,5,0,0,0.0,0.0
EK.2.1,1435455,1,1,1,1,1,0,0,0.0,0.0
EK.3,1436223,5,3,3,5,5,2,0,0.4,0.0
EM.1,1425829,57,57,57,57,57,0,0,0.0,0.0
EN.1,1424970,1,1,1,1,1,0,0,0.0,0.0
EQ.1,1380258,7,7,7,7,7,0,0,0.0,0.0
ER.1,1410959,30,30,30,30,30,0,0,0.0,0.0
ER.1.1,1416529,24,24,24,24,24,0,0,0.0,0.0
ET.1,1419656,34,34,34,34,34,0,0,0.0,0.0
EU.1.1,1435313,1,1,1,1,1,0,0,0.0,0.0
EV.1,1436564,1,1,1,1,1,0,0,0.0,0.0
EW.1,1427988,3,3,3,3,3,0,0,0.0,0.0
EW.2,1410927,21,21,21,21,21,0,0,0.0,0.0
EW.3,1432523,2,2,2,2,2,0,0,0.0,0.0
EY.1,1433968,3,3,3,3,3,0,0,0.0,0.0
EZ.1,1426791,17,17,17,17,17,0,0,0.0,0.0
FA.1,1429959,4,4,4,4,4,0,0,0.0,0.0
FB.1,1405981,1,1,1,1,1,0,0,0.0,0.0
FC.1,1416823,2,2,2,2,2,0,0,0.0,0.0
FD.1,1434169,10,10,10,10,10,0,0,0.0,0.0
FD.2,1423861,23,23,23,23,23,0,0,0.0,0.0
FD.3,1434975,1,1,1,1,1,0,0,0.0,0.0
FD.4,1422349,18,18,18,18,18,0,0,0.0,0.0
FD.4.1,1431961,1,1,1,1,1,0,0,0.0,0.0
FF.1,1412222,15,15,15,15,15,0,0,0.0,0.0
FG.1,1434465,1,1,1,1,1,0,0,0.0,0.0
FG.2,1431275,2,2,2,2,2,0,0,0.0,0.0
FG.3,1432220,3,3,3,3,3,0,0,0.0,0.0
FH.1,1428863,8,8,8,8,8,0,0,0.0,0.0
FJ.1,1414891,37,37,37,37,37,0,0,0.0,0.0
FK.1,1434676,1,1,1,1,1,0,0,0.0,0.0
FK.1.2,1432114,1,1,1,1,1,0,0,0.0,0.0
FL.1,1431862,9,9,9,9,9,0,0,0.0,0.0
FL.10,1433141,4,4,4,4,4,0,0,0.0,0.0
FL.13,1433185,8,8,8,8,8,0,0,0.0,0.0
FL.17,1436774,2,2,2,2,2,0,0,0.0,0.0
FL.18,1436453,3,3,3,3,3,0,0,0.0,0.0
FL.2,1433744,1,1,1,1,1,0,0,0.0,0.0
FL.23,1432682,2,2,2,2,2,0,0,0.0,0.0
FL.27,1428298,4,4,4,4,4,0,0,0.0,0.0
FL.3,1423830,69,69,69,69,69,0,0,0.0,0.0
FL.3.1,1431839,19,19,19,19,19,0,0,0.0,0.0
FL.3.2,1425054,22,22,22,22,22,0,0,0.0,0.0
FL.3.3,1433245,5,5,5,5,5,0,0,0.0,0.0
FL.3.4,1436794,4,4,4,4,4,0,0,0.0,0.0
FL.31,1431831,1,1,1,1,1,0,0,0.0,0.0
FL.4,1427979,6,6,6,6,6,0,0,0.0,0.0
FL.5,1431865,5,2,2,5,5,3,0,0.6,0.0
FM.1,1417154,17,17,17,17,17,0,0,0.0,0.0
FM.2,1432187,1,1,1,1,1,0,0,0.0,0.0
FT.3,1434113,1,1,1,1,1,0,0,0.0,0.0
FZ.1,1432738,9,9,9,9,9,0,0,0.0,0.0
FZ.2,1434714,1,1,1,1,1,0,0,0.0,0.0
G.1,32337,20,20,20,20,20,0,0,0.0,0.0
GA.1,1430507,1,1,1,1,1,0,0,0.0,0.0
GC.1,1433845,1,1,1,1,1,0,0,0.0,0.0
GC.2,1427610,10,10,10,10,10,0,0,0.0,0.0
GD.2,1425191,1,1,1,1,1,0,0,0.0,0.0
GP.1,1433729,4,4,4,4,4,0,0,0.0,0.0
GP.2,1409614,25,25,25,25,25,0,0,0.0,0.0
GP.3,1423632,19,19,19,19,19,0,0,0.0,0.0
HT.1,1429930,3,3,3,3,3,0,0,0.0,0.0
HT.2,1435397,1,1,1,1,1,0,0,0.0,0.0
K.3,31487,54,54,54,54,54,0,0,0.0,0.0
L.1,8810,1,1,1,1,1,0,0,0.0,0.0
L.4,28719,10,10,10,10,10,0,0,0.0,0.0
N.1,17556,14,11,11,14,14,3,0,0.21428571428571427,0.0
N.4,18656,2,2,2,2,2,0,0,0.0,0.0
P.1,172085,3000,3000,3000,3000,3000,0,0,0.0,0.0
P.1.1,207084,9,9,9,9,9,0,0,0.0,0.0
P.1.10,159121,548,548,548,548,548,0,0,0.0,0.0
P.1.12,284901,8,8,8,8,8,0,0,0.0,0.0
P.1.13,204576,149,99,99,99,99,50,50,0.33557046979865773,0.33557046979865773
P.1.14,156627,18,17,17,17,17,1,1,0.05555555555555555,0.05555555555555555
P.1.15,175292,45,45,45,45,45,0,0,0.0,0.0
P.1.16,233635,34,32,32,34,34,2,0,0.058823529411764705,0.0
P.1.17,159120,491,491,491,491,491,0,0,0.0,0.0
P.1.17.1,320161,1,1,1,1,1,0,0,0.0,0.0
P.1.2,180808,2,2,2,2,2,0,0,0.0,0.0
P.1.4,405842,1,1,1,1,1,0,0,0.0,0.0
P.1.7,286317,43,39,39,43,43,4,0,0.09302325581395349,0.0
P.1.7.1,336779,4,4,4,4,4,0,0,0.0,0.0
P.1.9,387408,1,1,1,1,1,0,0,0.0,0.0
P.2,144508,286,286,286,286,286,0,0,0.0,0.0
Q.1,191618,145,72,72,72,72,73,73,0.503448275862069,0.503448275862069
Q.2,260401,2,2,2,2,2,0,0,0.0,0.0
Q.3,93056,716,713,711,716,714,3,0,0.004189944134078212,0.0
Q.4,123674,325,319,319,325,325,6,0,0.018461538461538463,0.0
Q.7,236918,6,6,6,6,6,0,0,0.0,0.0
Q.8,235233,8,8,8,8,8,0,0,0.0,0.0
R.1,155424,839,839,839,839,839,0,0,0.0,0.0
R.2,82890,22,22,22,22,22,0,0,0.0,0.0
U.1,84884,54,54,54,54,54,0,0,0.0,0.0
U.3,178261,16,16,16,16,16,0,0,0.0,0.0
V.1,36575,16,16,16,16,16,0,0,0.0,0.0
V.2,55629,8,8,8,8,8,0,0,0.0,0.0
W.1,97893,5,5,5,5,5,0,0,0.0,0.0
W.2,34831,1,1,1,1,1,0,0,0.0,0.0
W.3,27470,114,114,114,114,114,0,0,0.0,0.0
W.4,27112,411,411,411,411,411,0,0,0.0,0.0
XA,122444,39,39,39,39,39,0,0,0.0,0.0
XAA,1183815,17,17,17,17,17,0,0,0.0,0.0
XAC,1241084,18,9,9,18,18,9,0,0.5,0.0
XAD,1108280,2,1,1,1,1,1,1,0.5,0.5
XAE,1118099,9,9,9,9,9,0,0,0.0,0.0
XAF,1314603,1,1,1,1,1,0,0,0.0,0.0
XAG,1248341,6,6,6,6,6,0,0,0.0,0.0
XAJ,1276376,18,18,18,18,18,0,0,0.0,0.0
XAL,1264107,3,3,3,3,3,0,0,0.0,0.0
XAM,1240312,21,21,21,21,21,0,0,0.0,0.0
XAN,1301399,7,7,7,7,7,0,0,0.0,0.0
XAP,1216836,20,20,20,20,20,0,0,0.0,0.0
XAS,1265115,77,77,77,77,77,0,0,0.0,0.0
XAU,1231548,8,8,8,8,8,0,0,0.0,0.0
XAV,1269391,13,13,13,13,13,0,0,0.0,0.0
XAZ,1285706,133,133,133,133,133,0,0,0.0,0.0
XB,223239,192,192,192,192,192,0,0,0.0,0.0
XBB,1396207,71,71,71,71,71,0,0,0.0,0.0
XBB.1,1396205,524,524,522,524,522,0,0,0.0,0.0
XBB.1.1,1423246,19,5,5,19,19,14,0,0.7368421052631579,0.0
XBB.1.11,1421186,2,1,1,2,2,1,0,0.5,0.0
XBB.1.13,1417460,7,6,6,7,7,1,0,0.14285714285714285,0.0
XBB.1.14,1405900,1,1,1,1,1,0,0,0.0,0.0
XBB.1.15,1409981,60,60,60,60,60,0,0,0.0,0.0
XBB.1.18,1419642,2,2,2,2,2,0,0,0.0,0.0
XBB.1.18.1,1434663,3,3,3,3,3,0,0,0.0,0.0
XBB.1.22.1,1433719,4,4,4,4,4,0,0,0.0,0.0
XBB.1.28,1420027,1,1,1,1,1,0,0,0.0,0.0
XBB.1.29,1428307,1,1,1,1,1,0,0,0.0,0.0
XBB.1.3,1421321,2,2,2,2,2,0,0,0.0,0.0
XBB.1.30,1409737,4,2,2,4,4,2,0,0.5,0.0
XBB.1.32,1418691,11,11,11,11,11,0,0,0.0,0.0
XBB.1.34,1435988,2,2,2,2,2,0,0,0.0,0.0
XBB.1.35,1413242,2,2,2,2,2,0,0,0.0,0.0
XBB.1.37,1397647,3,3,3,3,3,0,0,0.0,0.0
XBB.1.4,1411836,8,8,8,8,8,0,0,0.0,0.0
XBB.1.4.1,1420306,9,9,9,9,9,0,0,0.0,0.0
XBB.1.43,1408295,1,1,1,1,1,0,0,0.0,0.0
XBB.1.43.1,1431089,3,3,3,3,3,0,0,0.0,0.0
XBB.1.45,1407178,2,2,2,2,2,0,0,0.0,0.0
XBB.1.45.1,1435361,3,3,3,3,3,0,0,0.0,0.0
XBB.1.46,1420174,1,1,1,1,1,0,0,0.0,0.0
XBB.1.5,1416475,3338,3338,3338,3338,3338,0,0,0.0,0.0
XBB.1.5.1,1428698,41,38,38,41,41,3,0,0.07317073170731707,0.0
XBB.1.5.10,1429309,5,5,5,5,5,0,0,0.0,0.0
XBB.1.5.100,1435014,2,1,1,1,1,1,1,0.5,0.5
XBB.1.5.102,1432256,1,1,1,1,1,0,0,0.0,0.0
XBB.1.5.104,1434344,1,1,1,1,1,0,0,0.0,0.0
XBB.1.5.107,1427353,8,7,7,8,8,1,0,0.125,0.0
XBB.1.5.11,1425346,40,37,37,40,40,3,0,0.075,0.0
XBB.1.5.12,1433649,7,3,3,3,3,4,4,0.5714285714285714,0.5714285714285714
XBB.1.5.13,1417471,106,100,100,106,106,6,0,0.05660377358490566,0.0
XBB.1.5.14,1430855,4,4,4,4,4,0,0,0.0,0.0
XBB.1.5.15,1415602,89,89,89,89,89,0,0,0.0,0.0
XBB.1.5.16,1427986,40,40,40,40,40,0,0,0.0,0.0
XBB.1.5.17,1424843,64,63,63,64,64,1,0,0.015625,0.0
XBB.1.5.18,1417898,117,116,116,117,117,1,0,0.008547008547008548,0.0
XBB.1.5.19,1425379,35,35,35,35,35,0,0,0.0,0.0
XBB.1.5.2,1427930,10,4,4,8,8,6,2,0.6,0.2
XBB.1.5.20,1421863,64,64,64,64,64,0,0,0.0,0.0
XBB.1.5.21,1414442,46,46,46,46,46,0,0,0.0,0.0
XBB.1.5.23,1436324,3,3,3,3,3,0,0,0.0,0.0
XBB.1.5.24,1431853,23,23,23,23,23,0,0,0.0,0.0
XBB.1.5.25,1432202,27,21,21,27,27,6,0,0.2222222222222222,0.0
XBB.1.5.26,1428880,4,4,4,4,4,0,0,0.0,0.0
XBB.1.5.28,1434451,3,2,2,2,2,1,1,0.3333333333333333,0.3333333333333333
XBB.1.5.3,1426800,17,15,15,17,17,2,0,0.11764705882352941,0.0
XBB.1.5.30,1432527,14,12,12,14,14,2,0,0.14285714285714285,0.0
XBB.1.5.31,1414177,83,78,78,83,83,5,0,0.060240963855421686,0.0
XBB.1.5.32,1416318,69,69,69,69,69,0,0,0.0,0.0
XBB.1.5.33,1411654,40,40,40,40,40,0,0,0.0,0.0
XBB.1.5.34,1415075,14,14,14,14,14,0,0,0.0,0.0
XBB.1.5.35,1434158,4,4,4,4,4,0,0,0.0,0.0
XBB.1.5.36,1412072,12,12,12,12,12,0,0,0.0,0.0
XBB.1.5.37,1435029,2,1,1,1,1,1,1,0.5,0.5
XBB.1.5.38,1432782,3,3,3,3,3,0,0,0.0,0.0
XBB.1.5.39,1428968,4,4,4,4,4,0,0,0.0,0.0
XBB.1.5.4,1429240,22,19,19,20,20,3,2,0.13636363636363635,0.09090909090909091
XBB.1.5.40,1427709,1,1,1,1,1,0,0,0.0,0.0
XBB.1.5.41,1433658,2,2,2,2,2,0,0,0.0,0.0
XBB.1.5.43,1436573,2,2,2,2,2,0,0,0.0,0.0
XBB.1.5.46,1435536,5,5,5,5,5,0,0,0.0,0.0
XBB.1.5.47,1420592,39,13,13,17,17,26,22,0.6666666666666666,0.5641025641025641
XBB.1.5.48,1418695,42,42,42,42,42,0,0,0.0,0.0
XBB.1.5.49,1428876,13,13,13,13,13,0,0,0.0,0.0
XBB.1.5.5,1432301,7,6,6,6,6,1,1,0.14285714285714285,0.14285714285714285
XBB.1.5.51,1423742,23,23,23,23,23,0,0,0.0,0.0
XBB.1.5.52,1421797,50,50,50,50,50,0,0,0.0,0.0
XBB.1.5.55,1434127,20,18,18,20,20,2,0,0.1,0.0
XBB.1.5.56,1422088,4,4,4,4,4,0,0,0.0,0.0
XBB.1.5.57,1433243,5,5,5,5,5,0,0,0.0,0.0
XBB.1.5.59,1435395,2,1,1,1,1,1,1,0.5,0.5
XBB.1.5.6,1435553,7,5,5,7,7,2,0,0.2857142857142857,0.0
XBB.1.5.60,1432420,1,1,1,1,1,0,0,0.0,0.0
XBB.1.5.61,1429621,11,11,11,11,11,0,0,0.0,0.0
XBB.1.5.62,1436487,23,13,13,23,23,10,0,0.43478260869565216,0.0
XBB.1.5.63,1429937,5,4,4,5,5,1,0,0.2,0.0
XBB.1.5.64,1416638,3,3,3,3,3,0,0,0.0,0.0
XBB.1.5.65,1434654,6,5,5,6,6,1,0,0.16666666666666666,0.0
XBB.1.5.66,1429610,15,4,4,15,15,11,0,0.7333333333333333,0.0
XBB.1.5.67,1428058,25,24,24,25,25,1,0,0.04,0.0
XBB.1.5.69,1429954,11,11,11,11,11,0,0,0.0,0.0
XBB.1.5.7,1410645,224,224,224,224,224,0,0,0.0,0.0
XBB.1.5.73,1428110,3,1,1,3,3,2,0,0.6666666666666666,0.0
XBB.1.5.75,1430694,1,1,1,1,1,0,0,0.0,0.0
XBB.1.5.77,1428934,6,6,6,6,6,0,0,0.0,0.0
XBB.1.5.78,1434133,2,2,2,2,2,0,0,0.0,0.0
XBB.1.5.79,1430422,3,2,2,2,2,1,1,0.3333333333333333,0.3333333333333333
XBB.1.5.8,1427824,10,10,10,10,10,0,0,0.0,0.0
XBB.1.5.80,1429239,11,11,11,11,11,0,0,0.0,0.0
XBB.1.5.86,1432224,1,1,1,1,1,0,0,0.0,0.0
XBB.1.5.88,1428079,9,9,9,9,9,0,0,0.0,0.0
XBB.1.5.9,1427897,14,4,4,14,14,10,0,0.7142857142857143,0.0
XBB.1.5.90,1435078,3,3,3,3,3,0,0,0.0,0.0
XBB.1.5.91,1430871,4,3,3,4,4,1,0,0.25,0.0
XBB.1.5.93,1430054,1,1,1,1,1,0,0,0.0,0.0
XBB.1.5.95,1426206,28,28,28,28,28,0,0,0.0,0.0
XBB.1.5.96,1429403,16,8,8,8,8,8,8,0.5,0.5
XBB.1.5.97,1425547,3,3,3,3,3,0,0,0.0,0.0
XBB.1.7,1413188,3,3,3,3,3,0,0,0.0,0.0
XBB.1.9,1410736,19,19,19,19,19,0,0,0.0,0.0
XBB.1.9.1,1427367,33,33,33,33,33,0,0,0.0,0.0
XBB.1.9.2,1434189,1,1,1,1,1,0,0,0.0,0.0
XBB.1.9.4,1430506,2,2,2,2,2,0,0,0.0,0.0
XBB.2,1396939,96,90,90,96,96,6,0,0.0625,0.0
XBB.2.1,1406071,12,12,12,12,12,0,0,0.0,0.0
XBB.2.10,1432733,4,4,4,4,4,0,0,0.0,0.0
XBB.2.11.1,1406753,18,18,18,18,18,0,0,0.0,0.0
XBB.2.2,1412385,6,6,6,6,6,0,0,0.0,0.0
XBB.2.4,1434117,4,3,3,3,3,1,1,0.25,0.25
XBB.2.5,1420329,33,30,30,30,30,3,3,0.09090909090909091,0.09090909090909091
XBB.2.6,1415685,23,23,23,23,23,0,0,0.0,0.0
XBB.2.7,1408065,5,5,5,5,5,0,0,0.0,0.0
XBB.2.8,1414708,16,15,15,15,15,1,1,0.0625,0.0625
XBB.3,1396940,28,28,28,28,28,0,0,0.0,0.0
XBB.3.1,1417268,5,5,5,5,5,0,0,0.0,0.0
XBB.3.2,1404204,10,10,10,10,10,0,0,0.0,0.0
XBB.3.5,1426528,2,2,2,2,2,0,0,0.0,0.0
XBB.4,1426112,2,2,2,2,2,0,0,0.0,0.0
XBB.6,1429636,2,2,2,2,2,0,0,0.0,0.0
XBB.6.1,1429511,9,9,9,9,9,0,0,0.0,0.0
XBB.8,1406931,8,8,8,8,8,0,0,0.0,0.0
XBB.9,1397704,2,2,2,2,2,0,0,0.0,0.0
XBD,1378208,30,30,30,30,30,0,0,0.0,0.0
XBE,1363926,65,65,65,65,65,0,0,0.0,0.0
XBF,1420385,124,124,124,124,124,0,0,0.0,0.0
XBF.1,1423477,2,2,2,2,2,0,0,0.0,0.0
XBF.10,1430244,1,1,1,1,1,0,0,0.0,0.0
XBF.2,1429629,4,2,2,4,4,2,0,0.5,0.0
XBF.3,1421734,22,22,22,22,22,0,0,0.0,0.0
XBF.4,1422993,22,22,22,22,22,0,0,0.0,0.0
XBF.5,1434371,1,1,1,1,1,0,0,0.0,0.0
XBF.6,1428692,2,2,2,2,2,0,0,0.0,0.0
XBF.7,1436711,3,3,3,3,3,0,0,0.0,0.0
XBF.9,1420370,4,4,4,4,4,0,0,0.0,0.0
XBG,1291970,25,25,25,25,25,0,0,0.0,0.0
XBH,1395926,2,2,2,2,2,0,0,0.0,0.0
XBK,1425824,6,6,6,6,6,0,0,0.0,0.0
XBK.1,1427883,1,1,1,1,1,0,0,0.0,0.0
XBM,1358392,10,10,10,10,10,0,0,0.0,0.0
XBQ,1422955,14,14,14,14,14,0,0,0.0,0.0
XBR,1420166,1,1,1,1,1,0,0,0.0,0.0
XC,414488,5,5,5,5,5,0,0,0.0,0.0
XE,965352,1116,1116,1116,1116,1116,0,0,0.0,0.0
XF,946761,16,16,16,16,16,0,0,0.0,0.0
XG,1083412,3,3,3,3,3,0,0,0.0,0.0
XH,1098084,2,2,2,2,2,0,0,0.0,0.0
XJ,966904,68,68,68,68,68,0,0,0.0,0.0
XL,1034619,64,64,64,64,64,0,0,0.0,0.0
XM,1003220,29,26,26,29,26,3,0,0.10344827586206896,0.0
XN,1061700,120,120,120,120,120,0,0,0.0,0.0
XP,1092789,45,45,45,45,45,0,0,0.0,0.0
XQ,1058654,55,55,55,55,55,0,0,0.0,0.0
XR,1148222,17,17,17,17,17,0,0,0.0,0.0
XS,1000242,17,17,9,17,9,0,0,0.0,0.0
XU,1243765,1,1,1,1,1,0,0,0.0,0.0
XW,1159411,32,32,32,32,32,0,0,0.0,0.0
XY,1187989,23,23,23,23,23,0,0,0.0,0.0
XZ,1163537,48,48,48,48,48,0,0,0.0,0.0
Y.1,55861,36,36,36,36,36,0,0,0.0,0.0
Z.1,30483,210,210,210,210,210,0,0,0.0,0.0
