root,root_pango,root_mutations,root_type,pango_samples,non_pango_samples,closest_recombinant,closest_recombinant_path_len,closest_recombinant_time,closest_recombinant_descendants,pango
1728703,XBS,3,R,19,{},1728703,0.0,0.0,{'XBS': 19},XBS
1868714,XDP,0,R,100,"{'XEB': 5, 'JN.1.4': 3}",1868714,0.0,0.0,"{'XDP': 62, 'XDP.1': 24, 'XDP.3': 13, 'XEB': 5, 'JN.1.4': 3, 'XDP.2': 1}",XDP
1874983,XDP,0,R,28,"{'JN.1.4': 2, 'XEB': 4}",1874983,0.0,0.0,"{'XDP': 18, 'XDP.1': 8, 'XEB': 4, 'JN.1.4': 2, 'XDP.3': 2}",XDP
1251095,XQ,1,R,58,"{'BA.2': 42, 'XR': 18, 'XAA': 22, 'XU': 1, 'XAM': 26, 'XAB': 3, 'XAG': 17}",1251095,0.0,0.0,"{'XQ': 58, 'BA.2': 42, 'XAM': 26, 'XAA': 22, 'XR': 18, 'XAG': 17, 'XAB': 3, 'XU': 1}",XQ
1834477,XCZ,3,R,6,{},1834477,0.0,0.0,"{'XCZ': 6, 'XBB.1.9': 1}",XCZ
1836320,XCL,1,R,22,{},1836320,0.0,0.0,{'XCL': 22},XCL
1218637,XL,1,R,67,{},1218637,0.0,0.0,{'XL': 67},XL
1117665,XG,3,I,159,{},1093814,3.0,5.781626762275096,"{'XG': 159, 'BA.2': 11}",XG
1705711,XBF,3,R,832,{},1705711,0.0,0.0,"{'XBF': 631, 'XBF.4': 65, 'XBF.3': 64, 'XBF.9': 13, 'XBF.7': 13, 'XBF.7.1': 12, 'XBF.6': 10, 'XBF.5': 8, 'XBF.2': 7, 'XBF.1': 4, 'XBF.1.1': 4, 'XBF.10': 1}",XBF
1766388,XCC,0,R,15,{},1766388,0.0,0.0,{'XCC': 15},XCC
1833066,XCP,0,R,40,{},1833066,0.0,0.0,{'XCP': 40},XCP
1462028,XAC,1,I,8,{},1448913,2.0,30.438817578507383,{'XAC': 19},XAC
1488108,XAC,2,I,9,{},1448913,2.0,71.97936568445812,{'XAC': 19},XAC
1448912,XAC,2,S,1,{},1448913,2.0,80.019366040293,{'XAC': 19},XAC
1478564,XAC,1,S,1,{},1448913,2.0,100.019366040293,{'XAC': 19},XAC
1406886,XAA,3,I,22,{},1251095,7.0,43.72445605230098,"{'XQ': 58, 'BA.2': 42, 'XAM': 26, 'XAA': 22, 'XR': 18, 'XAG': 17, 'XAB': 3, 'XU': 1}",XAA
1375030,XW,1,R,37,{'BA.2': 3},1375030,0.0,0.0,"{'XW': 37, 'BA.2': 3}",XW
1673437,XBB,15,R,112005,"{'BQ.1.1.13': 2, 'JN.1.1': 11, 'JN.3': 1, 'JN.18': 1, 'BA.2': 1}",1673437,0.0,0.0,{'too_many_to_classify': 112021},XBB
1740122,XBB.1,0,R,1,{},1740122,0.0,0.0,{'XBB.1': 1},XBB
1766388,XCC,0,R,15,{},1766388,0.0,0.0,{'XCC': 15},XBB
1719442,XBV,3,R,3,{},1719442,0.0,0.0,"{'XBV': 3, 'XBB.1': 1}",XBB
1741937,XBB.1,0,R,1,{},1741937,0.0,0.0,{'XBB.1': 1},XBB
1750864,XBB.1,1,R,4,{},1750864,0.0,0.0,{'XBB.1': 4},XBB
1764888,XBB.1.5,0,R,2,{},1764888,0.0,0.0,"{'XBB.1.5.49': 1, 'XBB.1.5': 1}",XBB
1752088,XBB.1.5,2,R,7,{},1752088,0.0,0.0,{'XBB.1.5': 7},XBB
1783943,XBB.1.5.16,0,R,4,{},1783943,0.0,0.0,{'XBB.1.5.16': 4},XBB
1787791,XBB.1.5,3,R,1,{},1787791,0.0,0.0,{'XBB.1.5': 1},XBB
1782627,XBB.1.5,2,R,2,{},1782627,0.0,0.0,{'XBB.1.5': 2},XBB
1796621,XBB.2.3,1,R,1,{},1796621,0.0,0.0,{'XBB.2.3': 1},XBB
1793239,XBB.1.5,3,R,5,{},1793239,0.0,0.0,{'XBB.1.5': 5},XBB
1804167,XBB.1,3,R,1,{},1804167,0.0,0.0,{'XBB.1': 1},XBB
1818894,XCE,2,R,1,{},1818894,0.0,0.0,{'XCE': 1},XBB
1829094,XBB.1.16.4,1,R,1,{},1829094,0.0,0.0,{'XBB.1.16.4': 1},XBB
1868714,XDP,0,R,105,{'JN.1.4': 3},1868714,0.0,0.0,"{'XDP': 62, 'XDP.1': 24, 'XDP.3': 13, 'XEB': 5, 'JN.1.4': 3, 'XDP.2': 1}",XBB
1874983,XDP,0,R,32,{'JN.1.4': 2},1874983,0.0,0.0,"{'XDP': 18, 'XDP.1': 8, 'XEB': 4, 'JN.1.4': 2, 'XDP.3': 2}",XBB
1727007,XBC.1.2.1,32,R,98,{},1727007,0.0,0.0,{'XBC.1.2.1': 98},XBC
1629518,XBM,1,R,21,{},1629518,0.0,0.0,{'XBM': 21},XBM
1253868,XN,1,S,141,{},-1,inf,inf,{},XN
1841699,XDF,6,S,1,{},1673437,12.0,481.5583239157871,{'too_many_to_classify': 112021},XDF
1848677,XCY,1,R,1,{},1848677,0.0,0.0,{'XCY': 1},XCY
1554790,XBG,2,R,31,{},1554790,0.0,0.0,{'XBG': 31},XBG
1814205,XBL,5,I,13,{},1673437,5.0,189.86832519249117,{'too_many_to_classify': 112021},XBL
1477814,XAM,3,I,26,{},1251095,7.0,27.72445605230098,"{'XQ': 58, 'BA.2': 42, 'XAM': 26, 'XAA': 22, 'XR': 18, 'XAG': 17, 'XAB': 3, 'XU': 1}",XAM
1380286,XZ,1,I,51,{},1133051,4.0,52.00000000030036,"{'BA.2': 218, 'XZ': 51, 'XAP': 21}",XZ
1518721,XAS,1,S,84,{},-1,inf,inf,{},XAS
1667113,XBD,0,R,46,{},1667113,0.0,0.0,{'XBD': 46},XBD
1129760,XE,4,I,1256,{},1073548,2.0,9.456943768367182,"{'XE': 1256, 'XH': 40, 'BA.2': 34}",XE
1891345,XDV.1,8,R,32,{},1891345,0.0,0.0,{'XDV.1': 32},XDV
242303,XB,2,I,202,{},242304,2.0,2.000888343900442e-10,"{'B.1': 224, 'XB': 202}",XB
1447906,XAP,1,I,17,{},1133051,3.0,50.44631670856768,"{'BA.2': 218, 'XZ': 51, 'XAP': 21}",XAP
1455454,XAP,1,S,4,{},1133051,4.0,98.00000000030036,"{'BA.2': 218, 'XZ': 51, 'XAP': 21}",XAP
1322988,XAE,2,R,10,{},1322988,0.0,0.0,{'XAE': 10},XAE
1489437,XU,13,S,1,{},1251095,7.0,113.72445605230098,"{'XQ': 58, 'BA.2': 42, 'XAM': 26, 'XAA': 22, 'XR': 18, 'XAG': 17, 'XAB': 3, 'XU': 1}",XU
1863208,XDA,4,R,105,{},1863208,0.0,0.0,"{'XDA': 97, 'XDA.1': 8}",XDA
1169967,XS,0,R,19,{},1169967,0.0,0.0,{'XS': 19},XS
1534989,XAJ,11,I,21,{},-1,inf,inf,{},XAJ
1729101,XBR,1,R,3,{},1729101,0.0,0.0,{'XBR': 3},XBR
1725053,XBK,1,I,178,{'CJ.1': 1},-1,inf,inf,{},XBK
1300637,XV,0,R,9,{},1300637,0.0,0.0,{'XV': 9},XV
1472899,XAU,1,S,9,{},-1,inf,inf,{},XAU
1485232,XAZ,0,R,212,{},1485232,0.0,0.0,{'XAZ': 212},XAZ
1668622,XBH,2,R,7,{},1668622,0.0,0.0,{'XBH': 7},XBH
1892436,XDY,2,R,3,{},1892436,0.0,0.0,{'XDY': 3},XDY
1814047,XDB,7,S,1,{},1673437,11.0,334.5583239157871,{'too_many_to_classify': 112021},XDB
1814888,XDB,2,S,12,{},1673437,11.0,337.5583239157871,{'too_many_to_classify': 112021},XDB
1733651,XBQ,1,I,36,{},-1,inf,inf,{},XBQ
1872109,XDD,0,R,112,{},1872109,0.0,0.0,"{'XDD': 68, 'XDD.1': 17, 'XDD.1.1': 17, 'XDD.1.1.1': 7, 'XDD.3': 2, 'XDD.2': 1}",XDD
1883456,XDR,0,R,6,{},1883456,0.0,0.0,{'XDR': 6},XDR
1500071,XAN,0,R,26,{},1500071,0.0,0.0,{'XAN': 26},XAN
1105581,XF,1,R,18,{},1105581,0.0,0.0,{'XF': 18},XF
1486589,XAG,4,I,17,{},1251095,7.0,44.03100322947853,"{'XQ': 58, 'BA.2': 42, 'XAM': 26, 'XAA': 22, 'XR': 18, 'XAG': 17, 'XAB': 3, 'XU': 1}",XAG
1788178,XBW,1,R,5,{},1788178,0.0,0.0,{'XBW': 5},XBW
1502277,XAL,2,I,14,{},1178986,4.0,70.75632969919752,"{'XM': 31, 'XAL': 14, 'BA.2': 7}",XAL
1623858,XBE,1,R,74,{},1623858,0.0,0.0,{'XBE': 74},XBE
1480504,XAB,1,I,3,{},1251095,7.0,42.0224917088583,"{'XQ': 58, 'BA.2': 42, 'XAM': 26, 'XAA': 22, 'XR': 18, 'XAG': 17, 'XAB': 3, 'XU': 1}",XAB
1841603,XCH,6,R,155,{},1841603,0.0,0.0,"{'XCH': 103, 'XCH.1': 52}",XCH
1711075,XBZ,4,S,165,{},1428716,16.0,265.0000007251249,{'too_many_to_classify': 244541},XBZ
1311512,XAD,1,R,2,{},1311512,0.0,0.0,{'XAD': 2},XAD
1818894,XCE,2,R,1,{},1818894,0.0,0.0,{'XCE': 1},XCE
1723586,XAY.2,17,R,371,{},1723586,0.0,0.0,"{'XAY.2.3': 127, 'XAY.2': 91, 'XAY.2.1': 81, 'XAY.2.2': 72}",XAY
1413955,XY,2,R,23,{},1413955,0.0,0.0,{'XY': 23},XY
1840333,XCT,3,R,57,{},1840333,0.0,0.0,"{'XCT.1': 32, 'XCT': 25}",XCT
1525011,XAV,3,S,13,{},1428716,7.0,106.00000072522494,{'too_many_to_classify': 244541},XAV
1825916,XCQ,1,R,8,{},1825916,0.0,0.0,{'XCQ': 8},XCQ
1821991,XCF,5,I,45,{},1767510,4.0,23.179691362711594,"{'XCF': 38, 'XBB.1.5': 6, 'XCF.3': 6, 'XCF.1': 1, 'XBB.1.5.66': 1}",XCF
1833719,XCR,2,R,84,{'XBB.1.5.70': 1},1833719,0.0,0.0,"{'XCR': 84, 'XBB.1.5.70': 1}",XCR
1361112,XR,4,I,18,{'BA.2': 1},1251095,4.0,21.724456052200935,"{'XQ': 58, 'BA.2': 42, 'XAM': 26, 'XAA': 22, 'XR': 18, 'XAG': 17, 'XAB': 3, 'XU': 1}",XR
132996,XA,0,R,39,{},132996,0.0,0.0,{'XA': 39},XA
1291412,XP,1,S,48,{},-1,inf,inf,{},XP
1719442,XBV,3,R,3,{},1719442,0.0,0.0,"{'XBV': 3, 'XBB.1': 1}",XBV
1133210,XJ,1,R,71,{'BA.2': 3},1133210,0.0,0.0,"{'XJ': 71, 'BA.2': 3}",XJ
1871605,XDK,0,R,84,{},1871605,0.0,0.0,"{'XDK': 47, 'XDK.1': 12, 'XDK.5': 9, 'XDK.4.1': 8, 'XDK.1.2': 4, 'XDK.3': 2, 'XDK.4': 2}",XDK
1073547,XH,3,S,40,{},1073548,1.0,8.0,"{'XE': 1256, 'XH': 40, 'BA.2': 34}",XH
1095085,XM,0,R,1,{'BA.1': 1},1095085,0.0,0.0,"{'XM': 1, 'BA.1': 1}",XM
1178986,XM,0,R,31,"{'BA.2': 7, 'XAL': 14}",1178986,0.0,0.0,"{'XM': 31, 'XAL': 14, 'BA.2': 7}",XM
1357484,XM,1,R,1,{},1357484,0.0,0.0,{'XM': 1},XM
468298,XC,1,I,5,{},463545,1.0,19.87688736609971,"{'XC': 5, 'B.1.617.2': 1}",XC
