quantity,p4,p3
events,1498,5365
passing_3seq,781,1961
passing_3seq_percent,52.1,36.6
clade_agreement,1327,4856
clade_agreement_percent,88.6,90.5
matching_events,682,906
matching_events_percent,45.5,16.9
matched_sc2ts_recombinants,677,887
ripples_only,821,4478
sc2ts_only,642,432
unmatched_events,816,4459
unmatched_parent_not_older,510,2631
unmatched_clade_agreement_over_4_mutations,185,713
x_lineage_events,30,64
x_lineages_in_events,26,48
x_equivalent_type_I_events,13,20
x_equivalent_type_II_events,3,3
