,root_pango,event_name,closest_recombinant_path_len,closest_recombinant_time,root_mutations,descendants
13,XAC,XAC,2.0,30.438817578507383,1,{'XAC': 8}
14,XAC,XAC,2.0,71.97936568445812,2,{'XAC': 9}
15,XAC,XAC,2.0,80.019366040293,2,{'XAC': 1}
16,XAC,XAC,2.0,100.019366040293,1,{'XAC': 1}
67,XAP,XAP/XZ,3.0,50.44631670856768,1,{'XAP': 17}
68,XAP,XAP/XZ,4.0,98.00000000030036,1,{'XAP': 4}
24,XZ,XAP/XZ,4.0,52.00000000030036,1,{'XZ': 51}
54,XB,XB,2.0,2.0008883439004419e-10,2,{'XB': 202}
7,XC,XC,1.0,19.87688736609971,1,{'XC': 5}
32,XCF,XCF,4.0,23.179691362711598,5,{'XCF': 45}
71,XDP,XDP/XEB1,0.0,0.0,0,"{'XDP': 100, 'XEB': 5, 'JN.1.4': 3}"
40,XEB,XDP/XEB1,2.0,53.33985693090156,2,{'XEB': 5}
72,XDP,XDP/XEB2,0.0,0.0,0,"{'XDP': 28, 'JN.1.4': 2, 'XEB': 4}"
41,XEB,XDP/XEB2,2.0,49.79030737404887,2,{'XEB': 4}
4,XE,XE/XH,2.0,9.456943768367182,4,{'XE': 1256}
17,XH,XE/XH,1.0,8.0,3,{'XH': 40}
2,XG,XG,3.0,5.781626762275096,3,{'XG': 159}
80,XAL,XM/XAL,4.0,70.75632969919752,2,{'XAL': 14}
37,XM,XM/XAL,0.0,0.0,0,"{'XM': 31, 'BA.2': 7, 'XAL': 14}"
75,XAA,XQ,7.0,43.72445605230098,3,{'XAA': 22}
1,XAB,XQ,7.0,42.0224917088583,1,{'XAB': 3}
50,XAG,XQ,7.0,44.03100322947853,4,{'XAG': 17}
33,XAM,XQ,7.0,27.72445605230098,3,{'XAM': 26}
28,XR,XQ,4.0,21.72445605220093,4,"{'XR': 18, 'BA.2': 1}"
56,XU,XQ,7.0,113.72445605230098,13,{'XU': 1}
